conjugated,infinitive
trended,trend
defecating,defecate
fueled,fuel
flouted,flout
descried,descry
exterminates,exterminate
preying,prey
tickles,tickle
woken,wake
oversewed,oversew
abraded,abrade
gaited,gait
bickered,bicker
overdoing,overdo
thorned,thorn
fuses,fuse
undergrew,undergrow
fitted,fit
sainted,saint
tells,tell
stings,sting
drank,drink
institutionalizing,institutionalize
emigrates,emigrate
candied,candy
hustling,hustle
trouncing,trounce
sets,set
quethe,queath
masqueraded,masquerade
resigning,resign
frostbitten,frostbite
slain,slay
shivered,shiver
despising,despise
standen,stand
journals,journal
unclothes,unclothe
disappoints,disappoint
delousing,delouse
zincked,zinc
kraaled,kraal
spreading,spread
susurrating,susurrate
partaking,partake
regularising,regularise
underachieved,underachieve
shoes,shoe
glosses,gloss
was,be
ionizes,ionize
forms,form
withstands,withstand
leet,let
shearing,shear
besaw,besee
foreknowing,foreknow
gaits,gait
spilled,spill
surplussing,surplus
dehumanized,dehumanize
clapped,clap
skiing,ski
misspelling,misspell
isolates,isolate
overcoming,overcome
shaving,shave
extorts,extort
misshaped,misshape
forsakes,forsake
underpaying,underpay
obtruding,obtrude
masquerades,masquerade
shone,shine
underdressing,underdress
smit,smite
trafficked,traffic
shrunk,shrink
disjoined,disjoin
rereading,reread
larked,lark
punishes,punish
losing,lose
encapsulated,encapsulate
digressed,digress
hounding,hound
unclothed,unclothe
barricadoes,barricado
besought,beseech
foredates,foredate
retrodden,retread
overdriven,overdrive
boos,boo
picturing,picture
bidden,bid
lays,lay
forbore,forbear
niched,niche
colligates,colligate
hitting,hit
proofreads,proofread
adzing,adze
overflies,overfly
reflexes,reflex
lighters,lighter
journalled,journal
bereft,bereave
shrove,shrive
despairing,despair
had,have
overspilled,overspill
apportioning,apportion
encrimsoned,encrimson
dissembling,dissemble
kneeling,kneel
bemires,bemire
whirring,whir
commiserated,commiserate
stolen,steal
overdrove,overdrive
psyches,psych
reexplaining,reexplain
throve,thrive
sinters,sinter
panicked,panic
chancing,chance
brittling,brittle
resettles,resettle
operating,operate
winning,win
disjoins,disjoin
ravages,ravage
redraws,redraw
bought,buy
wetted,wet
befalls,befall
sheared,shear
achromatises,achromatise
forswears,forswear
swung,swing
chastises,chastise
misunderstanding,misunderstand
rumbled,rumble
sinking,sink
clicking,click
uplifting,uplift
archived,archive
ridding,rid
bogieing,bogie
resells,resell
misgiven,misgive
outselling,outsell
shat,shite
understands,understand
hostaged,hostage
croquets,croquet
teared,tear
thirsting,thirst
riven,rive
broadcasts,broadcast
miskept,miskeep
staid,stay
pipelining,pipeline
dug,dig
rewriting,rewrite
acceding,accede
shoed,shoe
overgrows,overgrow
rended,rend
retelling,retell
misstated,misstate
growing,grow
writhing,writhe
argued,argue
durst,dare
refocused,refocus
slipped,slip
woven,weave
drawn,draw
baulked,baulk
costing,cost
shears,shear
inbred,inbreed
trammelled,trammel
bringing,bring
gussets,gusset
shopped,shop
seeking,seek
leaping,leap
vinifies,vinify
gargles,gargle
retreads,retread
cascading,cascade
stripped,strip
oversewn,oversew
vexes,vex
alit,alight
dappled,dapple
outlines,outline
eating,eat
clothed,clothe
interweaved,interweave
cleaves,cleave
restricted,restrict
might,may
quieting,quiet
exteriorizes,exteriorize
sneaks,sneak
forsook,forsake
absolving,absolve
stinks,stink
bets,bet
shaped,shape
disappointing,disappoint
dressing,dress
rephrased,rephrase
frozen,freeze
drizzled,drizzle
wreaking,wreak
argues,argue
quethen,queath
thrones,throne
browbeating,browbeat
photosensitizes,photosensitize
wound,wind
foregrounds,foreground
hosting,host
flickers,flicker
counterchanged,counterchange
hostages,hostage
snapping,snap
oystered,oyster
learned,learn
overslipt,overslip
strips,strip
busts,bust
rumpled,rumple
rebuilt,rebuild
overshook,overshake
devitalizes,devitalize
restricts,restrict
misdid,misdo
insures,insure
dreamed,dream
horselaughed,horselaugh
endangers,endanger
misdiagnoses,misdiagnose
petrolling,petrol
encroaching,encroach
terrorizing,terrorize
wept,weep
streaking,streak
overwritten,overwrite
racketeered,racketeer
saints,saint
lashes,lash
herded,herd
disgraces,disgrace
misreads,misread
twinkles,twinkle
cans,can
misheard,mishear
spellbinds,spellbind
overlapping,overlap
slipt,slip
overhanging,overhang
subcontracting,subcontract
sticking,stick
behaving,behave
intriguing,intrigue
bloated,bloat
spelled,spell
lustred,lustre
wauling,waul
headquartered,headquarter
forsaken,forsake
liquored,liquor
rewound,rewind
etches,etch
tiered,tier
burned,burn
neighbors,neighbor
yeasted,yeast
croqueting,croquet
sticks,stick
explicates,explicate
aviating,aviate
sleeps,sleep
wauls,waul
refuged,refuge
outdoes,outdo
taken,take
landscapes,landscape
countersank,countersink
bursten,burst
fruited,fruit
slitting,slit
bickering,bicker
wrought,work
misspoken,misspeak
brandishing,brandish
rebating,rebate
dives,dive
burnishes,burnish
underbore,underbear
regrown,regrow
encapsulating,encapsulate
honks,honk
blown,blow
overate,overeat
spurning,spurn
arose,arise
overdrawing,overdraw
tiring,tire
wreaken,wreak
journalling,journal
bushelling,bushel
reintroduces,reintroduce
overdrest,overdress
overlaying,overlay
refreshens,refreshen
breadboarded,breadboard
exterminating,exterminate
buncos,bunco
seen,see
redone,redo
laden,lade
refreshened,refreshen
worths,worth
extorted,extort
rotates,rotate
befell,befall
panicking,panic
splits,split
shapes,shape
oysters,oyster
shrived,shrive
rang,ring
undergone,undergo
unbending,unbend
shitten,shite
lashed,lash
boldfaced,boldface
racketeers,racketeer
reflexing,reflex
going,go
mowed,mow
chauffeured,chauffeur
dares,dare
boughten,buy
reeducated,reeducate
upheld,uphold
begetting,beget
swimming,swim
reeducating,reeducate
wilt,will
refurnished,refurnish
depressurized,depressurize
strewn,strew
lopen,leap
sliding,slide
yclept,clepe
environing,environ
overshooting,overshoot
readding,read
sintering,sinter
luged,luge
warring,war
overriding,override
mousetrapped,mousetrap
overslid,overslide
buckling,buckle
foreseen,foresee
hackneys,hackney
melts,melt
forbade,forbid
insults,insult
overdressed,overdress
withholden,withhold
igniting,ignite
factored,factor
bereaves,bereave
hadst,have
horselaughs,horselaugh
swims,swim
divagates,divagate
outstayed,outstay
officiating,officiate
drags,drag
zincks,zinc
buncoing,bunco
undershooting,undershoot
intrigued,intrigue
lacquering,lacquer
unloads,unload
underfeeding,underfeed
knuckles,knuckle
wobbling,wobble
acidulated,acidulate
undoes,undo
disenables,disenable
span,spin
chelates,chelate
sings,sing
stang,sting
taking,take
countersunk,countersink
traffics,traffic
drizzling,drizzle
reprinting,reprint
demobbing,demob
uncapping,uncap
disarticulates,disarticulate
thatching,thatch
stinking,stink
prologizing,prologize
forecasting,forecast
relaid,relay
funking,funk
brittles,brittle
readjusts,readjust
prevaricated,prevaricate
corresponded,correspond
learning,learn
humanized,humanize
misspending,misspend
operated,operate
sang,sing
sits,sit
loans,loan
deloused,delouse
foughten,fight
detailed,detail
chords,chord
shrinking,shrink
throning,throne
bred,breed
behaved,behave
surtaxes,surtax
inputted,input
glooming,gloom
insetting,inset
loaning,loan
narks,nark
tearing,tear
imposted,impost
thatched,thatch
dove,dive
deracinating,deracinate
countered,counter
fractioning,fraction
flying,fly
handwriting,handwrite
sanctions,sanction
arterialized,arterialize
awakes,awake
clapping,clap
grown,grow
arguing,argue
hilting,hilt
renovated,renovate
lighting,light
relining,reline
shew,show
countersinking,countersink
spoken,speak
beating,beat
delimited,delimit
busting,bust
kent,ken
reading,read
evangelizes,evangelize
forewent,forego
beginning,begin
divagating,divagate
lacquered,lacquer
overrode,override
leaped,leap
contrasts,contrast
drew,draw
puts,put
manacling,manacle
refocussed,refocus
emceeing,emcee
unloaded,unload
presets,preset
speeding,speed
knuckled,knuckle
margining,margin
prognosticating,prognosticate
arises,arise
written,write
browsing,browse
overfed,overfeed
analysed,analyse
decentralises,decentralise
girt,gird
chamfers,chamfer
strikes,strike
bending,bend
filtering,filter
overbears,overbear
misshaping,misshape
shops,shop
told,tell
delimiting,delimit
built,build
rising,rise
fissured,fissure
setting,set
disarticulated,disarticulate
outrunning,outrun
drives,drive
herding,herd
dwelled,dwell
dueled,duel
cutting,cut
contrasting,contrast
miskent,misken
prescribes,prescribe
predicts,predict
overridden,override
overhung,overhang
cannibalized,cannibalize
bushels,bushel
hiccoughing,hiccough
freezes,freeze
shriven,shrive
twisting,twist
bent,bend
leaned,lean
burns,burn
booing,boo
subletting,sublet
unyokes,unyoke
forgiven,forgive
terrorizes,terrorize
forbears,forbear
bushwhacks,bushwhack
shalt,shall
undertaken,undertake
undergirding,undergird
overtaking,overtake
befalling,befall
bushwhacking,bushwhack
complies,comply
notating,notate
drest,dress
counterchanges,counterchange
unlearned,unlearn
accustomed,accustom
unwound,unwind
proofreading,proofread
derates,derate
swoll,swell
surpluses,surplus
forspoke,forspeak
inlaying,inlay
undergoing,undergo
outgrowing,outgrow
resets,reset
fleeing,flee
clings,cling
accentuates,accentuate
smiting,smite
nauseates,nauseate
slobbers,slobber
would,will
interbred,interbreed
hits,hit
overcrowded,overcrowd
candies,candy
decentralizes,decentralize
kneeled,kneel
overspilt,overspill
rebooting,reboot
learnt,learn
sewn,sew
girding,gird
prepaying,prepay
axing,ax
lain,lie
nam,nim
dealing,deal
outsold,outsell
fissuring,fissure
koshers,kosher
inlays,inlay
hands,hand
smites,smite
undergot,underget
jolted,jolt
sambaing,samba
refurnishing,refurnish
headquarters,headquarter
trammels,trammel
hanging,hang
exuded,exude
overlies,overlie
lustres,lustre
brayed,bray
falling,fall
sways,sway
bloating,bloat
redid,redo
overspills,overspill
quantifying,quantify
befuddled,befuddle
misfed,misfeed
ate,eat
assents,assent
taught,teach
recasting,recast
outbids,outbid
canvassed,canvass
abided,abide
zincs,zinc
forgone,forgo
writhed,writhe
surtaxed,surtax
boycotts,boycott
overturns,overturn
journaled,journal
misspeaking,misspeak
corresponding,correspond
sunburned,sunburn
foregone,forego
fibrillating,fibrillate
sweeps,sweep
lazied,lazy
undertook,undertake
freezing,freeze
odorizes,odorize
overdid,overdo
spoke,speak
herds,herd
sloped,slope
ionized,ionize
saw,see
irrupts,irrupt
quiets,quiet
brainwashes,brainwash
discarded,discard
countering,counter
outdoing,outdo
miscasts,miscast
misused,misuse
slept,sleep
shat,shit
immigrated,immigrate
brined,brine
trending,trend
prognosticates,prognosticate
spilling,spill
brailles,braille
holden,hold
rankled,rankle
derating,derate
depicting,depict
departmentalizing,departmentalize
inbreeding,inbreed
heard,hear
humanizing,humanize
outlining,outline
overbidding,overbid
misspelled,misspell
yellowed,yellow
naysaid,naysay
partakes,partake
mousetraps,mousetrap
outbidden,outbid
convoking,convoke
cropping,crop
coped,cope
swayed,sway
pleading,plead
screamed,scream
simulcasted,simulcast
bears,bear
abides,abide
stringing,string
shrinks,shrink
stood,stand
declares,declare
deluded,delude
streaked,streak
spellbinding,spellbind
longed,long
redyes,redye
missent,missend
lynching,lynch
philandering,philander
retold,retell
meant,mean
imparting,impart
laths,lath
thrusting,thrust
shaken,shake
foreknows,foreknow
gooses,goose
selling,sell
spoiling,spoil
rent,rend
overbids,overbid
strided,stride
chastised,chastise
warred,war
captivating,captivate
detailing,detail
knelt,kneel
kens,ken
waylaid,waylay
coping,cope
bogies,bogie
underborne,underbear
lay,lie
larks,lark
palsying,palsy
were,be
odorizing,odorize
mizzled,mizzle
cuffing,cuff
smote,smite
bickers,bicker
mishearing,mishear
ingeminated,ingeminate
leaved,leave
tinseled,tinsel
blest,bless
luxuriated,luxuriate
pesters,pester
rending,rend
rankles,rankle
dueling,duel
aluminizing,aluminize
ingeminating,ingeminate
overshaken,overshake
immigrating,immigrate
ravaging,ravage
lidding,lid
brought,bring
chooses,choose
underdressed,underdress
streaks,streak
counters,counter
disesteems,disesteem
bearing,bear
prognosticated,prognosticate
outshined,outshine
said,say
countersinks,countersink
redying,redye
incited,incite
overbent,overbend
funked,funk
uplifted,uplift
deputises,deputise
margined,margin
daring,dare
wooed,woo
swindles,swindle
overbooked,overbook
worthing,worth
arisen,arise
inputs,input
bolsters,bolster
margins,margin
clocked,clock
idolizes,idolize
duels,duel
shedded,shed
embeds,embed
paupered,pauper
dwelt,dwell
strengthens,strengthen
hides,hide
sews,sew
being,be
bolstered,bolster
jamming,jam
waxed,wax
overdrives,overdrive
assumes,assume
factors,factor
exceeds,exceed
underpaid,underpay
swells,swell
wobbled,wobble
notates,notate
overbearing,overbear
lallygagging,lallygag
brining,brine
stampedes,stampede
slipping,slip
brainwashed,brainwash
teaching,teach
building,build
disbarred,disbar
disenabled,disenable
nicked,nick
won,win
beseen,besee
biding,bide
spells,spell
smashed,smash
rebuilded,rebuild
breads,bread
worthen,worth
outruns,outrun
wroken,wreak
scrams,scram
frostbites,frostbite
despairs,despair
craunching,craunch
palters,palter
pardons,pardon
outtold,outtell
forecasts,forecast
saith,say
reprints,reprint
elevated,elevate
reintroduced,reintroduce
misreading,misread
canst,can
birched,birch
reselling,resell
rumpling,rumple
pictured,picture
preys,prey
complots,complot
reformulates,reformulate
luges,luge
spoilt,spoil
demobs,demob
tenons,tenon
wreaks,wreak
antedating,antedate
dialogued,dialogue
speculating,speculate
crusted,crust
slackens,slacken
laded,lade
drug,drag
prepays,prepay
should,shall
brainwashing,brainwash
writes,write
prevaricating,prevaricate
crosscuts,crosscut
overdrawn,overdraw
gasconaded,gasconade
underbought,underbuy
broadcasted,broadcast
refuges,refuge
renovating,renovate
panelling,panel
rides,ride
razing,raze
slayed,slay
pistolling,pistol
manacled,manacle
etching,etch
lost,lose
outsung,outsing
pictures,picture
caulked,caulk
cartoons,cartoon
interbreeds,interbreed
miswedded,miswed
disgracing,disgrace
credited,credit
knits,knit
beshone,beshine
headquartering,headquarter
sells,sell
talked,talk
twists,twist
overgrowing,overgrow
mistreating,mistreat
willed,will
outdid,outdo
outdone,outdo
tires,tire
remade,remake
simulcasting,simulcast
referees,referee
leaps,leap
underlay,underlie
spreads,spread
understanding,understand
rewrote,rewrite
antedated,antedate
melting,melt
overdrew,overdraw
exacerbated,exacerbate
throwing,throw
socketed,socket
grinding,grind
relined,reline
reaffirming,reaffirm
rappeling,rappel
builds,build
wooing,woo
cushioned,cushion
thatches,thatch
contradicts,contradict
bolstering,bolster
fibrillates,fibrillate
unbinding,unbind
misgot,misget
gasconading,gasconade
shapen,shape
underdrawn,underdraw
wast,be
meeting,meet
shore,shear
isolating,isolate
polymerizing,polymerize
assented,assent
broughten,bring
axes,ax
mizzling,mizzle
winding,wind
inlaid,inlay
ravels,ravel
lallygags,lallygag
rebooted,reboot
hustles,hustle
interleaving,interleave
gotten,get
shrank,shrink
overdresses,overdress
overflew,overfly
exterminated,exterminate
says,say
grouping,group
overloading,overload
slides,slide
uncapped,uncap
accedes,accede
overdriving,overdrive
swum,swim
stridden,stride
overdrank,overdrink
overbuys,overbuy
barricadoing,barricado
drawing,draw
overcomes,overcome
slimes,slime
swears,swear
shaking,shake
dissuading,dissuade
bidded,bid
blenches,blench
molten,melt
undersigning,undersign
toyed,toy
falls,fall
befuddling,befuddle
alights,alight
wetting,wet
swept,sweep
swore,swear
misspells,misspell
screams,scream
koshering,kosher
mown,mow
moving,move
tired,tire
fostered,foster
reads,read
misdiagnosing,misdiagnose
keeping,keep
overshot,overshoot
contradicted,contradict
brast,burst
canvassing,canvass
undersigned,undersign
cashiering,cashier
obtrudes,obtrude
outgrew,outgrow
sanctioned,sanction
boomerangs,boomerang
proverbing,proverb
knew,know
cues,cue
deflates,deflate
catches,catch
fissures,fissure
girds,gird
militated,militate
ionizing,ionize
paltered,palter
ignited,ignite
speeded,speed
overfeeding,overfeed
undergirded,undergird
hears,hear
lustring,lustre
susurrates,susurrate
overstridden,overstride
forelaid,forelay
fighting,fight
instals,instal
strains,strain
unloading,unload
belabours,belabour
idolized,idolize
sprains,sprain
overshined,overshine
rankling,rankle
fixes,fix
breading,bread
thorning,thorn
discards,discard
factoring,factor
breaking,break
counterchanging,counterchange
mislearned,mislearn
forsaking,forsake
misunderstood,misunderstand
catnaps,catnap
drunken,drink
resigns,resign
cashiers,cashier
simulcasts,simulcast
miskenned,misken
installing,instal
demobbed,demob
hewn,hew
kidded,kid
wreaked,wreak
yeasts,yeast
backdropping,backdrop
speculates,speculate
barfs,barf
lashing,lash
oversleeps,oversleep
sawing,saw
sunburning,sunburn
archives,archive
leaching,leach
seeing,see
subordinated,subordinate
parallelled,parallel
underdrest,underdress
begun,begin
photosensitizing,photosensitize
strid,stride
outspends,outspend
repays,repay
sold,sell
beseeching,beseech
insets,inset
disjoining,disjoin
withstood,withstand
fundraises,fundraise
founden,find
hounded,hound
waylaying,waylay
strived,strive
refurnishes,refurnish
prescribed,prescribe
lipreading,lipread
fronts,front
cartooning,cartoon
aspersing,asperse
slumps,slump
triangulated,triangulate
overhearing,overhear
rumbles,rumble
bemired,bemire
chorded,chord
crosscutting,crosscut
quits,quit
steeplechased,steeplechase
cannibalizes,cannibalize
diffracting,diffract
graves,grave
smashing,smash
assuming,assume
smells,smell
bids,bid
decalling,decal
goosed,goose
is,be
surplussed,surplus
ignites,ignite
curtails,curtail
awoke,awake
recompenses,recompense
grinds,grind
fundraising,fundraise
garnished,garnish
vinifying,vinify
snapped,snap
refocussing,refocus
pistolled,pistol
misstating,misstate
righted,right
spun,spin
redeploys,redeploy
underwriting,underwrite
petrols,petrol
slitted,slit
gainsaid,gainsay
breadboards,breadboard
misbecame,misbecome
siloing,silo
backdrops,backdrop
abode,abide
vermilioned,vermilion
misspeaks,misspeak
journaling,journal
depicted,depict
fruiting,fruit
sows,sow
lit,light
donates,donate
overwrought,overwork
reissues,reissue
microfilmed,microfilm
underlain,underlie
browbeats,browbeat
loaned,loan
retrod,retread
lathing,lath
mistreats,mistreat
upsets,upset
benomen,benim
shooting,shoot
blackballing,blackball
slinks,slink
copes,cope
thinks,think
standing,stand
righting,right
landscaping,landscape
misspent,misspend
casts,cast
eaten,eat
invaliding,invalid
slumping,slump
overpaying,overpay
overblown,overblow
underlies,underlie
undertakes,undertake
unquotes,unquote
rives,rive
baptised,baptise
proverbed,proverb
prepaid,prepay
forgives,forgive
lets,let
pays,pay
blackballed,blackball
divagated,divagate
apportioned,apportion
unlearning,unlearn
hews,hew
dwells,dwell
nictitates,nictitate
came,come
apportions,apportion
unreeling,unreel
leaning,lean
reintroducing,reintroduce
became,become
tinkled,tinkle
vinified,vinify
anticking,antic
saken,sake
socketing,socket
has,have
bogied,bogie
creeps,creep
honking,honk
grounden,grind
swaying,sway
weeps,weep
undercuts,undercut
lisping,lisp
sent,send
operates,operate
didst,do
claps,clap
spoils,spoil
interwoven,interweave
isolated,isolate
shoeing,shoe
shot,shoot
decriminalizing,decriminalize
achromatised,achromatise
am,be
overborne,overbear
shopping,shop
misdealt,misdeal
reft,reave
lifeguarding,lifeguard
encroaches,encroach
exacerbates,exacerbate
forlaid,forlay
sinks,sink
hewed,hew
slips,slip
lent,lend
resettled,resettle
buckled,buckle
pistols,pistol
zincking,zinc
sintered,sinter
complotted,complot
surtaxing,surtax
slays,slay
masquerading,masquerade
buying,buy
beseeched,beseech
stampeding,stampede
deluding,delude
idling,idle
parallelling,parallel
sowed,sow
overhanged,overhang
handwritten,handwrite
knows,know
outsworn,outswear
bombarding,bombard
unbends,unbend
forbidding,forbid
rung,ring
impelled,impel
cascaded,cascade
overbuying,overbuy
underdresses,underdress
thrives,thrive
perforating,perforate
beats,beat
jesting,jest
overcrowds,overcrowd
adjures,adjure
behaves,behave
sook,sake
weaved,weave
deputised,deputise
calumniating,calumniate
oversleeping,oversleep
flung,fling
flies,fly
toenailed,toenail
vext,vex
talking,talk
brings,bring
strove,strive
graved,grave
squashed,squash
roved,rove
breadboarding,breadboard
or,queath
defecates,defecate
pinwheeled,pinwheel
forbad,forbid
enshrouding,enshroud
misbegot,misbeget
flings,fling
waxen,wax
kidding,kid
underwrites,underwrite
winded,wind
cranking,crank
mistaken,mistake
sainting,saint
sweeped,sweep
chamfered,chamfer
hackneying,hackney
wends,wend
overwrote,overwrite
stampeded,stampede
treading,tread
eradicated,eradicate
sowing,sow
plumbs,plumb
sliming,slime
installed,instal
baptises,baptise
continued,continue
shaves,shave
woos,woo
digs,dig
analysing,analyse
outstays,outstay
shrunken,shrink
reformulated,reformulate
waxes,wax
overheard,overhear
springs,spring
extorting,extort
clinging,cling
brandishes,brandish
comprises,comprise
mows,mow
teaches,teach
walking,walk
works,work
regrows,regrow
mischosen,mischoose
strides,stride
landscaped,landscape
pleaded,plead
rises,rise
grows,grow
slumped,slump
ingeminates,ingeminate
refocuses,refocus
overswung,overswing
went,go
knowing,know
clept,clepe
jests,jest
forswearing,forswear
catnapped,catnap
sockets,socket
trammeling,trammel
froze,freeze
bore,bear
misknown,misknow
elaborates,elaborate
sneaking,sneak
misdoes,misdo
interred,inter
rereads,reread
comes,come
thirsts,thirst
holds,hold
arising,arise
withsaid,withsay
strewed,strew
lisps,lisp
ordained,ordain
sawn,saw
hangs,hang
skived,skive
convoked,convoke
sambaed,samba
vitiates,vitiate
risen,rise
fibrillated,fibrillate
unbinds,unbind
reaving,reave
bound,bind
spurns,spurn
thorns,thorn
remunerated,remunerate
sunken,sink
axed,ax
overturning,overturn
forbids,forbid
mishears,mishear
cleped,clepe
flouting,flout
rags,rag
leaded,lead
been,go
neatens,neaten
couth,can
flickering,flicker
overworked,overwork
lidded,lid
overlay,overlie
outgrown,outgrow
comminuting,comminute
alighting,alight
sporing,spore
boldfaces,boldface
reeducates,reeducate
landed,land
rappelled,rappel
flied,fly
felt,feel
parching,parch
quirted,quirt
recasts,recast
redoing,redo
inbreeds,inbreed
goes,go
mistook,mistake
adzed,adze
leaves,leave
reaffirms,reaffirm
throned,throne
tenoning,tenon
found,find
irrupted,irrupt
art,be
commiserates,commiserate
overflying,overfly
microfilming,microfilm
begotten,beget
boomeranging,boomerang
remunerating,remunerate
dragging,drag
emcees,emcee
redrawing,redraw
cocoons,cocoon
stank,stink
dresses,dress
broadcasting,broadcast
decriminalizes,decriminalize
ragging,rag
fought,fight
underlaying,underlay
stayed,stay
upholds,uphold
overbooking,overbook
handwrit,handwrite
bespake,bespeak
longs,long
paupers,pauper
talks,talk
rids,rid
wrings,wring
buncoes,bunco
decentralized,decentralize
foredating,foredate
born,bear
nictitated,nictitate
proverbs,proverb
ingrafted,ingraft
drinks,drink
landing,land
canning,can
held,hold
interwove,interweave
paralleling,parallel
impels,impel
withheld,withhold
stricken,strike
lifeguards,lifeguard
feuded,feud
busheling,bushel
digged,dig
slung,sling
unyoked,unyoke
formed,form
misjudges,misjudge
misgotten,misget
militates,militate
laid,lay
endangered,endanger
rode,ride
hast,have
corresponds,correspond
misspoke,misspeak
reaves,reave
pestered,pester
hobbed,hob
dreams,dream
stomping,stomp
slits,slit
itemed,item
subcontracts,subcontract
wearing,wear
overhangs,overhang
misborne,misbear
underpinning,underpin
ordains,ordain
chamfering,chamfer
jammed,jam
evangelizing,evangelize
sworn,swear
lights,light
pyramided,pyramid
gasconades,gasconade
shutting,shut
dressed,dress
rewedded,rewed
clad,clothe
bides,bide
dialoguing,dialogue
wove,weave
trodden,tread
niching,niche
regularised,regularise
trafficking,traffic
strives,strive
writhes,writhe
lacquers,lacquer
diffracted,diffract
binding,bind
susurrated,susurrate
overwriting,overwrite
payed,pay
letting,let
exudes,exude
forgets,forget
tinselled,tinsel
overslidden,overslide
demobilizes,demobilize
withdrew,withdraw
incarnated,incarnate
immixed,immix
hosts,host
resold,resell
wrote,write
breaded,bread
incarnating,incarnate
interleaves,interleave
duelling,duel
smitten,smite
lazies,lazy
gussied,gussy
decentralised,decentralise
working,work
neighbored,neighbor
compromising,compromise
perforates,perforate
stole,steal
blowing,blow
commiserating,commiserate
wars,war
inciting,incite
imposts,impost
depressurizes,depressurize
bends,bend
dissembled,dissemble
sprung,spring
cockles,cockle
staining,stain
officiated,officiate
pestering,pester
creamed,cream
undershot,undershoot
catechizing,catechize
handwrote,handwrite
foresees,foresee
riving,rive
interring,inter
departmentalized,departmentalize
wins,win
rethinking,rethink
abrades,abrade
environed,environ
girded,gird
overrides,override
accentuated,accentuate
rumbling,rumble
keeps,keep
comminutes,comminute
misgives,misgive
staying,stay
overeaten,overeat
screaming,scream
overreached,overreach
choosing,choose
fits,fit
striding,stride
overseen,oversee
leans,lean
overslept,oversleep
extended,extend
strode,stride
bode,bide
relines,reline
unwinding,unwind
shitten,shit
shaven,shave
stomps,stomp
shielding,shield
ravelled,ravel
speaking,speak
eradicating,eradicate
smashes,smash
flinging,fling
raveled,ravel
wrung,wring
busted,bust
spilt,spill
gone,go
candying,candy
outshone,outshine
underbound,underbind
incites,incite
refereeing,referee
refreshening,refreshen
begot,beget
braked,brake
diving,dive
brandished,brandish
forbearing,forbear
barfed,barf
hiccoughs,hiccough
mayst,may
redrawn,redraw
booed,boo
clang,cling
rebuilds,rebuild
melted,melt
cranked,crank
underwent,undergo
acidulating,acidulate
chances,chance
stuck,stick
compressed,compress
shakes,shake
caulking,caulk
overshoots,overshoot
noticed,notice
parched,parch
presetting,preset
neighboring,neighbor
cuing,cue
misstates,misstate
mislearnt,mislearn
transformed,transform
rends,rend
palpitating,palpitate
invites,invite
recompensing,recompense
twinkled,twinkle
vitiating,vitiate
paupering,pauper
sweated,sweat
digressing,digress
outbidding,outbid
relays,relay
vitalizing,vitalize
tiering,tier
swungen,swing
thriving,thrive
filters,filter
panelled,panel
overlaid,overlay
nauseating,nauseate
leading,lead
began,begin
mistakes,mistake
reshooting,reshoot
squashing,squash
interlaid,interlay
approved,approve
compromised,compromise
toenailing,toenail
transforms,transform
blenched,blench
tiers,tier
wrang,wring
flees,flee
flickered,flicker
slobbered,slobber
catnapping,catnap
paralleled,parallel
ragged,rag
oversupplying,oversupply
gargling,gargle
calumniated,calumniate
clove,cleave
wafered,wafer
palsied,palsy
telling,tell
reorientating,reorientate
overreaching,overreach
ingrafts,ingraft
overturned,overturn
cinematizing,cinematize
overeating,overeat
misdone,misdo
sleeping,sleep
upholden,uphold
cinematized,cinematize
overcasts,overcast
waylays,waylay
barfing,barf
cannibalizing,cannibalize
curtailed,curtail
feuds,feud
overran,overrun
luxuriating,luxuriate
slitten,slit
lynches,lynch
understood,understand
goosing,goose
repaying,repay
undergoes,undergo
costed,cost
strung,string
surplused,surplus
wedding,wed
breeding,breed
coveting,covet
waked,wake
extemporised,extemporise
reaffirmed,reaffirm
loses,lose
decaled,decal
flew,fly
reaved,reave
belabouring,belabour
tickling,tickle
barricados,barricado
abidden,abide
hobs,hob
swinging,swing
swolten,swelt
bespoken,bespeak
parallels,parallel
snaps,snap
cushions,cushion
descries,descry
colligating,colligate
leaving,leave
preachifying,preachify
silos,silo
encroached,encroach
waxing,wax
unquoted,unquote
redyeing,redye
phones,phone
trod,tread
toenails,toenail
speeds,speed
dissuades,dissuade
slinked,slink
parches,parch
oversews,oversew
regrew,regrow
accentuating,accentuate
leads,lead
shines,shine
underdid,underdo
lope,leap
burnt,burn
phoned,phone
compresses,compress
withdrawing,withdraw
elevates,elevate
creams,cream
luxuriates,luxuriate
rived,rive
rings,ring
cashiered,cashier
blesses,bless
photosensitized,photosensitize
reprinted,reprint
creeping,creep
defecated,defecate
aspires,aspire
neatening,neaten
frills,frill
cocooned,cocoon
underdrew,underdraw
bombards,bombard
graven,grave
palsies,palsy
absolved,absolve
undresses,undress
emigrated,emigrate
liquors,liquor
kenned,ken
declaring,declare
aspiring,aspire
overcasting,overcast
foretold,foretell
oversupplied,oversupply
outlined,outline
retreading,retread
striking,strike
blowed,blow
nimmed,nim
gussies,gussy
accumulating,accumulate
analyses,analyse
institutionalized,institutionalize
unlearnt,unlearn
bounden,bind
psychs,psych
reboots,reboot
shitting,shit
outran,outrun
misspelt,misspell
reweds,rewed
insured,insure
hiccoughed,hiccough
steeplechasing,steeplechase
overbought,overbuy
thrusts,thrust
prided,pride
moved,move
calumniates,calumniate
outshines,outshine
clapt,clap
hiding,hide
skiving,skive
unclad,unclothe
thriven,thrive
undressing,undress
mislays,mislay
soothsaid,soothsay
burnished,burnish
items,item
yellowing,yellow
showing,show
got,get
treads,tread
razeed,raze
drave,drive
ritualized,ritualize
wending,wend
beholds,behold
wawling,wawl
grosses,gross
dared,dare
covets,covet
retaken,retake
continuing,continue
abrading,abrade
blew,blow
outswore,outswear
runs,run
crusts,crust
scrammed,scram
overloaded,overload
psyching,psych
accumulates,accumulate
bitten,bite
exteriorized,exteriorize
writhen,writhe
delimits,delimit
koshered,kosher
chording,chord
buzzes,buzz
mistaking,mistake
rephrases,rephrase
longing,long
predicting,predict
lisped,lisp
paid,pay
lipreads,lipread
kept,keep
blessed,bless
yellows,yellow
insuring,insure
acceded,accede
torn,tear
splitting,split
foreran,forerun
braking,brake
rethought,rethink
threw,throw
slopes,slope
invalids,invalid
doing,do
slang,sling
values,value
saws,saw
hurts,hurt
despises,despise
rewrites,rewrite
overcrowding,overcrowd
weds,wed
tears,tear
extends,extend
illuminated,illuminate
relaying,relay
redeployed,redeploy
fronting,front
polymerizes,polymerize
valued,value
emceed,emcee
fraternized,fraternize
boldfacing,boldface
overruns,overrun
readjusting,readjust
undressed,undress
adzes,adze
toying,toy
browbeaten,browbeat
frilling,frill
kenning,ken
made,make
fitting,fit
baulking,baulk
dappling,dapple
chose,choose
fused,fuse
wauled,waul
forming,form
forspoken,forspeak
strang,string
unreels,unreel
refocusses,refocus
been,be
boycotting,boycott
willing,will
bushwhacked,bushwhack
lends,lend
lying,lie
undergirds,undergird
broke,break
fights,fight
rights,right
militating,militate
nicking,nick
ringing,ring
driven,drive
ritualizing,ritualize
lands,land
decentralizing,decentralize
rerunning,rerun
transforming,transform
partook,partake
preyed,prey
spits,spit
exceeded,exceed
garnishing,garnish
frore,freeze
shoots,shoot
nomen,nim
beaches,beach
waking,wake
stripping,strip
chastising,chastise
builded,build
makes,make
descrying,descry
reruns,rerun
foredated,foredate
adjured,adjure
chelated,chelate
fosters,foster
gleed,glee
dreaming,dream
spitted,spit
prevaricates,prevaricate
overbuilding,overbuild
underpinned,underpin
ridded,rid
burnishing,burnish
lighted,light
whirs,whir
flown,fly
whirred,whir
gainsaying,gainsay
misbore,misbear
buzzing,buzz
slidden,slide
shedding,shed
benam,benim
overbuilt,overbuild
liquoring,liquor
tinselling,tinsel
shivers,shiver
sublets,sublet
learns,learn
vitiated,vitiate
depicts,depict
extemporises,extemporise
inviting,invite
strews,strew
despaired,despair
resettling,resettle
spent,spend
stays,stay
compels,compel
outthrown,outthrow
grossing,gross
wroke,wreak
beached,beach
breaks,break
overspilling,overspill
pistoled,pistol
graving,grave
benimmed,benim
overbuilds,overbuild
swearing,swear
sending,send
boycotted,boycott
slobbering,slobber
misshapen,misshape
marshaled,marshal
sought,seek
shivering,shiver
extrapolates,extrapolate
lathed,lath
valuing,value
extending,extend
re-proven,re-prove
sewed,sew
running,run
undergirt,undergird
chauffeuring,chauffeur
rebated,rebate
overdraws,overdraw
quirts,quirt
smelt,smell
frilled,frill
overlapped,overlap
emulsifying,emulsify
aluminizes,aluminize
winds,wind
rappeled,rappel
misdealing,misdeal
slackening,slacken
insetted,inset
canvasses,canvass
hung,hang
hounds,hound
underachieves,underachieve
ground,grind
cleft,cleave
reproofed,reproof
disenabling,disenable
complying,comply
underlaid,underlay
interweaving,interweave
cuffed,cuff
stomped,stomp
stinging,sting
betted,bet
plumbing,plumb
surplusing,surplus
finds,find
hurting,hurt
rotted,rot
stunk,stink
wedded,wed
spills,spill
inters,inter
shove,shave
restricting,restrict
rotated,rotate
thrown,throw
delouses,delouse
declared,declare
mizzles,mizzle
sanctioning,sanction
disbars,disbar
speculated,speculate
hostaging,hostage
sawed,saw
bleeding,bleed
adjuring,adjure
disappointed,disappoint
complied,comply
remaking,remake
misbegotten,misbeget
feuding,feud
breeds,breed
funks,funk
interbreeding,interbreed
bloats,bloat
walked,walk
backdropped,backdrop
punished,punish
convokes,convoke
laying,lay
strengthened,strengthen
lied,lie
blessing,bless
reorientated,reorientate
underlying,underlie
moves,move
swindling,swindle
crept,creep
ingrafting,ingraft
paying,pay
perforated,perforate
wakes,wake
departmentalizes,departmentalize
exuding,exude
vitalizes,vitalize
upsetting,upset
slunk,slink
fronted,front
reexplained,reexplain
shows,show
explicated,explicate
comminuted,comminute
outspending,outspend
sat,sit
jolting,jolt
stung,sting
archiving,archive
bided,bide
pots,pot
unlearns,unlearn
mislaying,mislay
undercutting,undercut
driving,drive
forlain,forelie
rebuilding,rebuild
flouts,flout
left,leave
overseeing,oversee
colligated,colligate
ritualizes,ritualize
resigned,resign
shining,shine
withdraws,withdraw
proves,prove
grossed,gross
trends,trend
squashes,squash
donating,donate
spends,spend
bushelled,bushel
clothes,clothe
striving,strive
rephrasing,rephrase
morseled,morsel
adopts,adopt
coming,come
slid,slide
drinking,drink
foresaw,foresee
defaming,defame
clung,cling
honked,honk
bidding,bid
unyoking,unyoke
palpitates,palpitate
retaking,retake
blows,blow
wringing,wring
glees,glee
compelling,compel
vermilioning,vermilion
rethinks,rethink
overlaps,overlap
tenoned,tenon
sown,sow
accustoms,accustom
shits,shit
boomeranged,boomerang
writ,write
jested,jest
foretells,foretell
shown,show
bleeds,bleed
foreknew,foreknow
sunburns,sunburn
devitalized,devitalize
deals,deal
fed,feed
deflated,deflate
contrasted,contrast
are,be
immixes,immix
gave,give
glooms,gloom
gloomed,gloom
kraals,kraal
insulting,insult
paneling,panel
rewritten,rewrite
struck,strike
sank,sink
overgrew,overgrow
acidulates,acidulate
environs,environ
misjudging,misjudge
spending,spend
tickled,tickle
panics,panic
saying,say
oystering,oyster
evangelized,evangelize
deracinated,deracinate
brailling,braille
snuck,sneak
foretelling,foretell
aspersed,asperse
sunk,sink
underbidding,underbid
forgiving,forgive
coiffed,coiffe
overbred,overbreed
notated,notate
canned,can
exteriorizing,exteriorize
fell,fall
ordaining,ordain
derated,derate
buckles,buckle
marshalling,marshal
lies,lie
holding,hold
fruits,fruit
undergrown,undergrow
making,make
demobilized,demobilize
craunches,craunch
fundraised,fundraise
overdrunk,overdrink
diffracts,diffract
gussying,gussy
riding,ride
benome,benim
vermilions,vermilion
forlay,forelie
terrorized,terrorize
accumulated,accumulate
suspected,suspect
niches,niche
compromises,compromise
spake,speak
morselled,morsel
worthed,worth
forgoing,forgo
overdoes,overdo
overbore,overbear
foregrounding,foreground
tore,tear
raveling,ravel
emulsifies,emulsify
asperses,asperse
handwrites,handwrite
drove,drive
shuts,shut
embedded,embed
spurned,spurn
cropen,creep
shope,shape
wouldst,will
gusseted,gusset
lynched,lynch
assumed,assume
overlying,overlie
fractioned,fraction
retook,retake
prologizes,prologize
binds,bind
cockling,cockle
overdone,overdo
adopting,adopt
endangering,endanger
abnegated,abnegate
beseeches,beseech
wets,wet
potting,pot
emigrating,emigrate
slew,slay
gusseting,gusset
swollen,swell
encrimsons,encrimson
bespeaking,bespeak
wills,will
sees,see
becoming,become
idles,idle
misgave,misgive
smelling,smell
feeling,feel
slinging,sling
compressing,compress
shit,shite
miswrote,miswrite
strings,string
mistreated,mistreat
repaid,repay
outthought,outthink
benumb,benim
hobbing,hob
fueling,fuel
misusing,misuse
ceasing,cease
frostbiting,frostbite
overcame,overcome
swang,swing
reflexed,reflex
larking,lark
swings,swing
outgrows,outgrow
striven,strive
clocking,clock
brittled,brittle
extrapolating,extrapolate
cleaving,cleave
uplifts,uplift
bites,bite
bidden,bide
throws,throw
foregrounded,foreground
doth,do
mischose,mischoose
reran,rerun
overhears,overhear
pinwheels,pinwheel
oversells,oversell
approves,approve
elaborated,elaborate
slackened,slacken
done,do
catechizes,catechize
neatened,neaten
tabularises,tabularise
undershoots,undershoot
tabularising,tabularise
aspired,aspire
busheled,bushel
abnegates,abnegate
fled,flee
did,do
skied,ski
ravelling,ravel
nicks,nick
misshapes,misshape
spinning,spin
racketeering,racketeer
imposting,impost
overbooks,overbook
underfeeds,underfeed
idled,idle
shod,shoe
deludes,delude
outthrew,outthrow
cuts,cut
reexplains,reexplain
barricadoed,barricado
interweaves,interweave
cushioning,cushion
bespoke,bespeak
deflating,deflate
quieted,quiet
grinded,grind
dived,dive
letten,let
sewing,sew
grouped,group
overfeeds,overfeed
lading,lade
sneaked,sneak
went,wend
overslipped,overslip
suspects,suspect
illuminating,illuminate
kneels,kneel
pled,plead
microfilms,microfilm
sloping,slope
shitted,shit
misled,mislead
wended,wend
creaming,cream
jams,jam
overshone,overshine
upsold,upsell
lightered,lighter
yeasting,yeast
paltering,palter
cued,cue
mislaid,mislay
unbent,unbend
singing,sing
stained,stain
gargled,gargle
getting,get
cloven,cleave
underbids,underbid
forgotten,forget
prides,pride
sambas,samba
shields,shield
devitalizing,devitalize
craunched,craunch
odorized,odorize
begat,beget
uncaps,uncap
overdressing,overdress
retells,retell
idolizing,idolize
razes,raze
overtaken,overtake
morseling,morsel
tinkling,tinkle
beheld,behold
subordinating,subordinate
etched,etch
pardoned,pardon
ridden,ride
swindled,swindle
twinkling,twinkle
drunk,drink
complotting,complot
thinking,think
misspends,misspend
betting,bet
brays,bray
contradicting,contradict
radiotelephoned,radiotelephone
ran,run
imparted,impart
woke,wake
lightering,lighter
radiotelephoning,radiotelephone
overreaches,overreach
burning,burn
coiffes,coiffe
sweats,sweat
reshot,reshoot
ravaged,ravage
overstrode,overstride
