name1,name2
Carlotta,Carrie
Kristy,Kristián
Jackin,Joost
Xoana,Hagop
Cesc,Patxi
Alea,Anina
Hinnerk,Shauna
Cyneburga,Amberly
Teasag,Yoann
Rajmund,Raginmund
Pavao,Nichol
Hinrik,Vinka
Anneliese,Izabelle
Emery,Harri
Katica,Nine
Masha,Marna
Cornelis,Gerhard
Gerolt,Gert
Marjan,Louane
Coby,Akiba
Sìneag,Jamey
Marcelo,Marciane
Paulos,Paulo
Shawna,Janusz
Kiarra,Cy
Jane,Antton
Joey,Coby
Ivane,Jami
Nikolao,Kasia
Anushka,Agnesa
Jaxx,Jonette
Xuan,Imre
Peggy,Mabelle
Margarit,Margaréta
Pista,Stipo
Jayna,Jaume
Seonag,Jaakob
Kajsa,Cayley
Elisheba,Eleanore
Aline,Carles
Rashaun,Harriet
Khrystyna,Chip
Corry,Nikolajs
Jeļena,Lenuța
Jonna,Yusef
Shayla,Mikkel
Katri,Paora
Hinrich,Joni
Madeleine,Lene
Mika,Nikolas
Charlene,Angelina
Sharla,Charleen
Keti,Mykhaylo
Janne,Kimo
Charlemagne,Angelino
Anthony,Jannette
Djuradj,Đurađa
Lalo,Dorean
Evelien,Cadi
Nicolae,Carlyn
Lauryn,Lau
Marzanna,Marisa
Imrich,Imrus
Karin,Mikhael
Keshaun,Jax
Sandi,Aleksandro
Mariya,Mirjana
Iain,Xosé
Mariusz,Marinos
Magali,Tilda
Ieuan,Antonie
Henriette,Honza
Johnathon,Genette
Lexi,Alasdair
Yohanes,Jákob
Daniele,Deiniol
Karolos,Niilo
János,Koby
Jannick,Henrietta
Jocelyn,Josslyn
Nikusha,Charline
Jowan,Iacob
Yancy,Iosifu
Herry,Ivica
Meical,Caryl
Fionnghuala,Fionnuala
Antonia,Yanka
Carolyn,Riny
Jóhannes,Bine
Kapel,Janele
Karoline,Nioclás
Akoni,Jeane
Séarlait,Angelica
Charleen,Michail
Deshawn,Rik
Cathrine,Kaiti
Antea,Iefan
Karlo,Miha
Aikaterine,Katrine
Marciane,Martzel
Eliza,Aliénor
Merilyn,Margriet
Carol,Évelyne
Sjeng,Janko
Iain,Sinéad
Marielle,Maja
Anissa,Annelien
Elizabete,Julitta
Séarlait,Mikuláš
Nelu,Emory
Katelijne,Nicolas
Jantje,Yakov
Katlyn,Kitty
Isabèl,Julen
Lorita,Leanora
Daniele,Danyal
Petur,Piera
Nikolaas,Gaioz
Hal,Emersyn
Catriona,Angelino
Jake,Jason
Evalyn,Pavli
Leni,Lizette
Catia,Kaja
Shan,Ivano
Mélina,Malinda
Isebella,Alžbeta
Tetty,Leni
Michael,Nicolet
Jacobo,Jem
Hanna,Anttoni
Caderina,Miklavž
Elsa,Julianna
Klasina,Nicolina
Raimonds,Rahel
Jowan,Rika
Evangelos,Carry
Evelynn,Evangeliya
Iulius,Julek
Clara,Claribel
Caryl,Niccolò
Johnathon,Lapo
Bryan,Bryant
Aleksandras,Heida
Genya,Diot
Yan,Posie
Klaus,Nine
Jessa,Hanke
Ty,Genya
Cokkie,Gerard
Charlee,Nicole
Katarzyna,Caitríona
Danijela,Danna
Hennie,Hatty
Jessie,Antoni
Klaes,Anghel
Yenny,Janet
Crescentia,Quique
Antica,Hovhannes
Teunis,Jeannot
Elisavet,Bess
Henna,Hendrik
Gianmarco,Janele
Alyson,Alys
Yago,Bine
Beileag,Xiana
Àngel,Neculai
Carolyn,Carel
Nicolaas,Paavo
Hynek,Jantine
Sinéad,Jayme
Lieke,Micky
Josefína,Joso
Jaxon,Jônatas
Jaakob,Keshaun
Danijel,Dannie
Mijo,Milanka
Sinjin,Malone
Jacoba,Janko
Lucilla,Luus
Cathryn,Kai
Yoann,Juozas
Andrei,Andrew
Lieselotte,Izabela
Anđelo,Cari
Alice,Alyce
Mieke,Marzanna
Ilinca,Lilli
Iwan,Ionathan
Jeppe,Hamish
Katelijn,Eveliina
Hettie,Shauna
Robert,Roopertti
Elinor,Eilish
Mikhail,Lino
Caj,Anielka
Marie-Laure,Marissa
Dāvis,Davidu
Abe,Ibrahim
Prissy,Sissie
Annuska,Senga
Isabel,Leni
Feliciano,Talisha
Krister,Kilikina
Constans,Koert
Pino,Johna
Maksymilian,Maxima
Hankin,Andoni
Niclas,Kasia
Tonina,Ionela
Carina,Kristofor
Jelka,Liss
Michelina,Angeliki
Liisi,Lilo
Joses,Ioana
Maryann,Madlenka
Jacques,Gui
Ilsa,Elen
Rik,Giannina
Davie,Taavet
Iosephus,Hankin
Mysie,Moira
Marielle,Meggy
Nelu,Marjo
Tonia,Jenný
Jankin,Genevra
Helene,Bözsi
Jackalyn,Ean
Ioann,Peppi
Christoph,Cáit
Jervis,Gervase
Yannis,Jože
Harrison,Kreszenz
Guglielmo,Iina
Shoshannah,Sawsan
József,Jennie
Jeanette,Japik
Joasia,Pepca
Ewelina,Mykhail
Chanan,Hagne
Zhannochka,Ghjuvanna
Juliusz,Sibéal
Lottie,Pavelu
Kalie,Séarlait
Eukene,Evgeny
Lianne,Juli
Grete,Marianna
Marissa,Mirjami
Aca,Aleka
Bridie,Britt
Alíz,Adella
Elian,Lis
Twm,Tamati
Antônia,Antoniya
Maleah,Richmal
Janice,Jóhanna
Caj,Gearalt
Katarína,Nikolajs
Marijus,Marian
Henryk,Joey
Antonella,Jantje
Jannah,Henny
Pali,Katalin
Katrin,Evangelina
Yancy,Ninette
Shevaun,Yannig
Iván,Žanna
Juha,Yanick
Carles,Ekaterini
Lorens,Émeric
Cornel,Coline
Katalinka,Lotta
Teemu,Nigul
Gwillym,Kuba
Channah,Arabella
Giannina,Ivana
Jekaterina,Séarlas
Rike,Emerson
Jane,Jemmy
Jozefa,Josep
Nettie,Jaakko
Stef,Estebe
Kine,Christmas
Nelda,Elli
Chas,Katrin
Janene,Ghjuvan
Johano,Iancu
Mihkkal,Miķelis
Seona,Andon
Catrine,Kathleen
Sjef,Jovanka
Hynek,Evan
Nelly,Izabel
Lilia,Elsabeth
Enrica,Van
Marijana,Marzena
Reinout,Reynaldo
Jacó,Vilhelmo
Salena,Marceli
Voirrey,Małgorzata
Anxo,Ilean
Mykhail,Nikol
Iohannes,Antal
Pierrette,Pier
Lissi,Tetty
Miguel,Meical
Marilynn,Ona
Katharina,Carlyn
Jēkabs,Xoán
Nickolaus,Pavlos
Mihaela,Cai
Evelyn,Karola
Catina,Claus
Ivo,Josepe
Iain,Xacobe
Ghjuvanna,Giuseppa
Frankie,Francis
Kaelee,Kailey
Ibb,Lilijana
Sender,Oles
Sascha,Alicja
Evie,Pauls
Jaxx,Ivo
Elixabete,Sabella
Baldo,Fyodor
Coby,Jae
Giuanne,Jette
Pali,Katharina
Jaynie,Giambattista
Margarit,Marged
Mara,Reenie
Myra,Malle
Käthe,Kari
Uilleam,Jakob
Rosella,Rosheen
Kae,Kester
Antonius,Shena
Ángel,Mikhael
Yana,Seòsaidh
Hovik,Toni
Alysha,Lesya
Nikica,Mitchell
Nicolaos,Nicoletta
Antonija,Ioanna
Carolien,Katyusha
Olavi,Uolevi
Renie,Rene
Rik,Vicente
Corneliu,Gus
Gyuri,Lagina
Hendrix,Jovica
Pól,Klaus
Tineke,Mykhaylo
Lovrenco,Lars
Peigi,Margherita
Suzie,Susanita
Katrín,Nicoline
Aingeal,Lino
Teasag,Hakob
Iacopo,Jovana
Lúcás,Lluc
Crescencia,Imrich
Jax,Ion
Nikusha,Katrien
Kailey,Kit
Rico,Laurențiu
Posie,Juhana
Sharlene,Paulene
Maruxa,Molly
Keanna,Aaliyah
Hemi,Jaagup
Zuan,Ton
Elea,Eleanora
Kuba,Hannele
Johan,Zhanna
Eleonoora,Elina
Anzhela,Mika
Lílian,Élise
Evelin,Aingeru
Yelysaveta,Heleentje
Jayma,Siobhán
Jaan,Ivan
Heinrike,Siana
Żaneta,Jožef
Claretta,Keara
Jamey,Gianis
Aline,Nickolas
Theudobald,Teodoro
Kapel,Iakob
Carine,Tottie
Jamison,Vilhelmi
Catrina,Mikkjal
Katrīna,Tottie
Alishia,Xandinho
Loren,Crescencia
Kaylynn,Cătălin
Kaisa,Pauls
Conner,Conchobhar
Kristie,Kistiñe
Vilis,Yankel
Jessie,Henriikka
Kristīne,Chrissy
Ilsa,Annabelle
Katinka,Paulo
Žanna,Jeanie
Jakes,Tajuana
Isa,Zabel
Yana,Jaquelyn
Jón,Gwenhwyfar
Katarin,Katrine
Laurentinus,Kendra
Inja,Cari
Sharla,Mikoláš
Bill,Jaime
Angelia,Kateryna
August,Agostino
Jehan,Jeane
Dita,Jodene
Jônatas,Jane
Katinka,Deangelo
Aelia,Elspeth
Dorthy,Feodora
Gian,Antono
Yosef,Yehochanan
Janez,Janetta
Aelia,Lilli
Ádhamh,Edita
Marieke,Marsaili
Juanne,Jessye
Imre,Netta
Siobhán,Sjeng
Eleni,Majda
Hal,Juhán
Villem,Willis
Tijan,Seppo
Nehemiah,Yahweh
Pála,Mikhailu
Elin,Leanora
Yahweh,Joanne
Sinéad,Giancarlo
Gianfranco,Jake
Ohannes,Jean-Marie
Janine,Jóska
Hannes,Yancy
Mikołaj,Myghal
Katja,Caryn
Lizbeth,Helena
Netan'el,Neizan
Cokkie,Nicolas
Catherine,Karly
Andre,Antero
Tosia,Johanneke
Eveliina,Michaël
Shona,Iohanna
Iosue,Xesús
Janez,Jožica
Mihammad,Haamid
Arrigo,América
Ludde,Luella
Nynke,Kasia
Katell,Angeliki
Katrīna,Katrijn
Teuvo,Toshe
Július,Julianna
Molly,Reetta
Xoán,Tola
Kristen,Tineke
Cassander,Cassandra
Charles,Nicolina
Theun,Tone
Niilo,Nioclás
Jovka,Johnathan
Merilyn,Mariona
Nell,Nelda
Jóhanna,Janeka
Elena,Elisheva
Alexandr,Aleida
Gianfranco,Lashawn
Elspeth,Elisabeth
Tatianna,Kirsteen
Ioses,Hann
Nicoline,Mihajlo
Yessica,Seoc
Collin,Evelina
Élise,Jillie
Kaiti,Keti
Katenka,Mihalis
Peppino,Josif
Mark,Marsaili
Harrison,Imrus
Antonije,Jenni
Jóhannes,Imriška
Reeta,Paaie
Kristopher,Hristofor
Riina,Cailyn
Zaharina,Zakhar
Mollie,Marla
Bettye,Julie
Stephania,Pista
Johna,Yoana
Tola,Johann
Johanneke,Seona
Dorothée,Theodorus
América,Lau
Zé,Jaan
Yusuf,Josef
Volha,Helgi
Pilib,Filib
Jenny,Netta
Filipp,Philippa
Inja,Kristoffer
Ionuț,Janella
Riina,Evelina
Ane,Henye
Jon,Antonio
Eveleen,Vangelija
Boghos,Cadi
Cathryn,Katrín
Anže,Ioseb
Alastríona,Aleksander
Janelle,Yosif
Karolína,Katya
Jez,Jerônimo
Imrich,Lars
Mikoláš,Carola
Kae,Risto
Janko,Gaynor
Miguela,Pol
Fiene,Jaxson
Ioane,Johnna
Erick,Erkki
Kaisa,Nienke
Maria,Marijan
Gia,Jenae
Iuliana,Eliška
Jakša,Iakob
Mikey,Sharla
Nes,Hania
Mária,Ana
Riika,Janessa
Aleksi,Alec
Yanka,Jean-Marc
Palle,Eveline
Urtė,Ditte
Fima,Eufêmia
Zsuzsi,Suzan
Jaycob,Hank
Michelina,Miško
Aleksanteri,Santa
Juanita,Vančo
Havva,Evelina
Jessi,Johnny
Pavlo,Kalena
Karoline,Karolyn
Maybelline,Amabel
Hennie,Heiner
Jem,Hans
Nikolche,Kornelia
Nastasia,Anastácia
Adán,Edīte
Vanya,Jen
Latonya,Antoni
Nettie,James
Lisbet,Iuliu
Rashaun,Ioannes
Anđela,Micky
Jaakob,Jannik
Gia,Jankin
Jackalyn,Joleen
Jiří,Jørgen
Daniele,Danel
Celina,Márcia
Jaye,Gia
Johannes,Jonatan
Polina,Miha
Gessica,Vanni
Giacomo,Giacoma
Yannic,Gianmarco
Kalena,Klaus
Jaimie,Jalen
Annalena,Pollyanna
Leonora,Heleena
Tottie,Paora
Yegor,Yorgos
Katriina,Kaye
Maryann,Mariyan
Micheil,Nigul
Nicolaos,Lino
Kati,Cari
Carine,Christie
Katarzyna,Šarlota
Paolina,Pasha
Kolos,Paulinha
Pablo,Keto
Grethe,Madge
Moreen,Maret
Pól,Micheil
Giovannetta,Yancy
Stina,Christoffer
Márcio,Salina
Michael,Carlitos
Nicolae,Evelynn
Niĉjo,Kora
Jonatan,Zuan
Marisa,Maija
Ettie,Jaxx
Janey,Tonka
Maurine,Marilou
Gabriela,Jabril
Pavla,Nicolette
Jet,May
Tijan,Kristijonas
Yulian,Lizette
Petr,Peeter
Cesc,Frančiška
Annag,Jagna
Jannicke,Jaime
Margherita,Maree
Genette,Jonatan
Heike,Evan
Julián,Lilli
Seòsaidh,Jeanine
Aleksej,Sandrine
Jonelle,Ionel
Iina,Jakes
Jakob,Honza
Teun,Shan
Jere,Geraldine
Margalit,Anabel
Shayla,Sheila
Iban,Antun
Luigina,Ludde
Józefa,Sheena
Ghjuvan,Żaklina
Fleurette,Flora
Annaig,Rosannah
Iakovu,Bevan
Winifrid,Alfredo
Alex,Alexei
Carina,Michalis
Konstantyn,Stijn
Hannele,Rosanna
Nelly,Ysabel
Jens,Chevonne
Lili,Micheal
Alease,Alyson
Ilean,Calleigh
Jens,Iwan
Lily,Izabelle
Lana,Heléna
Evi,Ieva
Katrijn,Ilene
Ugène,Yevgeniya
Felicjan,Feliu
Adrienn,Adrian
Enzo,Iancu
Marijona,Mhairi
Ian,Iván
Leanna,Mariyana
Yanka,Żaneta
Abe,Bert
Niina,Rebeccanne
Fredrick,Fritzi
Pavla,Avelina
Margaretta,Mariska
Pàula,Sharleen
Annabelle,Elly
Kendrick,Yanni
Žan,Jeane
Addie,Adél
Jaymes,Joanie
Bulus,Kiki
Micael,Paol
Avaline,Charles
Andjela,Mikhail
Stace,Anastazy
Andria,Andreea
Vicenç,Renza
Elzė,Annelies
Katrín,Catherina
Andrey,Endre
Josipa,József
Norina,Alžběta
Nigul,Ināra
Honorine,Eilionoir
Ode,Odo
Nicu,Katariina
Drika,Jana
Pau,Aikaterine
Marceline,Marciana
Dāvids,Davis
Jake,Jaylen
Iakopa,Oana
Carlyn,Micaela
Catriona,Totty
Toinette,Giuanna
Jannah,Ionel
Matild,Magdolna
Sean,Henrikki
Willie,Jelle
Bikendi,Vissente
Tayla,Nicoline
Bedros,Pierce
Katya,Sjarel
Anamaria,Miren
Katherina,Kārlis
Neculai,Eka
Joleen,Parry
Sári,Sarit
Anneka,Aniya
Jimmy,Shayne
Mick,Boulos
Johanna,Émeric
Katelijn,Katriina
Poghos,Ángel
Alastar,Sašo
Rebeccanne,Lysanne
Nicolette,Páll
Giuseppa,Joleen
Martyna,Martina
Lilija,Elisabete
Jorja,Gina
Caitrìona,Kajsa
Catherine,Shayla
Geronimo,Geraldine
Iina,Bine
Ellie,Ishbel
Kristaps,Kristi
Mikail,Michalis
Klaes,Katsiaryna
Katyusha,Cathy
Ileana,Isabella
Pauwel,Nicolò
Gabriël,Briella
Jojo,Ian
Kallie,Catriona
Janel,Posie
Nicola,Anxo
Yrian,Goga
Maureen,Maëlys
Jayma,Sinéad
Avaline,Pàulu
Jeannette,Xoán
Ágoston,Avguštin
Janine,Iago
Juliana,Beileag
Elísabet,Liesl
Jaylin,Żaneta
Nik,Mickey
Beppe,Juozapas
Ilsa,Elea
Paulette,Angelos
Lucius,Lucía
Iulianus,Julienne
Zuan,Jay
Kristian,Christian
Marlène,Myra
Pauletta,Ketevan
Nicolina,Mihaila
Alen,Olena
Amabilis,Peggy
Jami,Yakov
Marijeta,Reenie
Santeri,Kalisha
Vikentiy,Vince
Hemi,Jakob
Mars,My
Karolina,Pali
Henna,Nettie
Colin,Launo
Nonie,Eilionoir
Juhani,Giannis
Carolien,Katrin
Jana,Anson
Giannino,Harriette
Evaline,Nicole
Meghan,Maritta
Ean,Kapel
Gillian,Elixabete
Niccolò,Šarlota
Lynn,Lindy
Guenièvre,Juhani
Karly,Nicoleta
Caitlin,Klaos
Kathi,Kattalin
Angeline,Michał
Jóna,Sean
Margaid,Mariella
Jovka,Jehan
Nikola,Paavali
Senta,Enrique
Jacklyn,Jaap
Michalis,Katariina
Jeanna,Guenièvre
Nikša,Ángela
Cristóbal,Christabella
Ty,Tyrone
Kae,Aikaterine
Janetta,Xacobe
Fiene,Yossel
Joost,Gianni
Edmonde,Eadgar
Jannike,Antun
Josèphe,Jeanette
Teun,Jöns
Keshaun,Iacopo
Vana,Juana
Jacklyn,Juhani
Caren,Iina
Ríona,Katica
Gérard,Coline
Mari,Marion
Antonius,Yanna
Maryna,Mayme
Liddy,Ināra
Jescha,Ionel
Katyusha,Kaylynn
Sjang,Josie
Jonas,Seppel
Ángel,Àngel
Lourenço,Jet
Ieuan,Yakub
Tottie,Kalle
Mariele,Jorie
Yoan,Ioannis
Henryka,Hinrik
Joaninha,Jae
Carlie,Charlee
Mariette,My
Ioanna,Heinrike
Jensen,Heiko
Tonya,Jack
Nels,Cornelis
Iscah,Hannele
Koen,Konstantine
Jonny,Juhani
Angelos,Carola
Lilliana,Belle
Johannes,Žaklina
Maike,Mare
Adorján,Adria
Kobus,Janella
Alyson,Sándor
Sjarel,Pau
Henny,Bikendi
Mick,Evvie
Johann,Johanne
Jannette,Jacky
Anica,Panni
Marinos,Maija
Jo,Joey
Jurek,Đorđe
Liudvika,Lois
Józsi,Jeanna
Vanna,Jamison
Carola,Carlitos
Jonie,Imre
Vančo,Antonietta
Petur,Pierrick
Parry,Janusz
Addison,Adamo
Mora,Marlène
Mattias,Matas
Pavlína,Michi
Zuzana,Shoshannah
Nik,Pāvils
Jantine,Elián
Malia,Marie-Claude
Joschka,Shan
Anže,Yanis
Laurynas,Emerson
Mikko,Angyalka
Karolina,Colette
Kalle,Katharine
Janneke,Jayla
Johana,Jos
Herkus,Vincas
Mihael,Kateřina
Jonas,Yessica
Ekaterina,Caelie
Caleigh,Kaisa
Retha,Merilyn
Hinrich,Nana
Eliso,Eliisa
Irīna,Arina
Siân,Jannette
Ioana,Žaklina
Juanita,Giosetta
Ilse,Lisbet
Isebella,Júlia
Nicolau,Mickey
Maikel,Angelus
Kaley,Kati
Iulia,Eliza
Mairéad,Myriam
Henning,Chariovalda
Ewan,Deon
Nicolaos,Ànghela
Lisanne,Annalee
Luisinho,Lúðvík
Anđela,Kája
Mikala,Séarlas
Maret,Markéta
Lilias,Elīna
Enrica,Ivanna
Tyron,Evgeniy
Ella,Lissi
Jantje,Jozefina
Yakubu,Koba
Elīna,Nellie
Hekate,Krištof
Janette,Janetta
Giacoma,Minnie
Gheorghe,Georgios
Louisa,Luisinho
Petter,Gianpiero
Jeane,Jette
Katelijne,Kai
Vilhelm,Viljo
Jannette,Josèp
Estefanía,Esteve
Madelina,Lenka
Joey,Jindřich
Pavao,Ilean
Nela,Shaun
Julio,Jules
Pála,Riina
Kia,Christabella
Alejandro,Alis
Pàula,Michalis
Niklaus,Kornel
Akiba,Jowan
Majken,Marijan
Siwan,Juana
Col,Kateřina
Luanna,Anne-Laure
Jameson,Guglielmo
Johnna,Jaak
Gianis,Jetta
Alexia,Aleksey
Kalie,Catherina
Nikolas,Avice
Allissa,Alica
Nikolaos,Kaja
Jeanne,Iakobos
Katrīna,Evelien
Sinjin,Jolene
Michelyne,Maikel
Ekaterini,Miša
Kaiti,Mihkkal
Pauls,Pali
Lauryn,Harry
Otylia,Ottó
Ilona,Liesa
Keshawn,Antton
Ján,Iago
Angie,Evangelos
Angèle,Katya
Bulus,Charlene
Máirín,Marianne
Jana,Jakab
Milan,Bohumil
Jelica,Elēna
Čeněk,Lauritz
Jeb,Jaagup
Jules,Giulio
Claus,Mickey
Bogumiła,Miłosław
Annelise,Lillian
Hovik,Jacklyn
Paulus,Trijntje
Felicius,Felisa
Corine,Cokkie
Yakub,Hannele
Jani,Hovsep
Nikola,Mikhael
Jacki,Sioned
Jannik,Jaan
Eilís,Aleks
Évelyne,Avice
Mæja,Molle
Jaka,János
Gianna,Sjeng
Kamilla,Emely
Juhán,Giuseppa
Caitria,Kasia
Harris,Jehanne
Marge,Margalit
Mattias,Matěj
Jordà,Yardena
Neacel,Aline
Kristiina,Christina
Pauleen,Kája
Pauls,Carolina
Isibéal,Anna
Yoan,Hannele
Paweł,Andjela
Riny,Angelica
Tristan,Tristão
Jory,Gjergj
Elísabet,Ina
Marijse,Maricica
Pollie,Mererid
Marilena,Eli
Christophe,Ekaterini
Dmitrei,Demetra
Karola,Collin
Antono,Jean
Ecaterina,Lina
Alexus,Samppa
Nicholas,Kateri
Lapo,Ján
Jovana,Jožefa
Mikhael,Pali
Doncho,Vano
Tola,Ganix
Stipo,Stephania
Roslyn,Roz
Yehoshua,Josh
Benjámin,Benjamín
Jehan,Seona
Hynek,Laz
Charline,Charley
Jóhannes,Jacquelyn
Meagan,Mare
Lene,Madlyn
Micael,Paulína
Vanesa,Jóhannes
Jeļena,Lilien
Bella,Aeliana
Yoan,Jean-Marc
Annelies,Antje
Pål,Niels
Jessi,Joaninha
Roselle,Rohese
Yakup,Yehochanan
Mukhamed,Ehmet
Maike,Marjana
Katrien,Katenka
Paulo,Angelia
Evvie,Károly
Carlu,Kay
Amélie,Millicent
Teunis,Vanja
Ketevan,Mykhaylo
Katalinka,Mykhail
Katell,Katenka
Andoni,Janko
Coline,Mikhailu
Adéla,Alease
Jolene,Jannick
Jancsi,Yaakov
Carolina,Anghel
Davide,Dāvis
Minna,Jem
Jef,Ian
Maurine,Maricica
Isobel,Aenor
Carlitos,Paulína
Jannik,Iohanna
Tonina,Antonij
Élise,Eilidh
Veta,Liljana
Nicolina,Angelia
Kimo,Joãozinho
Maybelle,Gosia
Gaenor,Janella
Gianluigi,Gianfranco
Liesje,Julius
Jacomina,Yakup
Anabel,Ana
Cate,Christie
Kattalin,Katherina
Milly,Emelia
Caleigh,Kiki
Jaxson,Jeb
Haim,Ava
Lashawn,Gaynor
Jovica,Ioseph
Nikolaas,Mihailo
Nathalie,Natasha
Pavla,Katrín
Milana,Miłosław
Juha,Hankin
Imrus,Makenna
Pedru,Pierino
Ànghela,Miša
Cateline,Poghos
Lauro,Lori
Nino,Henrique
Jo,Antonette
Annag,Aali
Loukios,Lucette
Liesa,Lizzie
Jurriaan,Georgius
Sveta,Alen
Anna-Liisa,Marjan
Ness,Jani
Giacoma,Jayce
Angelia,Pavlina
Riny,Paweł
Micheline,Eveleen
Mitxel,Anděl
Margrét,Marsaili
Marin,Maurine
Alekos,Adelaida
Jannette,Tonči
Kathlyn,Kaarina
Huguette,Rhisiart
Cornelia,Kornel
Mariam,Amable
Bengt,Bettino
Iakovos,Janine
Janine,Ghjuvanni
Kathleen,Anđa
Jarrett,Corneille
Sydnie,Dennis
Jeanie,Janička
Henny,Janusz
Yoann,Jovana
Annabel,Marsaili
Shavonne,Sheena
Jože,Janelle
Elma,Koppel
Jacqui,Giovanni
Annabella,Liselott
Iacob,Seoc
Jakša,Jacob
Jovana,Yiannis
Anika,Anoushka
Yannig,Youcef
Karyn,Krištof
Nikolas,Ângelo
Antonij,Jensen
Nichol,Nicu
May,Anne
Wincenty,Indrek
Maarja,Margit
Stephanos,Steffen
Jakob,Żaklina
Tyreek,Ewan
Dominicus,Domen
Johnny,Yahweh
Ioses,Iban
Jimmy,Jannik
Józefina,Zhannochka
Mykola,Carlyn
Jorie,Maritza
Loris,Harry
Tilly,Til
Panna,Nensi
Yehochanan,Iosifu
Jaxson,Vanesa
Marise,Maralyn
Carles,Miško
Perry,Eanraig
Seppel,Josiane
Jokūbas,Ivka
Karolyn,Ekaterina
Jone,Ghjuvanni
Mare,Mirjami
Owen,Evgenij
Vira,Veera
Michaela,Cáit
Elsabeth,Julieta
Deshawn,Antoinette
Janel,Hattie
Pablo,Katrien
Mhairi,Margareta
Henny,Laurence
Kalie,Micheil
Ilean,Klasina
Georgi,Georgs
Antonello,Jenson
Claus,Corné
Paulinho,Karīna
Annelie,Agni
Lijsbeth,Eleonor
Antony,Yanick
Juliusz,Bethan
Jeanie,Janice
Lizzy,Jelena
Eléonore,Elisabeth
Jillie,Elle
Hettie,Giannino
Josefína,Gjon
Nicu,Caitríona
Carley,Kolya
Venyamin,Bendt
Mikula,Nikolett
Elian,Rashaun
Kathrine,Caryn
Teasag,Hannu
Jožef,Jenni
Liliya,Éliane
Micheal,Engel
Catarina,Cajsa
Júlia,Elisa
Caolán,Keelan
Kora,Nikolas
Reynold,Vérène
Antje,Agnete
Angelique,Mícheál
Caitlin,Catia
Jess,Jovka
Aleksi,Alessa
Jean,Kobe
Pyotr,Pieter
Alex,Ace
Quanna,Aaliyah
Neculai,Mikhael
Derrick,Derick
Jory,Jurian
Lysanne,Bettie
Karen,Katelin
Deangelo,Avice
John,Jessa
Hovhannes,Jan
Bettie,Lizette
Norene,Lílian
Magdaléna,Yelena
Angelien,Charlene
Ean,Hanke
Charleen,Ángel
Yancy,Harrietta
Petru,Pièrre
Nonie,Ilinca
Kenith,Imrus
Roseann,Ania
Pavli,Tina
Carlo,Paulette
Hanne,Jacklyn
Alexis,İskender
Ioan,Jovan
Marje,Madlenka
Austen,Agustí
Alexandrie,Sondra
Ste,István
Anželika,Miguel
Kathie,Kai
Anano,Agnija
Jockie,Jean-Paul
Kimo,Jehan
Johna,Ioseb
Yanko,Ivane
Noemi,Noemí
Antoinette,Juan
Siana,Hanne
Andrejs,Andris
Nicoletta,Meical
Ekaterine,Avis
Albrecht,Elbert
Coenraad,Cornélie
Vangel,Cátia
Johann,Hendrika
Yanka,Jock
Elaina,Leonora
Yenny,Jonna
Sandy,Heida
Siana,Jaylyn
Kristján,Hristina
Janice,Emmerich
Jacobine,Jemmy
Elisabed,Liane
Matteo,Matthijs
Verginius,Virginie
Vancho,Ganix
Chuck,Ángel
Katia,Mikheil
Angjelko,Colette
Kolos,Nixon
Adelina,Alina
Jehonathan,Janella
Žanna,Josepe
Radosława,Radka
Janez,Jenni
Hanna,Sioned
Vanessa,Janine
Akoni,Antonino
Xoana,Josipa
Joost,Ioannis
Ritchie,Riku
Siarl,Ângelo
Jannine,Seumas
Annett,Lian
Ania,Jannah
Caitria,Katrin
Rúben,Rubén
Anuki,Annelie
Hinrik,Kennet
Pauls,Nicolau
Geena,Radka
Jindra,Shayne
Vilhelmas,Mina
Nikolett,Niko
Ileen,Cari
Harriette,Jojo
Jacques,Jóhanna
Teasag,Jaye
Giuanne,Evan
Engel,Carina
Luísa,Luella
Ângelo,Avila
Jenessa,Jovana
Tinkara,Tiana
Garret,Mikoláš
Jeanette,Seònaid
Ivana,Amerigo
Toini,Antanas
Charlotte,Angelino
Michèle,Angela
Mikhailu,Paora
Pàulu,Kate
Mickey,Angelos
Anna,Annie
Annikki,Annabella
Hampus,Lashawn
Celinda,Cece
Kendrick,Jeana
Myriam,Marlies
Wöllem,Jacquette
Marianne,Jaana
Julianne,Lilianna
Ioana,Jaagup
Hereweald,Heinrich
Catriona,Karine
Alexandrie,Alexina
Yoni,Janusz
Ghjulia,Ellie
Pål,Michiel
Oľga,Olga
Sebastiano,Sevastian
Line,Katarine
Emersyn,Laryn
Žanna,Vanya
Hélène,Lilli
Coos,Siôn
Máire,Márjá
Andreia,Deandre
Ina,Ján
Jean-Paul,Jovana
Dorean,Dorin
Jonas,Antoniya
Christy,Kine
Kolos,Gerarda
Anita,Agneša
Jaakko,Ib
Kati,Misi
Jaakob,Juha
Els,Jelka
Lotta,Ecaterina
Maryana,Margarethe
Jamey,Johnnie
Màiri,Margriet
Karrie,Paula
Jacoba,Vilho
Jóannes,Tóni
Nikora,Evelin
Columbine,Cailean
Jane,Jaak
Lisha,Lyssa
Pali,Šarlota
Kristen,Christianus
Margery,Ona
Agnethe,Agnė
Toini,Juhani
Leanne,Ibb
Vyara,Verusha
Sheona,Yenifer
Britta,Gittan
Genevra,Giuanne
Henryk,Imrus
Nels,Sjarel
Antonella,Jehanne
Pavlina,Paulius
Kitti,Katrina
Vavrinec,Henriette
Nicola,Polina
Cammie,Kamilė
Kayley,Cat
Jone,Jemmy
Angelina,Paora
Nikos,Nicolás
Calum,Colombina
Arrigo,Enrica
Mette,Marike
Žaklina,Seoc
Pól,Angelita
Yannic,Janina
António,Jeanie
Kathleen,Miguela
Mikkel,Nic
Edmundo,Eadweard
Callie,Carry
Tayla,Kaelea
Leena,Madyson
Antonios,Siân
Japik,Jessalyn
Hovo,Yannic
Dominicus,Domnika
Botros,Peter
Jonelle,Antonio
Ionela,Ness
Marlène,Miren
Kyrie,Kiril
Toše,Fedir
Alastair,Alesia
Sabela,Elsje
Jesus,Iesous
Nichol,Kalie
Paulino,Michael
Nicușor,Paule
Benjamín,Benett
Johnna,Jay
Japik,James
Iakovu,Yianni
Marlies,Maritza
Yankel,Wilhelmina
Gjorgji,Yorgos
Corné,Miklavž
Yulia,Liesel
Margherita,Meghan
Nacio,Nace
Jami,Jacó
Makayla,Míša
Mitchell,Karcsi
Reynold,Wera
Mikhael,Evangelos
Pepe,Gjon
Izsák,Isak
Annelien,Anežka
Evangelos,Kathrin
Iakobos,Jaylee
Elfa,Aubin
Jackie,Jockel
Annie,Hania
Malena,Heli
Alease,Adella
Eilionoir,Zsóka
Riikka,Fedde
Carol,Kaj
Ivanka,Jamie
Iulian,Xulio
Kaarlo,Nikolett
Keoni,Anakoni
Xosé,João
Gianmaria,Juanito
Heinrich,Loris
Jakes,Iohanna
Kate,Katarina
Krzysztof,Tinkara
Nicoline,Pavel
Rīta,Marya
Karolyn,Ina
Hamit,Haamid
Jillian,Jolyon
Johanan,Jani
Teofil,Dorinda
Katharine,Tina
Nikoloz,Klaas
Kiki,Kristina
Yann,Harriette
Mikhailo,Cai
Rita,Maighread
Amabilis,Hannele
Zachariah,Zachariasz
Eoin,Joseba
Théodore,Eadweard
Niklas,Kaja
Eanraig,Hendrika
Juliāna,Veta
Micky,Engel
Buffy,Lizbeth
Mikhail,Tina
Rika,Heikki
Deshaun,Posy
Léan,Magdolna
Karin,Anzhela
Ioannis,Iakovu
Georgiy,Jurgis
Peetu,Petre
Elenora,Izabelle
Toni,Keshaun
Maighread,Marita
Akiva,Jayna
James,Bine
Nixon,Angeline
Sandrine,Lexa
Juliusz,Yulia
Joana,Janneke
Line,Allissa
Cari,Eveleen
Míša,Tina
Shona,Antonijo
Antonija,Janeka
Léonie,Leonia
Bess,Eleonor
António,Jovka
Jackson,Henderson
Yehochanan,Henryka
Eleanore,Bettie
Angelika,Charlotte
Henrikki,Lorin
Cateline,Kiki
Majda,Ellie
Iseabail,Lizbeth
Maryamu,Mari
Mariella,Mariel
Jayceon,Iben
Giancarlo,Hanke
Vissente,Laurencia
Llúcia,Lucien
Mimi,Mallaidh
Katheryne,Katja
Sandy,Alícia
Jaquelyn,Jonas
Moreen,Peggie
Cornelia,Nicole
Caitlin,Angie
Elva,Aafje
Dorotheus,Dorofey
Yannis,Henrika
Zsanett,Hallie
Michel,Miguel
Kristopher,Kathie
Elisabeth,Ealisaid
Rik,Freddie
Maikel,Karly
Eanraig,Siani
Jehanne,Posy
Gretta,Maree
Aleksi,Aleix
Nate,Nathanaël
Gearóid,Gherardo
Jaak,Jacques
Katka,Meical
Shevaun,Jean-Marie
Yakup,Janice
Hallie,Jehohanan
Yuriy,Georgiana
Cali,Carole
Leonore,Yelizaveta
Eleonora,Heléna
Katharina,Miša
Marcellus,Marko
Nikora,Katica
Margreet,Mamie
Ivka,Jacoba
Bine,Jaqueline
Kryštof,Katee
Herkus,Yannig
Gino,Goga
Mihail,Claes
Janae,Yannis
Ness,Nena
Pavla,Mihkel
Leontýna,Léon
Babette,Nelli
Sìneag,Jessa
Pauwel,Micael
Yanick,Sheamus
Frederica,Freda
Jani,Ginevra
Kaarina,Iina
Pavlo,Evangelija
Norina,Lílian
Jaakko,Johanna
Evangelia,Karola
Jenna,Hendrikje
János,Hanspeter
Nic,Domen
Josephus,Jonelle
Ivica,Émeric
Lia,Juliska
Cintia,Sindy
Giampaolo,Žan
Kaitlin,Katalin
Evelīna,Rini
Elspeth,Ulyana
Ànghela,Paolino
Ava,Carolien
Iwan,Yan
Janessa,Antonijo
Elly,Liesa
Sheenagh,Seán
Tine,Kirstine
Cobus,Joop
Danel,Danail
Jaša,Ioane
Yaqub,Ivica
Hakob,Shavonne
Jena,Giovanni
Katyusha,Angelika
Salamon,Shalom
Jehanne,Juan
Jóhanna,Koby
Bevan,Žana
Pau,Katri
Andries,Andras
Antonette,Yohannes
Jonatan,Vanna
Cáit,Avila
Hendrika,Johanna
Mara,Mairwen
Laurencia,Rika
Domen,Dom
Maia,Maren
Jacqueline,Eoin
Ànghela,Karine
Jeanne,Nena
Kris,Christiane
Giambattista,Hannele
Heintje,Etta
Evangeliya,Kale
Róża,Royce
Jovica,Jantine
Finka,Hovsep
Marie-Hélène,Marjatta
Nicolao,Caderina
Ganix,Giosetta
Maryann,Saranna
Lys,Liana
Mysie,Mariamne
Marie-Louise,Merilyn
Pasha,Boghos
Lisette,Leonora
Wöllem,Jamison
Niklāvs,Klaos
Nickolaus,Miksa
Karīna,Pavli
Annetta,Saranna
Alessa,Lesia
Janina,Antonín
Jacqui,Nettie
Katja,Miho
Lex,Alisa
Mikkjal,Michelangelo
Juuso,Síne
Jowan,Ņina
Stefcia,Stefek
Lyam,Jim
Ioseph,Vanja
Dotty,Todorka
Mykhailo,Caleigh
Addyson,Edythe
Xacobe,Mien
Nicolette,Aikaterini
Zilla,Silja
Ivano,Giuseppa
Mairenn,Majken
Haroldo,Harald
Lissi,Bettye
Parry,Rashaun
Andrada,Andreina
Laurentia,Henrique
Nels,Karola
Lauri,Law
Angel,Colette
Liisa,Jelena
Antica,Janelle
Isabèl,Alenka
Jóannes,Janice
Bevan,Asia
Séarlas,Katerina
Jacobine,Giannino
Amelija,Amelina
Peg,Mariette
Annelien,Anneli
Jaye,Jeanette
Klasina,Catrina
Constantinus,Kostya
Liselotte,Annelise
Luigi,Luiz
Miksa,Anielka
Makenzie,Hinnerk
Charlotte,Nikolett
Katharina,Angie
Liina,Kathleen
Muhammad,Hameed
Johnnie,Shena
Joaninha,Perry
Mihaila,Chelle
Joanna,Giacobbe
Joses,Seonag
Maryamu,Mary
Karoliina,Angelica
Julyan,Lizzy
Jodene,Ohannes
Anđelka,Karlo
Jef,Yannis
Kotryna,Kristofor
Jóhannes,Hampus
Nikolao,Kateri
João,Hendry
Julienne,Isa
Drina,Alexandria
Jelena,Lene
Kathrin,Angelos
Johana,Giuanna
Crescentia,Imre
Willi,Wöllem
Liesel,Elli
Henrikki,Henny
Chaz,Boghos
Connie,Kostadin
Amabilia,Aniya
Peppi,Yuhanna
Vinzenz,Llorenç
Jamison,Jayne
Hank,Iacobus
Hovhannes,Herkus
Jón,Juhani
Miren,Peggy
Charley,Callie
Sinjin,Juha
Chas,Kati
Jankin,Jo
Šarlota,Avila
Ángela,Kate
Jaxson,Antonio
Cai,Karolína
Laz,Enrique
Lars,Laurent
Annika,Léane
Giovannetta,Iancu
Lilliana,Annabelle
Mihăiță,Katriina
Helen,Elisabeti
Elyzabeth,Aelius
Lina,Caleigh
Wilf,Vilfredo
Chevonne,Hemi
Seona,Žanna
Alyosha,Sasha
Inja,Krzyś
Eileen,Pàulu
Ante,Ohannes
Johanna,Ellis
Kattalin,Katarin
Yoan,Jana
Tonči,Teuna
Hinrik,Nettie
James,Janne
Olena,Eliisabet
Miep,Romy
Yannick,Ioannes
Jenelle,Ion
Jacobus,Jankin
Carlene,Col
Paweł,Chuck
Catrina,Miklavž
Josée,Van
Nicolao,Corry
Christine,Tatianus
Michele,Mihai
Marian,Marie-Hélène
Cari,Eileen
Joetta,Iben
Charlee,Aveza
Kaija,Kester
Hendrika,Juha
Gabrielius,Jabril
Janina,Jacqui
Mykolas,Michaela
Karola,Niklāvs
Taffy,Dudel
Yusif,Vanna
Kaylee,Kathi
Janae,Josephina
Katenka,Lien
Katell,Evangelija
Pelle,Piera
Jaša,Shamus
Annaig,Aignéis
Grigor,Gergely
İlyas,Yahweh
Jason,Japik
Topi,Yahweh
Ekewaka,Toše
Yahya,Sjef
Hellen,Ibb
Vanya,Kike
Nico,Iina
Joan,Antoniu
Tola,Hannele
Hal,Ioannu
Jacoba,Janella
Jane,Yaqoob
Süleyman,Shulamite
Nixon,Paolina
Henryka,Johnny
Jem,Hasse
Anxo,Catina
Caitríona,Paavo
Yusuf,Yosyp
Micheil,Mihaela
Jeanna,Toni
Janie,Xoán
Sinjin,Émeric
Nikora,Caleigh
Alea,Panni
Jaakko,Shayne
Lyssa,Alexandrina
Jami,Janek
Dārta,Dorin
Mallaidh,Maryvonne
Kája,Àngel
Ángel,Carlotta
Tayla,Catrina
Carlene,Carla
Sheona,Hasse
Aleksandr,Sender
Nela,Iván
Posy,Josephine
Ibán,Ean
Willemina,Pim
Marsaili,Jaana
Gianis,Sheona
Dores,Dorotéia
Ivanna,Enzo
Caroline,Evangelija
Toon,Tonia
Dolores,Thea
Lenore,Noora
Buffy,Issy
Gena,Eoghan
Ludvík,Lucho
Maybelline,Gréta
Eveline,Pauls
Lee,Elzė
Jorja,Georgina
Tõnis,Ivica
Mikula,Michalis
Enrique,Anže
Jákob,Yochanan
Seona,James
Mikha'il,Andżelika
Ion,Imre
Eukene,Dionisia
Koos,Ghjuvanna
Eliisabet,Yuliy
Felicius,Félix
Loes,Clodovicus
Julian,Elisabet
Mervyn,Marva
Carlota,Lotta
Guenevere,Juhana
Jordana,Jordán
Wilheard,Viljo
Manu,Manoela
Ifan,Jacopo
Carly,Kaija
Iines,Jagna
Juliet,Else
Nikola,Paula
Annalena,Saranna
Josiane,Janka
Lijsbeth,Marlies
Zalman,Saleem
Mária,Małgosia
Emmanuel,Emánuel
Cissy,Franc
Aleksandar,Alexios
Micky,Anděla
Micky,Miķelis
Nigul,Carlinhos
Vilhelmiina,Jaap
Gretchen,Mariami
Juan,Ghjuvanni
Doran,Doriane
Yannick,Janneke
Marlis,Lisa
Tyrik,Eižens
Máximo,Maxene
Maryam,Malle
Lili,Angeliki
Alena,Iseabail
Sheena,Janika
Oleksandra,Saundra
Nikoleta,Karol
Ionuț,Giuseppina
Ángela,Caroline
Christabella,Tanisha
Eilish,Elián
Jonas,Yanka
Aline,Paulene
Noor,Liesel
Lora,Heleen
Herberto,Bert
Aemilius,Émeline
Jóhanna,Jouni
Hans-Peter,Janka
Zef,Nina
Hankin,Johann
Iacobus,Jákob
Peers,Hans-Peter
Roseann,Nanny
Karine,Nikolai
Maksym,Maksimilian
Jovica,Sjang
Collin,Nic
Guenevere,Yehochanan
Evelyn,Kaarle
Piotr,Petruccio
Vancho,Vano
Josep,Vano
Juhán,Ýusup
Mihail,Michal
Henricus,Bevan
Alene,Michela
Chrissy,Krisztián
Janele,Nia
Katrin,Cathrine
Madeleine,Magda
Kiki,Catrin
Eoin,Tonka
Hendrick,Lauri
Maura,Margrete
Mair,Mabelle
Evie,Cai
Panni,Keanna
Ieuan,Jean-Marie
Paweł,Nikolaj
Kat,Hristofor
Xaime,Vilma
Netta,Tóni
Feodora,Eduards
Zackery,Zackary
Johan,Jenni
Maikel,Cai
Cobus,Shona
Beppe,Ioses
Jóhanna,Jaynie
Miguel,Nynke
Fran,Ferkó
Jennigje,Joanie
Nelu,Yonatan
Carel,Cathleen
Hans-Peter,Ioan
Janika,Jakov
Lexy,Lyosha
Ivano,Yannig
Cesária,Caesar
Evvie,Niccolò
Jaska,Jaymes
Eleonora,Elspet
Marjorie,Meagan
Mars,Marcelin
Seán,Jackson
Cadi,Lino
Paulu,Ilene
Mika,Klas
Cai,Evaline
Ante,Jón
Eugene,Eugenijus
Harry,Amaury
Tamsyn,Tomi
Alen,Jelica
Marinela,Marian
Sarolta,Katica
Leon,Lev
Sarkis,Sergiusz
Marie-Claude,Mayme
Ermanno,Armando
Jaakob,Ifan
Madelon,Ilka
Nikodim,Miklavž
Gellért,Nichol
Dáibhí,Daviti
Gianna,Ghjaseppu
Jescha,Oana
Hans,Jóhann
Michelina,Nicolò
Anne-Sophie,Luanne
Nick,Paulino
Lies,Yelyzaveta
Angelica,Katina
Ioses,Seoc
Jeanne,Ioann
Carla,Paulino
Niklāvs,Paule
Polina,Nikica
Angelina,Neculai
Anina,Aneta
Lenore,Lysette
James,Vilko
Sheenagh,Žan
Mariusz,Marijke
Kakalina,Anželika
Tonka,Antônia
Akoni,Sheena
Julitta,Lilibeth
Jonathan,Giovanni
Juhan,Giampaolo
Lysette,Aelius
Micael,Angèle
Cokkie,Nika
Seoc,Jana
Ganix,Gwenhwyfar
Hanke,Jovica
Nika,Kārlis
Demetria,Dimitar
Jákup,Jacqui
Pavelu,Mikkjal
Hendrika,Hann
Janey,Giuanne
Yulia,Beth
Viliam,Yasha
Paola,Nicolò
Iefan,Yehochanan
Seonag,Herry
Elsie,Zsóka
Lucía,Lúcia
Kati,Avice
Carrie,Mitxel
Josephus,Jennie
Irene,Carreen
Elikapeka,Annabelle
Penka,Petru
Francisca,Frañseza
Marjo,Maret
Lilien,Buffy
Aulay,Olivera
Pāvils,Colette
Marcelinho,Zella
Dorita,Dorotheus
Cathrin,Karyn
Joosep,Juanito
John,Jóannes
Nichol,Karoline
Nicolás,Käthe
Mykhailo,Mykhaila
Josephine,Jack
Tobiáš,Tobias
Al,Ellie
Michal,Misha
Jaye,Xoana
Juozas,Jessi
Isabel,Eilís
Sjang,Juhan
Harrison,Shevaun
Katriina,Kai
Caderina,Miho
Lovisa,Alaois
Jussi,Toon
Vancho,Siân
Elisabeth,Elaine
Asia,Jeppe
Sinjin,Ioana
Lexine,Xande
Kassandra,Kasandra
Heleen,Lileas
Kristián,Kristupas
Séarlait,Pali
Nikolche,Pavo
Pavica,Mihaela
Carrie,Pau
Kale,Mijo
Jerk,Eirik
Jaye,Yanni
Siwan,Posie
Ernest,Ernesto
Paule,Katelijne
Ans,Anamaria
Giannina,Yusif
Guinevere,Johanneke
Józsi,Ioane
Mikaere,Kaija
Zsanett,Seumas
Livvy,Olivera
Erzsébet,Elin
Sikandar,Aleks
Timotej,Timoti
Georgeta,Geena
Kenith,Kenna
Jessi,Gaynor
Lizzy,Lilija
Ģirts,Nigul
Károly,Mykolas
Giuanne,Jayna
Janine,Guenevere
Ināra,Tatyana
Elizabeta,Elisabet
Helena,Nellie
Péter,Petre
Paola,Evelyn
Niklaus,Mikey
Giulia,Elli
Józsi,Ghjuvan
Iakobos,Janelle
Nickolas,Caitrìona
Koenraad,Korneli
Joanne,Harriett
Eoin,Tõnis
Adela,Adaline
Anghel,Pauleen
Jennie,Gianis
Allyson,Allycia
Davud,Davíð
Ili,Leena
Mikko,Vangelis
Vincentas,Jindra
Sam,Shemu'el
Filippus,Filippos
Margherita,Marianne
Ludvík,Koldo
Seumas,Hagop
Duda,Eadgar
Mhairi,Myra
Kristijonas,Christine
Claes,Mikkel
Yannis,Beppe
Jelena,Elyse
Nellie,Lissi
Janella,Yousef
Fritzi,Fred
Sílvio,Sylvie
Pauleen,Karina
Toros,Dorofei
Đurđa,Djordje
Corneliu,Kornelia
Uilleag,Iacob
Carlu,Pauline
Asia,Jeannine
Kuba,Seona
Vicent,Lárus
Hinrik,Joni
Yudes,Yehudah
Rosemarie,Marja
Joeri,Geno
Jannicke,Gian
Pàula,Misi
Yonatan,Hovik
Georgina,Jürgen
Kayleigh,Kailyn
Josephina,Sjang
Rita,Maret
Lorena,Anri
Kaitlin,Kalyn
Jehanne,Anton
Johann,Janet
Inès,Inese
Kitti,Christoforos
Jaxson,Antonello
Lisha,Aada
Johnny,Gaynor
Isabelle,Elīna
Tyrese,Dion
Estève,Stef
Jeppe,Yaqub
Michela,Catriona
Anika,Neske
Àngel,Lina
Vin,Hendry
Hannah,Anaïs
Juan,Jaakko
Katarin,Mickaël
Jennifer,Shona
Yahweh,Geraldine
Helene,Ibb
Karly,Paolino
Gianna,Eanraig
Július,Eliisabet
Liis,Elina
Yakiv,Deshawn
Micaela,Karen
Kjersti,Kristīna
Anri,Jóannes
Cătălina,Chip
Johnathon,Jônatas
Miksa,Nikolay
Jackson,Jet
Anđelo,Nikol
Gretta,Greta
Rinus,Moreen
Jørn,Jørgen
Mirjami,Amable
Juliska,Eilís
Jayna,Lashawn
Mats,Mattias
Miriam,Marike
Marilou,Marie-Louise
Johanneke,Lapo
Jorrit,Nick
Giuanne,Henrika
Ricard,Ricki
Hendrix,Crescens
Jakob,João
Giannis,Jonas
Aliisa,Aliki
Anzhela,Katalin
Yosyp,Jani
Aliaksandr,Della
Leontius,Leonas
Alene,Eilís
Josèphe,Deshaun
Antoni,Hans
Elisabeti,Iulianus
Jenny,Jônatas
Kate,Catherine
Tola,Ottilie
Anđelo,Micheil
Annuska,Age
Mette,Maarja
Aneliya,Annelise
Nicolae,Callie
Lilli,Elspeth
Christianne,Hristijan
Karina,Evelien
Helen,Elly
Jyrki,Xurxo
Georgius,Gyuri
Jenny,Sheona
Lilly,Norina
Siana,Giancarlo
Sheamus,Jaakko
Gessica,Vanna
Lys,Eleonor
Anneke,Anna-Liisa
Johnny,Yosef
Jean-Pierre,Petras
Gerolt,Geronimo
Giuseppe,Josipa
Annmarie,Mo
Miĥaelo,Paulinus
Giannina,Joasia
Jenson,Gwenevere
Jowan,Ioseph
Jeanine,Henricus
Nicoline,Nichol
Kateryna,Nicky
Michele,Carry
Derrick,Theodoricus
Katharyn,Kaety
Hovik,Koba
Ljiljana,Lisbeth
Florianne,Fflur
Žaneta,Yianni
Harris,Emery
Nicolaas,Sharlene
Anushka,Ann
Hattie,Wawrzyniec
Johanneke,Sjang
Carol,Karrie
Janice,Janetta
Mysie,Maia
Nichola,Mikuláš
Sheila,Sissy
Honorius,Eleonore
Marjatta,Margarete
Godfried,Walahfrid
Corry,Nichola
Yannig,Ionuț
Jacquette,Yana
Heiner,Siana
Columba,Columbanus
Kathlyn,Cailyn
Heinrich,Ivka
Ângela,Kati
Yancy,Yannick
Jane,Anthony
Aleksandre,Alys
Lois,Lova
Anđela,Evelien
Pavle,Yekaterina
Gitta,Maarit
Michail,Chip
Lesia,Alexander
Jaxx,Yanna
Jeannine,Jackie
Kayleigh,Riny
Adelheid,Sandro
Abby,Gaila
Hariman,Armand
Nioclás,Polya
Tola,Shaun
Annabel,Marieke
Christoph,Karena
Heiner,Lőrinc
Friðrik,Fritz
Hadufuns,Alfonz
Juhan,Tonći
Josefien,Hanne
Mykhaylo,Inja
Lovre,Heinz
Ramón,Racheal
Jöns,Jockie
Jouni,Jacobus
Aileen,Nikusha
Callie,Niklas
Jakša,Jeannot
América,Lorrin
Emiliya,Kamilla
Jeannie,Shavonne
Teofila,Fedor
Krištof,Christiaan
Heintje,Lorenz
Koppel,Jens
Mamie,Mallaidh
Yusif,Jaan
Mikuláš,Karolyn
Line,Caitríona
Pepito,Yannis
Jovana,Arrigo
Nikole,Kathleen
Kaarlo,Paulos
Antón,Jöns
Zsanett,Josefine
Gero,Gervaise
Jaxx,Enrica
Paulus,Mihaila
Shaun,Sjang
Marcelle,Marcelyn
Ville,Villem
Rozália,Roseanne
Birita,Birgit
Ioel,Joella
Dorinda,Théophile
Michelina,Neacel
Jancsi,Jaci
Kallie,Ina
Jaakob,Uilleam
Juhani,Antonij
Janez,Jaakoppi
Sofiya,Zofia
Ean,Hendrix
Américo,Keoni
Juanita,Vana
Xoana,Nia
Henry,Janele
Riikka,Jantine
Cato,Niccolò
Angiolo,Katariina
Jehan,Nela
Noreen,Eleni
Jeannie,Xaime
Honza,Iosif
Hannah,Oanez
Sepp,Jocky
Táňa,Kristjan
Cáit,Kasia
Koby,Jameson
Kat,Cathleen
Laurynas,Vicente
Maša,Moyra
Yoan,József
Jef,Netta
Gene,Owen
Jackalyn,Ivane
Ante,Jax
Jaylin,Yoan
Jackin,Ianto
Jayne,Yusef
Lisanne,Elias
Jagusia,Age
Charles,Charline
Micheline,Angyalka
Heike,Yanick
Harriet,Emelrich
Ian,Anthony
Finka,Hans
Elaine,Norene
Jeannie,Shena
Marylu,Mariyana
Cristóbal,Kayleah
Joey,Yochanan
Katarine,Carlie
Jools,Liese
Vano,Theunis
Christiaan,Christi
Annamaria,Hanna
Rosalía,Romey
Juana,Joe
Ivanna,Yan
Lilian,Liselotte
Katrīna,Páll
Johann,Seumas
Babette,Laney
Amabilis,Marlyn
Kaia,Katharine
Deanna,Kiana
Ileen,Ekaterina
Rashawn,Jovka
Marina,Maura
Fannie,Paquito
Nell,Elixabete
Kester,Cayley
Christoforos,Caitlin
Jos,Janička
Polina,Mitch
Nanny,Oanez
Anelie,Amable
Ángela,Chas
James,Iohanna
Paolo,Jekaterina
Margo,Malia
Gwenfrewi,Winnie
Yekaterina,Angjelko
Akiba,Vančo
Ludwika,Lois
