seq1,seq2
CTCACGCCTATA,CTCACGCCTGTA
CATCCTAAA,CTTACTAAAACT
ACCTATGTAACA,ACCTATGTAACA
ATGAAGTCACAT,ATGAGATAATGT
CTGGCAACCCTA,CTGGCAACCCTA
GGATTGCTTGAA,GGATCGCTTGAG
ACAGACTTCAAA,ACAGAGTTGAAC
TATTTTTTCC,TATTATTATTAT
AGCAAGTATTTA,AACAACCATTTA
CCTCATGATC,CCTCAGGTGATC
TGGACCCTGATG,GTGATTCTGATG
CTGTAATCCCAG,CTGTAATCCCAG
GAGTAAACTTGG,GAATACGCTTCC
ACTATAGGTTT,GTTGTATGTTTT
AGACAGAGAGAG,AGAAAGAAAGAA
TCTTCCCCTGTC,TCCTCATCTGTA
ATCGAGCAGTTT,ATAGAGCAGTTT
TTTTTTTTTTTG,TTTTTTTTTTTT
TGACTTACATAG,TTGTTTGGTAG
CATAAAAACTAT,CATAAAAACTAG
TATCATATAACT,TACCCTATGACC
AAGCATTAGGTC,AAGCATTAGGTC
TCATTGTTCAAT,TCATTGTTCAAT
AAATTATGCAGT,AAATTATGCAGT
CTAAAATT,CTGACATACTAT
AACTCCTTTGTG,AACTTCTTTGTG
GATTTCAAGCAC,GATTTCAAGCGC
AAAAAAAAAAAA,AATATAAAAA
TGACTGAAAGTA,CGGCTGCAAGTA
CATTTGTATGTC,CATTTGTATGTC
TGTAGTATCTGG,TGTAGAATCTGC
GGATGTGTGTGT,GTGTGTGTAT
CTTTATTTACA,ACTTTATT
AGATAGATAGAT,AGATAGATAGAT
GAGATTTTTA,GAGGTGAAGTGA
ATTTAATGTGGG,AATCACCTGGGG
CATTTACACAGA,CCTTTTGATAGA
GGCATTTGAGGT,AGCATTCCAGGC
AGCACCTA,GGCACTGTTCTA
ATAGGAGGATCG,GCAGGAGGATCG
CAGTTTGGCAGC,CAGTATGGCGGT
ATTTCCATGACA,ACTTCCATACCG
TTCAAAATAA,TTCAAAAAATAA
TCTTTAAGTATT,TCTTTAAGTATT
TTATGTTATGTG,TTATGTTATGTG
TAATATTTAATC,TAATATTTAAT
GTGCTTGTC,ACAGTGCCTGGC
CAGCTACTCAGG,CAGCTACTCGGG
CCTTAGAAGCA,ACCTCATCTCCT
ATTATGGAAGGA,GCAGTGGAAAGA
GAATGCTATGAG,GAGCTCCGTGAG
GCTCAACCAATC,GCTCAAGTGATC
TCACACAGTGAC,GCACACGNCAC
CCATCCAAAGT,CTTGCCCAAGGT
GCTGTATCTCTG,GCCGGATCCCCA
TATTTTTAGTAG,TATTTTTAGTAG
CCTCAATAAATC,CCTCAATAAAGC
TGACTCCCCAGC,TGAATCACCAGC
TCAACATTTGCT,TCGGCTCTGCT
TATGTTGGCCAG,CATGTTGGCCAG
ATTTTTTTATAT,AGTTTTCTTCAT
TGAGAATAAAA,TGAGAGTGAAAG
CCACCCAGATAT,ACANTCGTGTAA
TAATTCTACA,TGAGCTCTGAGC
CAAATAAACAAA,CAAACAAACAAA
AGAAGATGCCAG,GGGAGGTGCCAG
CTGGGATTACAG,CTGGGATTACAG
ACATTGCCTTTC,ACMTTCCTTTTG
TGTCTCTACTAA,CGTCTCTACTAA
TCTATTGATAA,CCTATAGATTAA
CACCCGAGGTCA,CACCTGAGGTCA
CTGATAATGATT,CTGAGAATGCTT
GTAAACTATCGC,GTAAACTATCGC
TGTGTATTCA,TGTTTGCATTCA
TAGTGAATGCA,TAGTAAGTGGCA
ATGAAATTGAAA,ATGAAATTGAAA
TGTTAACCCTGA,CATTACCTTAA
CCTGGCTAACAC,CCTGGCTAACAC
CGCCTGTAATCC,CGCCTGTAATCC
CATCTTGAATTA,CATCTTGAATTG
TAGGCCCTCTGT,TCGGCCCTCCGT
TGTTGTGTGTAT,TGATGTTTGCAT
TAGTATCACATA,CGACATCACACG
ATAATCCCAGCT,GTAATCCCAGCT
ATTTATGGGC,TCCGGGTGGGC
AGACATATAGTT,AGACATAGAATT
ACGTCAGCTC,ACAAGACCTCTC
TCAATAAAGCTC,TAAATAAAGCTC
TCGGCTCACTGC,TCGGCTCACTGC
GGAGATTGAGAC,GGAGATCGAGAC
GAAACAGATTAA,GAAACAGGTGAA
TTATGCTGTTAA,TCACGCTGCTAA
TGGCTTGAAACA,TGGCTTAAAACA
GCACCAAAATAT,GCACCAAAATCT
AATGTGTATGAG,AATGCATATG
TTGGGAGGCTGA,TTGGGAGGCCGA
CCACCCTCCTCA,CCACCCGCCTCG
TTCCAGATTTTC,TCGCAGATTCTA
TAAAAAATAAAA,AAAAAAAAAAAA
AAAAAAAAAAGA,AAAAAAAAAAAA
TTTTAATTTGCA,TTNTTGTTTCCA
AGCAACAAATAG,AGCAACGAGG
TCAACTCACAGA,TCAACTCACAGA
TTCATTGTTGTG,TTCACTGTTTTC
CTTACCCTCCCG,CTCAGCCTCCCG
CAGAAACTACTT,CAGAAACTACTT
CTTCTGCCTCTG,CTTCTTCCCCTG
AGACTCTC,TGTGCTCCCTTC
TTCTTGTGGTGC,CTCTCGCGATGC
TGTAATCCCAGC,TGTAATCCCAGC
CCTCAAGTGAAT,CCTCAAGTGATC
AGTTACATATGT,AGTTACATATGT
CATGTCAATTTG,CCTGTTGGCTCT
GGCTCAAACAAG,GATCCAGGAT
TCTTATACAGCT,TCTTGTACGACC
AGCTTCCTGACC,AGCTTCCTGACC
GGTACTTTGAG,AGTGCCTTGAAC
TTGAACTTTCCT,TTGAACMTTCCT
TACATTCATTCC,TACACTCATTCC
TGTGTCATGGAT,CGTGCCGAC
GCCTACGGTTGA,GMCTTCGKTGGA
ATTTTGAGGCTC,TTTTCAAGGTTC
ATGTTGGCCAAG,ATGTTGGCCAGG
AAGACTGAAGAA,AAGAAGCAAGAA
CAAGACAGAGTC,CAAGATGGAGTC
TTTTGTTTTTGT,TTTTTTTTTTTT
TCACAGTGCTG,TTACTAGCTGTG
TTTCCCTGATAA,TTTCCCTGATAA
AAAAAGAATCT,GAATAAAAATCA
TTTGTCGTGGTG,TTTGTTGTGGGG
CCAACAAGGTAA,CCAACATGGTGA
AATAAGCACCTT,GTTAAGTAACTT
AACATCATAAAA,AATCCCACAAAA
CTGAGAAACAAG,CTCAGAAACTTC
CATCAAACTAG,TATCAACTTTAG
ACTTCTTTCCAG,GCCTACCTCCGG
CCCACCTTGCCC,GCCACCGCGCCC
CAGCAAGTGGAT,CTGCAAGTGGAT
TCTAAAAATGA,GTTAGAAATGCA
AAGGGAAGGGAG,AGGGAGGGA
TTTCACCATAGG,TTTCACCATAGG
TGAAGGAAT,GAAGGAGCGGC
TGTTGTTGTCGT,TGTTGTTGTTGT
AGGCCGAGGCGG,AGGCCGAGGCGG
CTTTGGGAGGCT,CTTTGGGAGGCC
AGAATTGGGTGG,GGAACTGGGTGG
GGAGGGAGGGAG,GGAGGGAGGGAG
TATAATATGTG,TATATATATATA
ATTACATAGTAC,ACCTCGCAGGGT
ACTCTATTTCTG,ACTCTTTTTGTA
AGCAACTTTGTT,AGGGATGTTGT
GAGACAAGTTCC,GGGATGGGTCCC
GAGACCTTGGGT,GAGACNCAGGGT
TGGAGATTTCAG,TGGAGATTTCAA
TCAGTTTAGT,AGTCAGTTTAGC
ACTCATTTCGCT,GTTTATTTTGCT
AACCGTAAAACT,AACCTCTAAATT
TAAAAGGTTGAA,TAAAAGGATGGA
AATGGTGAATAG,TATGTTGAATAA
GATGTCAATGTT,GATGTCAATTCT
ACACATGCATG,GCCTACTATGTG
AAAAATGAAGCT,AAAACAGAAACC
GAGTGCCATGGC,GAGTGCAATGGC
ATAGATATTTGG,GTGGATATTTGG
TCTCTCTCTCTC,TCTCTCTCTCTC
TGTGAATAGTTG,TGTAAATAGTTG
AACTGTTCTCCT,AACTGCTACTCT
CCTTGGCCTCCC,CCTCGGCCTCCC
TCATTCAACAA,TCATTCAACAAA
TTACAGAGTTTG,TTACAGAGTTTG
ACGTCAGAAGGA,ACATCACAAAGA
TATCCACCCGCC,GATCCGCCCGCC
TTATTATCATCA,TTATTATCCCCA
GAAACACTCTTT,GAAACACTCTTT
AACAGAATCTCT,AACAGAATCTCT
TATTATAATAGT,GATAATAATA
CTAAAGAGATGG,ATAAAGGGATGG
TCATCATCTTAG,CAGAAACTCTGG
TACCTCCCCTC,TCCCCTCCCCTC
CCACCTTGGCCT,CCGCCTCGGCCT
CATTCATGAGGG,CATTCATGAGGG
GTGCGTTCAACT,GTGTATTCAACT
AACTCCAAGCT,AACTCCTGGCCT
GCCATCCAGCTA,GCAATCCCACTA
ACCCGGGAGACG,ACCCGGGAGGCG
CAAATGAAAACA,AAAAAAAAAAAA
TCGTGATGTGTG,TTGTGATGTTTG
TGTAAAAATGTT,TGAGAAACTGCT
GTCTGGTCTCAA,GGCTGGTCTCGA
TCTATAGATGCT,TTTACAGATGAG
ACATATGACCAC,AAATTNGACTAT
AACAAATGTACG,AACAAATGTACA
GTGGCTGGGATT,GTAGCTGGGATT
ATTTAGGATGAG,GGCGAGGATGCG
TTAACTGAAGGA,CTAGCTGTGTGA
CATGCCTGGAAT,CACGCCTGTAAT
TTTTTTCTATTA,TTTTTTTTTTTT
TAGGCAGCAAAT,CGCTCAATAAAT
TATGTGCCAGAC,TATGTGCCAGGC
AATTAATAAAGA,AATTATTGAGGA
TGAATGCGAGAT,TAAAAACTAGAC
CCACTAGACGCT,CCTCTGGGAGCA
GGTGAGG,GGTGAGGTTTGA
GTCATAGCAGTG,GGCAAAGGAGGG
ATATGTATATAC,ATACGTATATNT
TATTTTAATAA,TAATTTTAATAA
TTGGCCTCTCAA,TCGGCCTCCCAA
TTAATGGCTGTT,AATGTTGGTT
AGTTGTGA,AGAGCCTTAAAA
GACTCCATATCA,GACTCCGTCTCA
TAAAAAATTAG,TACAAAAATTAG
CCCAGAGTGTTG,CCCAAAGTGCTG
AATATCCCTTCA,AATGTCCCTTCG
CAGCTTTCTAC,CAGCTTTATTCG
TTACAGGCATGA,TTACAGGCGTGA
GGCTGAGTGTGG,GGCCGGGCGCGG
ATTTATTTATTT,ATTTATTTATTT
CACCCAGGGTGG,CGCCCAGGCTGG
TCTTTATAGA,TCTTTAAAGAGG
TCTCTGAGCTTC,TCTCTGGGCCTC
CACTGTGGCTGA,CACCATGGCCGA
TTGAAGCTTTTT,TTGAACNCATTT
GAGGGTGAG,GNTGGGGGNGAG
TAGCTGCTAGTG,TAGCTCTATTA
GTTCATC,TGTTGAAGTCCT
GTGCTGTGGTTC,GTGCTGTGCTG
GTGATGTTTTCA,GTGATGTTTGCA
AACATAAGTGTG,AACATTCGTGTA
ACATATATACAC,ATATATATATAT
CTATTCAGTATG,CTGTCCAATACG
AACAAAGCAAAA,AACAAAACAAAA
AGTGTGTGGCC,AGCTGTGTGACC
TTGCACTCCAGC,TTGCACTCCAGC
CTGCCCATGATT,CTGCCCATGAGT
TTTACGGC,TTTATGGCCGAA
AACATAGAGAAA,AGCACAGAGGAG
ATCTCTATAAAA,GTCTCTACAAAA
TGTGGCTAGTTC,TGTGGCTAGTGC
TAAAATCACCTA,NAAATCACCCN
ACCCTCCTCCC,TACCTACCTCAT
CTGGAAGTGGAC,CTGCAAGTGGAT
ACACACATATAC,ATATATATATAT
ATAGAGGTATG,ACAGACAAAAGT
CTGAGAACTCTT,ATGGTAACTCT
TTTTCTTTTCTT,TTTTTTTTTTTT
GCTGGGTTCTG,GCACGGACTCTG
ACAGATGTGAG,ACAGACTCTGAG
TAATGGACTGTG,TAATGGCTTGAG
TAGAACGTCTTT,TAGAAAGTTCTT
CATCATATTGGT,CACCATGTTGGC
CGTGCTCTCCCT,CGTGCCCTCCCT
AGATGTCTTTGG,GGMCTTCGKTGG
ATTAATAAATGA,GACAATAAACA
TATATCAGTTTG,TGTATTAGTTTN
GACTTTGAGTTC,GACCTTAAGAT
TGTGTTAGCCAG,CGTGTTAGCCAG
CCTCCCAAAGTG,CCTCCCAAAGTG
CAGCTACTTGGG,CAGCTACTCGGG
TTAATGAAGCAG,TTGATGAAGCAG
ACTTGATAATGA,ACTTGATAATGA
CAGCACGGGAAA,CAGCACGGGAAA
CTGAGCATCT,TTGGGCAAGTCA
AGAATACCACAG,AGAATACCACAG
CGAAACACTCTT,TGAAACACTCTT
ACACCTGTAATC,GCCTGTAATC
GTTTTCTTTTGA,CMTTCCTTTTGA
GTATGTGTAGGG,GCATGTGTGGG
TTCCAATTACCA,TTCAACTCACAG
GCGGTTTTAAA,GCAGTTTTGAAA
TTTTTAGTAGAG,TTTTTAGTAGAG
TCACCCATCTC,TCCGCCCGCCTC
AATTAAAATTAA,AATTAAATTAA
ACACACACACAC,ACACACACACAC
GTCTAATGAACT,GTCTAATGAACT
GGACTGTAAACT,GGACTGTAAACT
TGATGTGGTTG,CCGTATGGCCCG
ACTGGCTAGCCA,GCTGGCTAGCCA
CAGTGGCAGAGA,CAGTGGCGCGGA
GCAATATC,CCTCACAACAAC
AAGACTCCGTCT,GAGACTCCGTCT
GGAACTTTCTAA,GAAGCTATCTGA
AAACACAGGACA,CCTCACAGGGTT
GAAACAGAGGCC,GAAACTGAGGCC
CCAAGGCTCAGA,CTGAGGCCCAGA
CGGAGCCGCGAG,AGGAGCAGGAG
CCTCAGCCTTTC,CCTCAGCCTCCC
TTTTAAAAATTA,TTAAAAAATGG
TATTCAGA,TATTCAGACCTT
TTCTTTGGAAAT,TTCGKTGGAAAC
TAGGATATTGAA,TAAAATATTCAA
GATCTATTTATT,ATTTATTTGTT
TTTAATCATT,TTTTCTCTCCTA
GAAGCCTGCCAG,AGAATCTGCAAG
TCTGGCTTTC,TCTGACTCTGAC
GGCAATCAGTTT,GGCAATCTGCTT
TGGACAGTTGT,TAGAACAGTGC
GGCTTTTTAGAG,GACTTGCCCAAG
GAAAAATTAG,TGGAGAGGTAAG
AACTCACAGAGG,AACTCACAGAGT
CAATGTCCAGCC,CTCTGCTCAGCC
ATTGAATGTGAA,ATGAAAAGTAAG
GGATTCCAAACA,GGATGCTGGGCA
TGTAGAGAAGTT,CACAGAGAGGTT
AAACCTCTCTGA,ACCTCTCTGA
TACAATCATGCC,CACAATCATGCC
TCGAGTAGCTAG,CCGAGTAGCTGG
TCTCTTCCAAGA,TCCCTTCGCAGA
TGTTTGTTTGG,CCATTTGTTTGT
AATACAAAAATT,AATACAAAAATT
ACTTGTTTTAAC,TATTTATTTATT
GAACTTCTTTGT,AAACTTCTTTGT
ACGGAAGCATTC,ACAGAAGCATTC
ATAATAATAATA,ATAATAATAATA
GCTATGATCTTA,GCTATGATCGCG
TGACAGCTTTGA,CNGTTTGG
ATGCTTTATAGT,AGACTCAATATT
CTTTACGTGTTT,TTCTAAGCGCTT
TAGAGAGTC,TATCTTCGGCTG
ACACACACATAC,ACACACACACAC
GCCAAGGCAGGT,GCCGAGGCGGGA
CACAGCTTATG,CATCCGCCTGTC
AGTCACTGCTGG,AGTGAGCGAGGG
TTTCCAATGCTG,TTTCAGGCACC
GAGAAACTATTT,GAAAACCTATTT
TCAGAAATTCTC,GAAAATATC
TTAAAGTCTTAA,TAATCCTCA
ATCTTGGGCTAC,ATTCTATGC
TCCAAGATCAAG,TCCAAGATCAAG
ACAATGAGACAA,GCAATAAAGCGA
CTATCTATCTAT,CTATCTATCTAT
TTTCTCTTAAAA,TTTCCCACAGAA
ACGCCACTGCAT,GCGCCACTGCAC
GATAATCAGACT,ATTCATCAGGCT
CAATGATGTGAA,CGATGGTGCGAA
ACACTAGATAGA,AAATAAATAA
AAAAGACT,GATAGAATTAGA
CCCAGGGCATTG,CTCAGGGGATTG
GATCTTGCCTCT,GATCGCGCCACT
TTTCTATCTCAG,TTTATATTTTAG
CCTTCCCCCAGC,CCACCCCCAGC
TGATGTGTGTTC,TGATGTTTGCAT
CAAAAAACAAAA,AAAAAAAAAAAA
TTCTGCCATAAT,TTCTGCTACAAC
TTTTTATCAGT,TTTTAATCAGTT
AAAGGGACCTGA,AAAAGACCTGA
AACATTATCATG,GATACTATAATG
GGTTTTGAAACA,AGTTTTGAAACA
ACTCTCAGACCC,ACTCGAACCC
CAGAGAGAGACC,CAGAGCGAGACC
AAATAGGACCGA,ATAATACC
ATGTTATGAAAG,CTACTATGGAAG
AAATGAAATCCT,AAGTGCAATCCT
ATATTCAGACCT,ATATTTGGASCK
ATATTTTATCTT,ATACATTATCTC
TAAGAGATGGGT,TAGAGACGGGG
ACAGAGAAGTCC,ACAGAGAGTTCC
CTCTGCACCTGT,CTTTGCACATGC
GCCAGGCTGGTC,GCCAGGCTGGTC
ACTATTCTAGGC,ACTGTTCTAGGC
CGCAAATGCTCC,TGCATTGCCCC
CGAGGGGAAAAG,CAAGGGGGAAG
GACCTGTAAGGT,GATCTCTAAGGT
TTTCAAAACTAG,TATAAAAACTAG
CAGAAATGTATC,CAGAAATTTATT
AGGCCGAGGCAG,AGGCCGAGGCGG
AATTGGTGGTT,AGGTCGGTAGTA
GAATATCTTCCC,GAATATCTTCAC
AAAAAGAAGTTG,ACAAAGCAGTTT
GTCAAGTCTAAG,GTCAAGTCTAAG
AAAACCAGGAGG,GAACCCGGGAGG
CTTTTTATTT,CTTTTTTTTTAA
TGAGAAAGAGGA,GTGAAAAAAGC
CTATAGCAGTGA,TTATAGCACTTA
TCTAGCTGAGGA,TCTAGTGGAGGA
ATCTGTACCTTC,AGCTGTACCNTC
GAGCTCATGGTC,GAGCTCACAGTC
GGCACGTGCCTG,GGCGCGCGCCTG
TTATTGAGTATG,TTATTGAGCGCC
ATGAGCCACTGT,GTGAGCCACCGC
AAGTGACACAGC,AAGTGGCAGAGC
TTTAAATTTCAC,TTCAGATTTCMC
TTTTTTTTTGAG,TTTTTTTTTGAG
GGTTTAGGCTGG,GGCTGAGGCAGG
TGGAAATAGTTA,TGAANATAGTTA
GTTTTTTGTTTT,TTTTTTTTTTTT
TATGTATTCATT,TTATTTTATTT
GGTTTGAAACAC,GTTTTGAAACAC
GAGCAGTGGTTA,GAGCGATAGCG
ATAGAAGATGTC,ATACAGGACGCC
TTCCATGAGGCT,TTCCTTGCGGTT
TAATCTGT,CCATTAATCCAT
TCATTATTTATT,CCACTATTGACC
ACAAAAGTAACT,TTCAAAATATAT
GTGTAAAAGCAT,GTGTAAAAGCGT
ATCAGCATATTC,ATCAGCAAATCC
CTTGTTACATCT,CACTTCACCTCT
ATAACAATT,TAAATAATTAAA
GTCTCTCTCTCT,CTCTCTCTCTCT
TGTTTTTGTTTT,TGTTTTTGTTTT
TATGAAACAT,TGTGCCAGGTGC
TGAAACACTCTT,TGAAACACTCTT
TGGATAATGT,TGACTGGTATCC
ATGAGCCACTGC,GTGAGCCACCGC
CTTGGGCTCCCC,CTTGGACTCCCC
AAGGGAAGTGGG,AAGGGAGGCT
GTACCACATAGT,ATACCACATTAC
GCACCTACTGTG,GCACCTACTGTG
GCTGGAGTGCAG,GCTGGAGTGCAG
GGCCAGACACAG,GGCCGGGCGCGG
AGAGAGTATATT,AGAAAGTAGATT
CATAGTAGGTGC,CACAGTAAGCGC
ATACATACATAT,ACACACACACAC
CCACAGACTTTT,GCACGCATTTGC
CATCCACTTCCT,CCCCCACCCCCA
CACAGATCATCT,CATGCATTATCT
GACTTTG,ATTTCGACCTTG
GTGTTAGCCAGG,GTGTTAGCCAGG
CTAGAAATAAAA,CCAGAAATACC
TATAGGA,CATAGTGGGAGA
TGTTTAAACCA,TGTTTTAAGCCA
CCAGGCTGGAGT,CCAGGCTGGAGT
CTCCTCTTGGCT,CTCCTCTTGGCT
CCACCACGCCCG,CCACCGCGCCCG
TAAAAATACAAG,TAAAAATACAAA
GCATTTGTGAA,TCAGTTTGTGAA
TATTCTGCTGAT,GACTGCGTTGGT
TTTAAATCACCC,TTTAAGCCACTG
TTTGGTTTGAGT,TATGGTTTGA
GAGAATAACAAT,GGGGATAATAAT
ATATATAGATAT,ATATATATATAT
ATTAGAATGTT,ATTGTCTGTTT
TAACAAACCTGC,TAACAAACCTGC
CACATACATTA,TATATATATATA
ATAGTAACCTTC,ATAGTGACCTTC
AACTCTAAATAG,AAATATAAATAT
TCAAAGTGCTGG,CCAAAGTGCTGG
AACCTTAAATAT,AATCCAGATAC
AGTGGTCCTT,ACAAAAGTCCCT
AAACAGGAGCAA,AAAAGTGGGCAA
ACACATTAAA,AAATATATAAAT
AAATGGACAAAT,AAATGGGTGAAT
AAAACAAATTAT,TAAACAGACAAT
CACATAACATG,CGTATCAACATG
TGGACTTCGTTT,TGTGCCTCAGTT
TGTACATACAAC,TGTACAAC
GTTCAGCAAGTT,CTTAGCCAAGTT
CTATTTGTGCAA,CTTTTTGTAGAA
ATTAAAATTATA,TTAGAGGTCATC
CTTCCAGA,CTACCTCGCAGG
ATTCAACTCACA,ATTCAACTCACA
GAAAAAAAAGT,GAAGAGAAGAGT
TTAGGTTTCATT,GGAGGCTTCATT
GTTGTGATGTGT,TTTGTGTTGTGT
GAGAGACGGGGT,TAGAGACGGGGT
ACATTTTCCCTT,ATTTTTCT
GATGTTTGTATT,GATGTTTGCATT
GGCCTTATGGGA,GGCCTTTAAGA
GCATTGCCTCTT,ATGTCACCTCCT
GATGAGGGTACT,TACTAAAGCCTT
AGGCAGGAGAAT,AGGCACGAGAAT
TTTGGGAGGCCA,TTTGGGAGGCCG
GAGGAAAGGAAA,GAAAGAGGAAA
TGATGAGATGTT,TGATGGGATGTC
GTTGGCCAGGCT,GTTGGCCAGGCT
AAGTACAACAGG,TCGAACCCAGG
AGAGAAAACAAC,AGAGGGAACAGC
AACAAAAGCTTA,AACAAAA
GGTAAAAATTGG,GGCAATCATAGG
TAAAATCCCCCT,TAAGACCCCCT
GGAAATAGTTTG,GGAAACAGTTTG
CTTTGAGATCA,CTTTGAGAACCA
TATTTGCATCTT,TATTAACATCTT
TTTCAGACGGAG,TTTGAGACGGA
GTCTTCAGGATT,GTCTTCAGGATC
AACAACTGTC,ATCAACTGTGTC
TTGAGGCACTCA,TTGAAACACTCT
AAGTATTTTTT,AAGTTTTTATTT
CATTTTGTTTAA,AATCTTTTA
CCTTCTCTCTCT,CTCTCTCTCTCT
GGCTCACGCCTG,GGCTCACGCCTG
CGGCCTCCCAAA,CGGCCTCCCAAA
ATCTGCAAGTGG,ATCTGCAAGTGG
CGTATAAAA,CTTCACATAAAA
ATAAGATATATA,GTAAGGGGGATA
AGTTCGACATC,ATGCTCAACATC
CTGGTGTTCTTA,CTGGTGTCCTTA
TTCATAGAGCAG,TTCATAGAGCAG
AATGTTAGTATT,AATGTGATTATT
CCACTTTGCAAC,CCATTTTGCAAC
GATGAAGTCAAT,TCTTTAATTAAT
AGTGAAACTG,GGGGAAACTGAG
CAGCTGAGATTA,TAGCTGGGATTA
GGATGCTGCTAA,GGATGCTGCTAA
GGTAGACAAT,CCAGGAGAGGAC
GGATCTTTAATC,GGCCCTAATC
AAGAACAACTTT,AAGGTCAC
TATAGAATCTT,TATAGAACATTT
TCCCCAGTGTTG,TCCCCAGTGTTG
GATGCATTCGTT,TAAATGTTTGTT
AATGAAATCAGC,ATGATACCACC
GGTCCTAGTGCA,GGTACTATTATT
GTGCCAGGAACC,GTGCCAGGAACC
AACTCCCAACCT,AACTCCCGACCT
AAACACACTTTT,AAACACTCTTTT
CCTCACTGCCAG,TCACACAGCTAG
GAATTCACAGTG,GAAGTGACGGTG
TATATATATGTA,TATATATATATA
CCTTTTAATGGA,TCTTTTCATAGA
AATCACTCTTTT,AAACACTCTTTT
GTTGTGTGTATT,GATGTTTGCATT
AGAAGTACATA,GGGAGCGAGCCA
CAGAGAGATTCT,GAAAAGATTAT
CCCTTGTATAAA,CCCTTGTACACT
TGGCCGGGAGGA,CAGCCAGGGGGA
AATAATACCTTC,TGATCCC
AGAAAACTGACG,AAAAAACAGACA
CAGTATGCATCA,AAGTATGTCCCA
AAATAAGAATGG,AAATGGGGATAA
GTAATTTGATGC,ACAATTTGATGA
TGTGTGCGTGTC,TGCGTGCGTGCG
CTTTTTCTTTTT,CTTTTTCTTTTT
TTTGCCAAGCA,TTTTGCTAGGTG
ATTATGAAAAAT,ATTATGGAAANT
ATGCCACCATTG,AAGCCACCGTTG
CTGATGCCATAT,TTGGCGCCACAC
AAATGTAG,AAATGTATGTAG
GTGGGCCCAGCA,GTAGGCCCAGCA
TCTTTCTTTTCT,TTTTTTTTTTTT
AAAGAAAGAAAG,AAAGAAAGAAAG
GGTTGAATCCTA,CGTCTAATCCCG
TTATTTAAT,TTGTTCAAATCT
TAAAATAAAATA,TAAAATAAAATA
ATCACAAAGCAG,ATCACAAAGCAG
AATAGCCACAA,AATTGCCACAAA
TTCTCCACACTC,TCGCCCAACTC
TTTTTTAAGACA,TTTTTTGAGACA
AGGCAAGGTAAC,AGATGGGGAAAC
GTTTGATTTTTA,GTTTGGTTTTCA
GAAACTTATTTG,GAAACTTCTTTG
ATCCTTCCCAAG,GACTTGCCCAAG
CTGTTCTATCCT,CCATTCTACTCT
ACACTTTTGATT,TAATTTTTAATT
AGGTAAGACCA,AGGCAGACCTG
AATGTAAGCAC,GAATGTAAGCTC
ATATTATACTCT,GTGCCAGGCACT
TGCTAGACAGAA,CGCTAGACAGAA
TCTTTTTTTTTT,TTTTTTTTTTTT
AGGAATAAAACC,AGGAATGAAGCC
TCCCTCACTCCC,TCCCTCCCTCCC
GATTGACCCACC,GATCCGCCCGCC
GAAGGAAGGAAG,GAAGGAAGGAAG
TGTGGAAGTGGA,TCTGCAAGTGGA
TCAAAAGCAGAC,TCCAAAGAAGAC
GTTGCAGTGAGC,GTTGCAGTGAGC
CCATGATTATGA,CCATGATTGTGA
GGCGACCTCAGG,GGCGACCCCAGG
ACCTCCACCTCC,ACCTCCGCCTCC
ATAAAAACTAGA,ATAAAAACTAGA
CCATTGTTTTGG,CCATTGTTTTGG
AGAGCAGTTTTG,AGAGCAGTTTTG
GTTTGCCCAGGA,GTTTGCCCGGGA
GCCTTTCTTGCT,GCCCTTCTTGCC
AGGTAGC,CAAGAGGGAGCG
GAGATGAGAGTC,GAGACGGGGTC
GGTTAATGCAGA,GGTCAAAGCAG
GGCATTTGAGCA,GACATTTGAGCT
AGGGCCCCTTCT,AGTGCTCTTTCC
TTCCCTTGTTA,TTCCTTTTGATA
TAATTATGTAAA,TATATATATATA
GGCTCACACCTG,GGCTCACGCCTG
TGTTTTTAGTA,GTATTTTTAGTA
TTGCGCCACTAC,TCGCGCCACTGC
ATTTATATAAGT,ATATATATATAT
TCTTGCCTACT,TCTGCCTGACT
TGCAGGCCCTCA,AATGGGCCCTCA
ACCACAGAAGTT,ACCAGGGAAGTG
AAAATTTGAAT,AAATTATTAAAT
CTTTTCAGCATC,CTTATCACCATC
ACTCACCAGGGG,ACTTACTAGCTG
CACACACACATG,CACACACACACA
TTGTGCCTTTTA,TTGTACCTTTTG
ATTTTTATGTA,ATATATATATAT
ATCTCCAAGTGG,ATCTGCAAGTGG
TACGTTGGAAAA,TTCGKTGGAAAC
GTAGGGT,GTAGGTTGCCTT
GGCTTATCAAAT,AGTTTACAAAGC
GATAGTGGCCTC,GATAATGGCCTC
GCATACAAGAAA,GCATACNAGGAG
CCCAGCTACTCA,CCCAGCTACTCG
CACATGCCAGGT,ACCACTCTAGGT
AAGGACTCTCCT,AGGCACTGTTCT
ATGTCTG,ATGTCTGGGATT
CTCAGCTACTCG,CCCAGCTACTCG
GAATCTGAAAGT,GAATCTGCAAGT
AAAAATTAGCTG,AAAAATTAGCCG
AATAAAAAATAA,AATAAAAAATAA
TCAAAAAAAAAA,TCAAAAAAAAAA
AACCCCAATATT,AATCCCAGCACT
TCCAAGGTTGAG,TCTGGGGGTGGG
AGGGTCTTACTC,AGGGTCTCGCTC
CTCAGAAACTGC,CTCAGAAACTTC
CCTTTATGGCCT,TCATTGAGGCCT
CTCATTTTATG,CTCATTTTACAG
TGCGAATGGCAA,TATAAATGGTGG
CTAATCTAGTGG,ACAGTCTAGTGG
ATCTAGACAGAA,AACTAGACAGAA
GAATTTTTTTTC,GTCCTTGTC
TGGCAGAGCTGT,TGGCAGAGCCGG
TAATAATGAAGC,CAAAAATTAGCC
CACCGCACCCGG,CACCGCGCCCGG
CTTTTTCTGT,GTTTTGTTTTGT
GCAGCTGTCTGA,CTMGCTGTGTGA
GAATGAAGA,GTACAAAGAGGA
TGGCTCCTGTAA,GGCGCCTGTAA
AACACCTCATTT,ATTAACTCATTT
GTCCCCCAAAA,TCCCCCCAAAAT
AGTGAACTACGA,ACTGAACTGCAG
CCTCCCTTCCAT,CCTTCCTTCCTT
CTGTAAGTGGAT,CTGCAAGTGGAT
TTTCTTTTCATA,TTTCTTTTCATA
TATTTATTTATT,TATTTATTTATT
GCCGCAGAG,GGAACAGCAAGT
GAGGTGTGCACT,GATGTTTGCATT
GTATTTTTTTTA,GGATTTTTA
AGGAGTTGGGG,GGGGGTTAGGGG
TGAGATAGCCTA,TGGTATAGCCTA
GTTTTTTT,GGCAAGTTACTT
TAGCTTAGAT,TGGCTCTCAGGT
GCTTGGAACTTT,TGTGACCTT
CTTGTTGCCCAG,CTTGTTGCCCAG
TAATTAATTAAT,TAATTAATTAAT
CATTCAACTCAC,CATTCAACTCAC
GCAGTGAGCTGA,GCAGTGAGCCGT
GGAGTACAGTGG,GGAGTGCAGTGG
TCTAAAATTTAA,TCTGAAATTCAA
TGCAAAAGTAAT,TGCAAAAGTAAT
TGATTTCCTTC,TATCTCATTTA
TCACATCTTGAG,CCTCATCTTAA
GCAGTAGCTTGC,GCGGTGGCTCAC
TTTTGGAAACAC,GTTTTGAAACAC
AATTCATGACTG,ATCTCTCGCCTG
TATTGGTTGCTG,TATTAATTTCTA
ATTTCTTTCTGA,ACTTCTTTGTGA
AATATGAATAT,AATATTAATATT
GATCTGCCCAAT,GCACTGCACAAC
CCAAATTACCAC,ACAAAGTACCAC
AGTCTCACTCTG,GGTCTCGCTCTG
TTGTTTGTGATG,TTCTTTGTGATG
ACATTATAATAT,ACATACTATAT
CGAGACCCTGTC,CGAGACTCCGTC
TTAAACTTGAAA,CTAAGTTGGAAG
TTGGATTTTGTT,CTGGATATTTTT
TCTTCGTAAAGA,TCTTCGTATAAA
TCTCTGATTTC,TCTCTGGGCCTC
ACCCGGTTTGCA,ACCCAGTTTGTG
CACACACACACA,CACACACACACA
GCTGGGTCAAAT,GCTGGGTCAAAT
ATTTACCTGAGA,ATTCACCAGT
ACAGCTGTATAA,ACAACTATGTAA
ACCAAAAATATA,ACTAAAAATACA
TGTCTCC,TGTGTCCCCAGC
TAGTCCCAGCAC,TAATCCCAGCAC
TCAAAGGCAAAG,TAAGTGGCAGAG
ACTTTATGTCCA,ACTGGATATCCA
AAGAGATCCACT,TAGTGTTCTATA
AAAAAGGAAATA,GAAACGGGAATA
TGGTCAAAGGAG,TGGTCAAATAAG
CAGCATTTATGA,CAACATTTATTG
AGGGATTGAAAA,GAGGATTAAA
AATGAAGAAACT,GGTGAAAAAAAT
TAAATGCCCACA,TGTATCCCCA
TTCTCCTGCCTC,TTCTCCTGCCTC
TTTGATTTTAGC,TTTAACTTTAGC
ACTTTGGGACGC,ACTTTGGGAGGC
GGATTCAAGTCC,GGGTTCGAATCC
TGTTTGCTTGCT,TGTTTGTTTGTT
GGGTCCAGGGGT,GGGACCAGGGGG
TGATAGAGCAGT,TGATAGAGCAGT
GTTTTCAGAGCA,GTTTACAAAGCG
GGGTCCCCGAG,GGGTCCCCCACG
TTTGTGTCTG,TCTGAGCCTCAG
TCATGGCTGTAA,GCGCGCCTGTAG
AAAACTGAGGCC,GAAACTGAGGCA
GCGGACGTTGCA,GCGGAGCTTGCA
CAAGAGTGGCAT,TAATGGGAGTAT
TTTGAAACTGAG,TTTGAGACGGAG
GCAGCACCACAC,GCGCCACCACGC
TGGGCAGTCAAG,CGGGCGGTCGAG
AATTGGTTTACT,AACTGGCTTATA
AACTCAGGTGAT,ACCTCAGGTGAT
AGAAGAATCAAT,GGAAGAATCAAT
CTAAGTCTGTTT,CCAGGTCTGCCT
CTGACTCTGTGA,TTGACCTCGTGA
CTCAAACTTGCT,CTCAAACTGGCT
TTGGGACAACTC,TTGGGATAACTC
ATTAACTAGTAA,ATAAACAAATAA
CGTGGTATCCAC,GCACCCAC
CCATTCTCCTGC,CCATTCTCCTGC
CGGAGGGAGGGA,GGGAGGGAGGGA
ATTATGAAAG,ATTATAAGGGAA
CGAAACTCTGTC,CGAAACTCCGTC
AATAAGAGTACC,AATAATAGTACC
CCTTGAGCTCT,CACTTAACCTCT
TTATATCTCAAT,TTATATCTCAAT
AAATGAGTTAGG,AAATGAGTTAGG
TTTGCTAAGACA,TTTGCTAAGAGA
TTTTTATTGAAT,TTTTTATTGGAT
GTTACATATGTA,GTTACATATGTA
TGTATATTATA,TATAATATAATA
ATTCTCACAAAC,ATTCTCAGAAAC
GCCCGGGCTTCT,GCCTGAGCTTCT
AGGCCTTCGTTG,AGGCCTTCGTTG
CCAGGTCTTCCT,CCAGGTCTGCCT
TATTCTGCAAGC,TATTCTGCTGT
AATAATGAGAAC,AACAATGAGAAC
TCTGTAGTATT,TCTCTAAGAACT
GCTTGAACCCAG,GCTTGAACCCGG
AACAGTCAACTG,GACATCCAAGTG
ATTCACTTATCT,AGTCACTTAACC
AAATGCCAAAAT,TAAAACCACAAT
TGAGACTCCGTC,CGAGACTCCGTC
AAACAACATCCA,AACCAGCACCCA
ACTGAAATGCCA,ACCGAAACGCCA
ATATTAGAGCG,ATATTTGGASCK
AGTGGATATTTG,AGTGGATATTTG
AATTCACAGAAG,AATTGACAGAAG
GATGGTGACAAT,GATGATGATGAT
TAAAGGGTAGGA,GGGAGGGTGGGA
CAATAATAAGAA,CAATAATAAGAA
TTAGTAGAGCTG,TTAGTAGAGACG
ATCTCGGTTCAC,ATCTCGGCTCAC
ATTTCGTTGGAA,MCTTCGKTGGAA
AGAAGCTGATTT,AGAAACTGCTTT
AAATATAACT,AACATAAACAT
GATCACATGAAG,GATCACCTGAGG
TTTTAAGTGATG,CTCTGAGTGAGA
CTGCTTTGGGAT,CTTCTTTGTGAT
TTGTACATTGG,TGCACATTAGC
GATGCCCTGTGT,GATATACTGTAT
TAAGGAATTCAA,CAAGGAACGCCA
GGTCTCAAACTT,GGTCTCGAACTC
TCAGCCTCCCAA,TCAGCCTCCCGA
TTTGAGGCCTAC,TTTGAGGMCTTC
TCTACTAAACAT,TCTACTAAAAAT
CACACTAGCTGG,CACAGGGCCTGG
TGCATCAGAATC,TGCATCAGAATC
ATACACACATAA,ACACACACACAC
CAAGCAACAGGG,CAAACTACGGGA
AAAAAAGAAAAG,AAAAAAAAAAAA
CTTTCAGGCCTA,CTTTGAGGMCTT
AGTTCAGCCCCT,AGTTCAGCCCCT
TCAAGAATCATT,GCAAGAATCATC
TAGACCTCCACA,TAATGTGCATA
TTTGCCTATTTT,TTTGCCCATTTT
ACTGGAGGAGGC,AGATAATGC
CTGACACATGCT,CTGACACATGCT
AAACAAACAAAC,AAACAAACAAAC
CCCCTCTGTCCC,CCCAGGTGTCTC
AACTCCTGACCT,AACTCCTGACCT
GAATGGGAGTGG,GTATGAGAGTGC
TAAATTTTTCTG,CAAATGTTGGCG
ACTCTAAATTAA,GAACTGAATTT
GACAGGGTTTCA,GACGGGGTTTCA
TGGCCCTAAAAG,TGGCTATAAAAG
AGTCTGGAATTT,AACCTATGATTT
TGCTGGCATCTG,TGCTGGCATCTG
ATATATTT,ATGCAAATATGT
TATAATGCCAGC,TGTAATCCCAGC
TTCACATGCTAT,CTCATAAACTGG
GCTTCCTCTGAG,CCTCTCTGAG
TAGTTTAACATA,GGGTTTATGGTG
CCTGTCCCCCGG,TCCCTCTGCCTG
TACAAGGGGAT,TAAAATGGGGAT
CTTGCCATATTG,CTCGCTATGTTG
ACGTTAGAATTT,AAATTTGAATTT
GAATTCGAGACC,GAGTTCGAGACC
AAATTGTTCTTT,GAATTGCGCTTT
ATTGGCTGACCA,ATTTACTGAGCA
AGGTAGATAACA,AGGTAGGTGAGA
AAATTTCTTTTT,AAATATTGCTTT
TGAACCTGGGAG,TGAACCCGGGAG
ATTTATTTATTT,TTTTTTTTTTTT
AGAAGGCACA,AGGAACAGGAA
GCAATGCCTGGC,ACAGTGCCTGGC
GAACAGAAAGAC,GGATAGGAAGAC
GGTGTTCTAAAT,GATGCTCCACAT
TGCCCAGGCTAG,TGCCCAGGCTGG
GCTTCCTGTGAG,GGTTCCTGCGAG
TGTACCAATAA,TGTTCCAATAAA
GGGCTCAGGCAA,GGGATGGGGGAA
ACATCAATAGCT,GTATCAATAGTT
GATACCTGCCTT,GATGTTTGCATT
GATGGTGTCTCC,GATAATGTCTCC
CAGTCTCCCAAG,CAGCCTCCCGAG
CTCAGCAACTTC,CTCAGAAACTTC
CAATTCTCCTGC,CGATTCTCCTGC
TCAATGCAATGA,ACAATACAAGGA
TGAAGAGTAAAA,TNGAAAGTAAAA
TTGTAATATCTC,TTGTAATATCTC
AGCAAAGGATAT,GGAAACGGGAAT
TTATACTGATAG,TCACACAGCKAG
GGCTGCCT,GAACGCTCCCTC
TTTTTATGTGAA,TTTTTATGTGAA
CTCTGCCTCCCA,CTCCGCCTCCCG
GGAACCATGAAC,GGCGCCACGAAC
AATTAACAAGTA,AATTGACAAATA
GATTTCGTTGGA,GMCTTCGKTGGA
AGGGTCACACTG,AAAGTCACATTG
CTCCAAGTAGC,CTCCCGAGTAGC
GCCTTTTTTA,ACCTTGTTTTTA
TTATCTCTATAT,ATATATATATAT
TCAGATTTACA,TACAGATTTACA
TTACCCTGTTTT,TTACCCTGCTTT
ACATGAAGTTGC,ACATGCAGTTGT
GAAAAGGAAATA,GAAACGGGAATA
TATGGACTACTA,CATAGAATGTCA
ACGAGAGGAATT,ACCAAATATATA
AATAATAATAAT,AATAATAATAAT
ATGTTTGATAC,GCTTTCACATAC
GGGAATATCTTC,GGGAATATCTTC
GGTGATAAA,GGGGATAATAAT
AAAAACAAACAA,AAAAAAAAAAAA
GATCCCCTGCC,GATCCGCCCGCC
GTAGTTATTGTT,GGGGTTATTATT
GCAATCAAGTCA,GCATTCAACTCA
CAATAATGACCT,TAATAATAGTCT
TACTTCTG,ATAGCACTTAT
CCTGAGGCCAGG,CTTGAGGCCAGG
CAATGATGAGCA,CAGGGATGGGCA
CCCGGTAGGCGG,CCCGGGAGGCGG
TAGAGCTGAGGA,TACAGATGAGGA
GATATTTTAAAC,CATATTTTAAAA
CCTTTTCTTTTT,TTTTTGTATTT
GAGAGAGAGAAA,GAGAGAGAGAGA
AGCATATG,CGCACATGTGCG
TGTCACTTCCTC,TGTCACCTCCTC
ATGTAACACATC,ATATACTACATC
ATGGTCACTCCA,GGGGCTGCTGGG
GAGAAAGGGG,AAAGAAAGAAAG
GTGGACATTTGG,GTGGATATTTGG
AATGTCTAATGG,AATCTCTAATGG
GGATTACAGGCG,GGATTACAGGCG
GCTAGAGATTGG,GCTAGTAAGTGG
ACTCTGTGTCCT,KCTTTGAGGMCT
GCCCCCATTCTT,GCCCCCATTCTT
TTTTTTTGAGAG,TTTTTTTGAGAC
TGACAGAGCAGT,TGATAGAGCAGT
AGTGGAGACTGG,AGTAGAGACGGG
TTCCTACTTTA,TACCCTGCTTTA
AGATCACGCCAT,AGATCGCGCCAC
GATCTCGGCTCA,GATCTCGGCTCA
TTAGCTGAGTGT,CTAGCTGTGT
GACTCCCAGGTC,GACTCCAGGTT
GAATGTGAAATT,GAATGAGAAATT
TTTGGTTTTTAT,TTTATTTTTTAT
TAAGAGTATA,CAGGGAAGTGCA
AATACAATGTT,AAGAATGAAGTT
TATAATGGGAAT,TGACATGAGATT
TGTGTGTCTGTG,TGTGTGTGTGTG
TCCTCCTCCTCC,TCCTCCTCCTCC
CACCTCTGCCTC,CGCCTCGGCCTC
CAGGCTCAAGTG,TGGGCTCAAGCG
ATTTTGCATCAA,CTTTTGCACCAA
AGATTGCAACAC,AGATCGCGCCAC
TGTGGTGGAAAA,TTCGKTGGAAAC
ACAAAAAAAATC,ACAGAGAGTTC
AAATTAATGAAT,AAATTAAAAT
AACAACAACAAC,AACAACAACAAC
AAACACTCTGG,AAACACTTCTGG
CATTTTACACAA,CATTTTACAGAT
GATGTATTCCTA,GATGTATTCCTA
AAGAAAATATT,AATACAAAAATT
CTCAGAAAGGCT,CACAGAGAGGTT
AAACAAACAAA,AAACAAACAAAC
TCTTACAATAAA,CCTCACAACAAC
TTGTTTGTGCC,CTACTATGTGCC
AAAAACTAGACA,AAAAACTAGACA
TCTACCAAACTC,TCTNCCAAACAT
GAAAGGAAGGGA,GAAGGGAAGGGA
AGCTTGTTTTT,TGTTGTTGTT
TCAGTCACCAT,GCCAGCCCCCAG
ATGTATTTTT,GTATTATTAT
TGTCACATGTTG,AGCCACATGTGG
AACTTATCTAT,AACTGTATCTGT
GTAATGAAAATC,GTAACTGAAACC
AAATAGTG,AAATGGATAGTG
CCTGCTGGCACC,CCTGCCGACACC
TATATATATATA,TATATATATATA
TAAACATTTTTT,TAAATAGTATTT
AGAATCTGCATG,AGAATCTGCAAG
GTCTTTCTGATT,GTCTTCCTGACT
GGGAGGGAGGGA,GGAAGGAAGGA
ATATATATATAT,ATATATATATAT
TTTTAACAGAT,ATATCAGTACAT
GAAAAACTAAAC,TAAAAACTAGAC
CACTCACCTTAC,CACCCACTTC
TGAGACTCCATC,CGAGACTCCGTC
CCCAGTAGGTAG,CCCGGGAGGTCG
AAAATGCATAAA,AAAATGTAAAAA
GGTGGGCACCTG,GGCGGGCGCCTG
GTGAAAGACCAC,ATCGAGGGCCAC
AGATTAAAAATT,AGAGCAGAAATC
AGCACTTTGAGA,AGCACTTTGGGA
CTCTTTCTCTGC,CTCCCTCACCTC
AGCAGGTTGTGT,AGCAGGTTGT
AGGACACAGAG,AGAGAGAGAGAG
GCACGCT,AAGCGCTTTACA
CAGTTCCATGTG,CAGTTCCACATG
TCTTTAAGTGGA,TCTGCAAGTGGA
AAATGCAACCTC,CACTGCAACCTC
TTATTAGACATC,TTACTGAGCACC
TTTCTCAGAAAG,TTTCTCAGATAG
ACATATATAA,TATATATATATA
ACTGAGTTTCAC,ACGGAGTTTCGC
CAGTCAACTCA,AATTAAAAATTA
ATTACAACAACA,ACTGCAACAACG
GCGGGGACAAAT,GCGGGGCCAAAT
AATATGGAGCAA,GATGTGGAGCAA
CTGCAACCTCCT,CTGCAACCTCCG
TTTTGCTTCTGT,TTTTGCTTTTGT
AAAATAGAAAGC,AAAAAATAAAGT
AAATTGTGTTCT,AAATCATGTCCT
CACGGACACACA,CACACACACACA
ATTCAGACCCCA,ATTCAGACCCYM
CCAGGCTGGACT,CCAGGCTGGTCT
GCCTCCCAAAGT,GCCTCCCAAAGT
AAAGTTGGAGGA,AAAGTTGGAGGA
CCATGTTGACCA,CCATGTTGGCCA
AGGGAATGAAAG,AGAGAATAGAGG
GGGACATCACCG,GAGATATCACTA
TCGAAGCCATTC,TCAAAGCCATTC
CCATATCCCAG,CTGTATCCCCAG
TGCACTTAGGAA,TGCTGTGTTGAG
GGCAGTGAGCCA,TGCAATGAGCA
AGAAAAAGGTCT,AGAAAAAGGTCA
GCCTCCCAGGTT,ACCTCCCGGGCT
GGCGTGGTGGTG,GGCGTGGTGGCG
CGTTGGAAACAC,GTTTTGAAACAC
ATAAGGT,CTCATAGGGTTG
GATTATTTCATC,GATTATTTCGTC
ATCTAATAAGC,ATCTAAACAAGC
GGATATTTGGGC,GGATATTTGGAS
AATGATTAGGCA,AATCATTAGGGA
CTAATTTTTTGC,CTAATTTTTGT
ATACTTCCCTTG,CCACTCTCCCCC
TTTTTATGTCCT,CTTTGATTTCTT
CCAGCCTGGGCA,CCAGCCTGGGCA
TGAGAACAAAGA,TGAGAACAAAGA
TGTTCCTTAACT,CATTCATCAGTT
TTAAAACTCTGT,TTAAGGTGT
TCCCTATTCCAG,TTCATCTTCCAG
GCTGCTCGGGAG,GCTACTCGGGAG
TCTACAAAGAAC,TCTACAAGGAAC
TCCCTTTCCCAG,TCCTTTTGATAG
CGTATGTTTATT,CGTATGTTTATT
TTTTGAGATTTG,TTTANACATTTG
TTGCATTCAAGT,TTGCATTCAACT
ATGGTGGT,AAAGAAGTGCAA
CAAGAATACACT,CAAGTATACAAT
TAGAGATGTGGT,TAGAGACGGGGT
GCTAAATTTGAA,GCTCAATAAATA
AGGCTGCAATGA,AGGCTGCAGTGA
CCCATTAACTCA,CCCACTAACTCG
CTTCTGTAAACT,CTTCTCTACACT
CAGAATGATTCT,CAGAATAATTCT
TGGGATTACAGG,TGGGATTACAGG
CACCTCCCAGAC,CATCTCACAGAG
CAAAATACCACA,CAAAATACCATA
GGATCAAAGTTG,GGACCAGGGTGG
GATGCCAGGAGT,GATGCCAGTAGC
CTCATGAGATCT,CTCGTGAGATCT
ATCAAAAGTAA,ATAAAAGATAA
GATTCATTAGA,TGATTAATAAAA
ACAACAATAC,ACAGACAATTAC
AGGCATGTTA,AGTCACTTAAC
GAAGGCAGTGTG,GAAGGAGGTGAG
GATGGATCCTGA,GATGGATCCTGG
TATTTCTGGTAG,ACTTTCTGGGAN
ATACATTTACAC,AAACATTCAAAC
AAAAAGGACTAC,AGGGGGGACTAC
CCTTCCTACCTT,CCTTCCTTCCTT
CCTTGTCATTGA,CCTTGCCCTTGC
CCTACGCTAGCT,CCTAAGCTAGCT
AAGAAAGAAAGA,AAGAAAGAAAGA
GTTGTTTATATT,AATGTTTACATT
GTGTGCCACCAT,GCGCGCCACCAC
TTAAGAAGGGAA,TTGAGCAGAGGA
AGAAAATAAAC,AGATGAGGAAAC
CTGAAGACCAGG,CAGGAGACCTGG
TTATTCTAAATA,TCATCCCAGACA
ATTGGATGTGGT,ATTGGATGTGGG
CATAAAACAC,CAGGTAACATAT
AGCCTGGGCAAC,AGCCTGGCCAAC
TGCCTGTAATCC,CGCCTGTAATCC
CTTAAAAATAAA,CTAAAAAAAAAA
GACCTCTTAACA,GACCCCTTTACA
AAGTGAAAAAGT,TGGTGAAAAAGC
CAGAGCAAGACT,CAGAGCGAGACT
TATCTTCCCATA,TATCTTCACATA
AGAAGCTTCTTT,AGAAACTTCTTT
AGAAAGGAAATA,GAAACGGGAATA
TGTGGAATTTGC,TGTGGAATTTGC
GGAGAACCACCT,TTAGAATCACCT
CTGAGGCAGGCG,CCGAGGCGGGCG
ACTTACTCTGCC,TCTCGCTCTGTC
CTCAGCCTCCTG,CTCAGCCTCCCG
TCACATGGCAGA,TCCCATGGC
GATTGCATTCAA,GTTTGCATTCAA
TGGTTCTCAACC,TGGTTCTCAACC
CATTCCTGTGAT,CATACCTATGAT
CTCATTCTATC,CCTACCCCACCT
TTTGCATTTTTA,TTTGTATTTTTA
TTGAAACA,ATGGGGATAATA
GAAAGATCATCC,GCAAGACCCTCC
TAGCCAGGCGTG,TAGCCGGGCGTG
CAATAGATGCAA,CAATAGATGCAG
ACATATGTATTT,ATATAGATAT
TCTAAGATGGAA,MCTTCGKTGGAA
ACCAACCCATCT,ATCCATCCATCC
CTAACAAGAAAG,CTAACAAGAGAG
GAAGCTGGCAC,NGAAACGGGCAC
CCTGAGGTCAGG,CCTGAGGTCAGG
GGACAGCAGTGG,AGGCAGCAGTGG
GCTGTGGTGGGT,GCTGAGGCAGGA
CTATTTAAAA,CTATTTAAAATW
CTTTAGTGTCTA,CTCTGRGGTCTC
AAAAAAATCAGT,AAATTATTCGTT
AATAATGTTCCC,AGTAACTTGCCC
GAATTACTAGAC,GAATTACTAGAA
TTTCTGTTTTAT,TTTTTTTTTTTT
TTGTGATATGTG,TTGTGATGTTTG
CAATGGCGCGAT,CAATGGCGCGAT
TAATATAAGCAT,GACTGTGAGCT
AGAAGACAAAAT,GGGGCTCAAAAT
TCATCTGGCA,AATCTCTAATG
TTATTGAGTCAG,TTTTTGAGACAG
AAAGGGAAACC,CCAGGGAAAACT
CTTACCAAAGTG,CCTCCCAAAGTG
GCATGCCACCAT,GCGCGCCACCAC
TTTTGGAGCGTG,TTTGGGGGAGGG
GGCCACATTGAG,AGCCACTGGAG
AGAGAGAGAGAG,AGAGAGAGAGAG
GAGTCTTGCTCT,GAGTCTCGCTCT
AACATTTACTGA,AACATTTACTGA
TCGAACCTGGGA,TTGAACCCGGGA
TCAAGAAGCAGC,TCGAGGAACAGC
CAGGGAGTGGGG,CNCGGAGG
TACTCTGAAAAT,TGGTTTGCAAAT
CTCTCTCTCTCT,CTCTCTCTCTCT
TCTCGTGCCTCC,TCTCATGCCTCC
TTCAAGGACT,GGCAGGGACCGT
TCCCTCTCTGTC,TCCCTCTCCCTC
ACAGGCATGTAC,ACAGGCGCGCGC
GTCACACAACTT,GTCACACAGCTA
TGGGATGTGAGG,CGGGCGGG
TATATATTTTCT,TGGATAATTTCT
ATGCAATGAGGT,ATTAAATGAGAT
TTCTTTAGTGGT,TTCTTTAGTGGT
GCATACAAGATT,GCATACGAGAGT
TAGACAGAGGA,CTAGACAGAAGC
CACGATCATAGC,CGCGATCATAGC
GCAGAGATATGT,GCAGAGATATGT
CAGGAGTGCAGT,CTGGAGTGCAGT
TTTTGTTTAGAT,TTTTATTTGGAT
GCATATTATA,GCGTGCATCAGA
GCCAGCACTCT,CCCAGCTACTC
AACAACAAAAAA,AAAAAAAAAAAA
AAGAAAACAT,AARATAAAACAT
CAGTGGGAGAGT,CAAGGAGAGAGG
GTGTGTGTGTGT,GTGTGTGTGTGT
CCTAGCACTTTG,CCCAGCACTTTG
TCAAGGTGTGGT,TCCAGTAGTGGK
TTCTTGTTTGTT,TTCTTTGTG
TATCTATTCAAT,CATTCATTCAAC
CTGACTCAGTAG,CTGATTCAGTAG
AAACTAAAAG,AAACTAAAAATA
TGCTTTGTGATG,TTCTTTGTGATG
ACTTTTGTTATC,ATTTCCATCACC
AACAGCAAGTGA,AGCGGTGAACA
TTGATTCCAAGT,TTGATTTCTAGT
TGCGTTTAATTG,TGCATTTAGTTG
TGGATAAAAAA,GGGAATAGAACC
AATCTAGGGAGA,AAACTAGACAGA
GGCTATGCAGGA,GGCTGTACAGGA
TATAACCTAGTC,TATGACCTAGCC
TGCCTATGGTGG,GGMCTTCGKTGG
AACATGACTCAG,AACCTCATTTGG
AAGTTTTGCTTT,TNGTTTTACCTT
CAAGTCTCCTAA,CAGGTCTCCCGA
CTACGCTGAAAA,CTTCGKTGGAAA
CTAAAAATGTTT,CTAAGAATGGTT
CACCCCTGGCTA,CACGCCCGGCTA
ATCTCCTAGAAG,ACCCCTGGGGAG
TGGCTCCTCTAT,TGGCTCCGCCAT
TTCCAATTATTT,TTTCTATTCTTT
GGCTGGATGCAG,GGCCGGGCGCGG
TTATATTATTGA,TATTATTATTAT
GAACTAGAATCC,CAGTAGGTC
GCCAGGCGTGGT,GCCGGGCGCGGT
ACATCCCAACA,ACACACACACA
TGTAATAT,TGTAATGTCTTT
ATATACATCAAA,AACTACTACAAG
TTCCCAGTAAG,TGCCAGGCACTG
GCCTCAACTTCC,GCCTCGACCTCC
AAATGAATGAAT,GAATGAATGAAT
AGCAGATTTGAA,AGCAGTTTTGAA
TGAATTGATTGA,TAAATTGATTGA
GACCATTATTCT,GGCCATTATTCW
GGATTTCAATCT,GGGTTCCAATTT
TCCTTCCTTTCT,TCCTTCCTTCC
TTTTTAAAAAGC,ATTTCAGAACTC
ATCCTTCATCAA,GTTTCTCCTCAA
CATTTACACACT,CACTTCTACACT
AGCCGAGATCAC,AGCCGAGATCGC
GGAAAAGGACTT,GGAAAAGGACTT
CTGTCTGTCACT,CTGTCTCCCCCA
AGAAAGAAAGAA,AAAAAAAAAAAA
TTCTTTATTTCT,TTCTTTCTTTCT
GTCCAATAAATG,GCTCAGTAAATG
GTCTAGTAAA,CATTCTAGTGGG
AATATTATCAC,TAATAATAATAA
TTTCGAGCCCCT,TACTGAGCACCT
TTTTCTTTATTT,TTTTTTTTTTTT
TTCAGTATCCTC,CTCAGTTTCCTC
GTGATATAGTTC,GTGATATTGTTC
AATAATAAAATA,AATAAATAAATA
TCAGGAGTCAG,ACAGGGGCCAGG
AGAGTTTAACCT,AGAGTTTAACCT
TTCATTCATTCA,TTCATTCATTCA
ATGTGTGTGCGT,GTGTGTGTGTGT
CATTGGAT,TAACTTGTATTG
AATGGATCAGAA,TACAGATGAGGA
TGTCTATCCTTT,TGTCTNTCTTTT
TTCTTTCTTTCT,TTCTTTCTTTCT
TTAGAATAGT,GCTTAGAACAGT
CTCTCTCGAAAA,CCGTCTCAAAAA
TTGCTTTTAACT,CTGTTTTTACTT
TTGTCATAGTTT,TTTTTTT
ACCTCCCGGGTT,GCCTCCCGGGTT
GCACTCAGGCAC,GCACTCAGGCAC
AGGAAGAGCAG,GGAGACAGACAN
ACTGAACCCTTC,ACTAAATA
CCACACATGAGA,CCAGGTATGAGA
TTCTTTGGGATG,TTCTTTGTGATG
AAGAGCAAGCAG,GGGGGCCCAGAG
TCTGCGATATAG,TCTGCCACTTAC
GGAATCCAACTG,GGAATCCAACTT
CATAGGCAA,AGTAAGTGGCAG
AATGAATAATGG,ATTGGATCATGG
TGGGCATGGTTG,CGGGCGCGGTG
CCTCTGCA,CCCGGCTCTGCC
AGAGGGAATTTC,GCAGGAGATCTG
AAAACAAACAA,ACAAACAAACAA
AGTGTACACCTC,GGCGCGCGCCAC
AGAGGAGCCCGA,AGAGGAGCCT
CATAGTCTTGTA,CATGGTCTCGT
GCAGCAGCAGCA,GCAGCAGCAGCA
TATGACGATAA,TATTACGAATAA
CAGGAAAGAAGG,AGGAAGAAGG
TTACAGGAAAGG,TTACAGATGAGG
TGTGGAATCTGC,TGTAGAATCTGC
ACTTTCTGTCTC,AGTTTCCTCATC
ACACAGTGTACT,ATGTAGTGTACT
CCCCCGGCAGCC,CCCCTGGCAACC
CATATTTGGAGC,CACCTGGAGGGC
CACACAATGGAA,CATACAATGGAA
AGCATTCTGAGA,AGCATTCTCAGA
ATAAACAG,ACAACCGCAAGG
TATTGGGCACCA,TATTGAGCGCTT
TTGAGGCTGGCC,TCGAGACCAGCC
CTGGGCCTCAAG,CTGAGCCTCAGT
TTTTAGTAGAGA,TTTTAGTAGAGA
TCTGCAGTTGTC,TCTGTGTTTTA
GCTTGAATCTGG,GCTTGAACCCGG
ACACATACACAC,ACACACACACAC
GTTCAGCTGCCA,GTTCAGCTCCCA
TGAGTTAAGAAG,TCCGTAAAAATG
GTGGGGACACAG,GTGGGGACACAG
AATAAAAAATA,AATAAATAAATA
AATGCATGCTTG,AATGCAAGGTTG
TGAAATTGCACT,TGAAATTGCACC
AATTTCAATAAT,TATTGCAGTAAT
AGGGGTCTCGGG,AGGGGTCTGGGG
AAATATCTTCCA,GAATATCTTCAC
TAGCCAGGTGTG,TAGCCGGGCGTG
GTGACCGGAATT,GTGTCCGGAGTT
TCACACCCCATT,TCTGACCTCATC
TGGATGAACCCA,TGGGCGACCCCA
ATATAATCAAAG,ATCTAGTCCAAC
TTGGTGGAAAAT,TTGGTGCAAAAG
AAAATAAATAA,ATAAATAAATAA
TTGCCACTGGAT,CTGCCTCTGGAC
AATAAACTCAAA,ACTAAACCCAAA
GCCGGGTGGTTG,CCCAGGTGATTC
ACTTTTTGTTT,ATTTTATGTTAT
AAAAAAATTAGA,AAAAAATTAGC
GTCTGCAGCTGC,GTCGCCAGCTTC
GCCATAGATAGT,GCCATAGATAGT
AAGCAACCAGAT,GGGCACACAGCT
ATCATCCTCAAG,ATCACTCTCAAG
CTAAAAACCAAA,ATAAAAACTAGA
CAGAACTAAACC,CAGAGTTGAACM
TTTTTATTTGCT,TTTTTATTTGCT
AGCTTCCACCCA,AACTTCCACCCA
ATTTCATTTTTC,TTTTCTTTTTC
CAGGCTGGAATC,CAGGCTGGAGTG
ACACACAAAAAA,AAACAAAAACAA
AGAGGGCCAAGC,AGAGGGCCAAGC
TCATGATGTATC,TTGTGATGTTTG
GGGATTACAGGC,GGGATTACAGGC
CTGGATAAAGAA,CTGGATAAAGAA
CCAGCCTG,CCAGCCCCTGCG
AAATCAGACTGA,GAGCCAGACTGC
ATCTATCTATCT,ATCTATCTATCT
TATGCGTGTGTG,TGTGTGTGTGTG
ATGCACCCACCT,ATCCGCCCGCCT
TTTTCATACAGC,TTTAGACAGAGC
CGCCTCGGCCTC,CGCCTCGGCCTC
GACGGAGTCTCG,GACGGAGTCTCG
GACATTTCATTA,GAATATGAATA
TTTTTTTGTTTT,TTTTTTTTTTTT
TCCCCCTCCCC,TCCCCTTTCCCC
CCTCCCTCCCTT,CCTCCCTCCCTC
CTTATCGCTTAA,CATATCAA
TTCTCAGTAACT,TTCTCAGAAACT
AGAGACCATATG,GGTGACCATATA
CCACTGCACTCC,CCACTGCACTCC
AAACTTCTTTGT,AAACTTCTTTGT
TTTCTCCAGAGA,TTTCTCTGGAGA
TAGCCAAAGTAA,TAGTAAGTGG
ATTGCATTCGAC,TTTGCATTCAAC
CAGAGCAGATTT,TAGAGCAGTTTT
ATGTTTCTAGTC,ATCTTCCTAGTC
GCTGCCTCTGCC,GCAACCTCCGCC
GTAGGGACATGG,GCAGGGACATGG
ATCATTATG,CTCCCCGCTATG
GCCCAAGATGGC,GCCCAGGACGGC
GAAAAAATATCT,GAGAAAATATTT
TTATCTAACACC,TTATCTTACACC
ATACAAATAAA,CCATTGAATAAA
CATTTCACCCC,GGTCCCACCCCC
CTACTTTGTGAT,CTTCTTTGTGAT
ACGGCTGCCATA,AGGGCTGCCATA
AGCATTCTCAGA,AGCATTCTCAGA
GGCGTGCGCTAA,GGCGCGCGCCAC
AATGGGGATGT,GAGGGGGAGAGT
AACATTATCATT,ATTATTATTATT
AATTAAAATAAA,AATGGCTAAA
GAAATGAGACA,GTGAACAAAACA
CAAGAAAATAGA,TGAGAAAATAAA
AGAAAATTGATA,AGGCGCTCAATA
AACAACTAGACA,AAAAACTAGACA
CTTGGGAGGCTG,CTCGGGAGGCTG
TGTTATCCTGC,TGCTCTCTCTGC
TCTCCTGCCTCA,TCTCCTGCCTCA
CTGAGTGCACT,CTGCACTGCACT
AACACAACCTGT,AACACCACCTGT
GTGTGTGTCGTG,GTGTGTGTGTG
AGTGAGACCCTA,AGCGAGACCCTG
TCCAATAAATA,TTATAAATTA
CCAATATGTATG,CCAGTGTGGCTG
CCTGCACAATCT,CCTGCACAWGCT
ACATTTCATCCC,ATTCCACTGC
TTTGTTTCTTTC,TTTTTTTTTTTT
ACAGAGGGA,TCCTTAAAGGGA
GAAACAAGACTA,TGAACAGGACTA
AGTGAGACTAA,AGCCAGGACCGA
GGTGTGAGCCAC,GGCGTGAGCCAC
AGCCCCTTGAT,AACCCACTTGAT
TCTCTGCATCAT,CCTCAGCATCAC
AGTTGTACCTTT,AGTTGAACMTTC
GAGCTAAGTCTG,ACTAAGTCTT
TTTGTGATGTGT,TTTGTGATGTTT
GTGCTGGGATTA,GTGCTGGGATTA
ACACTTTGGGAG,GCACTTTGGGAG
ATAGATAGAGCA,TTTGATAGAGCA
TATTATTATTAT,TATTATTATTAT
ACTTATATATTT,ATTTGTATTTC
AATGCCCTGGGA,AACATCCTTGAA
ACACCTACAGCC,GCGCCTGTAGTC
AGCAGCAGGGC,TAGTGGCAGAGC
GAAGCATTGTCA,GAAGCATTCTCA
CAGCACAGGGGC,CAGCGCAGGGGC
CTAGCAGAGGG,CCAGGCAGAGGG
TGGGTATATAAA,TATATATATATA
CAATGGTTGAAC,CAATGGTTGAAC
ATTTGTGCAGTT,TTTTGTAGAATC
GCTAATTTTTTC,GCTAATTTTTTG
CATCAGACAGAT,CATCAGACAGAT
TGATGTTTGCGT,TGTTGTGTGTAT
AGAGATGAACCT,AGAGTTGAACMT
TGGCAGTTTTTT,TATCAGTTT
TGAAAACAGAGA,TGGGGACAGAGM
AAAAATAAAGAC,AGAAATGAAAAC
ATCTAAAATAAA,ATCTAAAATAAA
ACTACAGGCATG,ATTACAGGCGCG
GTTGGTCAGGCT,GTTGGCCAGGCT
TCTAGCCATTTG,TGGASCKCTTTG
ATTCACACAACA,GTTCGCACAACG
AAATTTAAAAC,GAATTCAACAGC
GCAATTTCTAAG,GCTATTTTTGAG
CCCATCTCGGCT,CCCGCCTCGGCC
ATGTGTGGATTC,ATGTGTGCATTC
TTGAAACACTCT,TTGAAACACTCT
TTTCCCATTCG,TTCCTCATCTGT
CTCCCGGGTTCA,CTCCCGGGTTCA
AGCTTCATTGGG,AACTTCTTTGTG
CATGGTTACTCT,GGAGATTATCCT
TATGGCCATGGA,TATGGCCGTAGA
CAGCACACCCAG,CACCGCGCCCGG
AAGAGAGAATGA,AGGATGAGTGA
AAAGTAAATCCA,AAAGCAAAAGCA
CCCTCCCCTCCC,TCCTTTCCTTTC
ACGTACCCTTAG,ACMTTCCTTTTG
TGTGTGTGTGAA,TGTGTGTGTGTG
TCACCGTAGGCA,TCACCATAGGCC
TCTTTCTCCTGC,TCTTGCTCCTGC
TTTTTCCTTTCC,TTGTTCCTTTCC
ATAATCTCAGTA,GTAATCCCAGCA
GTGAGCCACTGC,GTGAGCCACCGC
TACATCATATGA,TACATTATCTCA
ATAGTGAAATA,ATAATAATAATA
ATTAATATTACT,ATTATTATTATT
ATGAACTTTCAG,TCGAGCCTTGAG
TTATTATCCTTA,TTATTATCCCCA
CTGGGCATGCCT,CTGGGGAGGCCT
TAGTAAACGGGA,TTGGAAACGGGA
TCCAAATGTAGA,CTCATCTGTAAA
AGGAGAAGCTCT,AGGAGAATCGCT
ACTGCTATGAAG,ATTGCTATAAAG
GTAGTCCCAGCT,GTAGTCCCAGCT
ACTCTGCTTGTA,ACTCTGTTTGTA
GAGATGAATGCA,GAGTTGAATGCA
TACCGTTATTAT,TACTATTATTAT
GAGAGAGAGAGA,GAGAGAGAGAGA
AGGTCTAATATC,AGGTCTAATATC
CCTACTATGAAC,CCTACTATGTGC
GCAAGGCCTG,GCTCACAGTCTA
TCGAGACCAGCC,TCGAGACCAGCC
CCATATGATAA,CAGTATGATACC
GAATATTTTTGC,GAAGATATTCCC
GTATCAAGGCCT,ATGTAAAGCGCT
CCAAGCCAGCTC,CTAGACCAGCCT
ACAGTGTTGAAC,ACAGAGTTGAAC
TATTTTTAGTAA,TATTTTTAGTAG
CTCCTGAGTCAG,CTCCTGGGTCTG
TTCCACTTAAGA,TTCGACTTACGA
AAAGTTAAGTTA,GAGGTTAAGTAA
AGAAGAAGATTA,GAGGGAACAGCA
AACACTGGAA,AAGACTGGAAGG
TTCACTTCCCCA,ATCACCTCCCA
AAAAGGAGCACC,AGCAGGAGCACC
AAGTGACCCTCC,AAGCGATCCTCC
TCAATAAATGAT,TCAATAAATGGT
TCCATCAGTCTA,CTCACAGTCT
CCATTACTGGGT,CCATTACTGGGT
GAAGAGAAAGAA,AAAGGGGAGCAG
CAATGTTAATAA,CAATATCAATAT
CAGTGCTCTTAT,CAGAGCCCTCAT
TATTTCATGCAG,TATTTTATGTAC
ATGGTGCTTAGG,ATGGCGGTTAGC
CATCTTTTGGGG,CATCTTTTGGGG
AACTTTGCTGTT,AACTCTGCCGTT
CTGTGCACAGTA,TGATGCACGCTM
ATTAAGATTCA,GATTCTGATTCA
GTGAGGGTTCC,AGGAAGCCTTCC
TCATAAT,TCATATGGTAAT
TGGGCAACATAG,TGGGCAACATAG
TGCAACCTCCGC,TGCAACCTCCGC
CCCAAAGTGCTG,CCCAAAGTGCTG
GAGGGGGTTGAC,GAGGGAGCGAGC
TATACACATATG,TATATATATATA
TCATTTTGAGCT,TGATCTTGGACT
GTGGGGCAGTGG,GTGGGGAGTGG
GCAGAGGCTGGT,GCAGCAGCTGGG
TCTTGGCTCACT,TCTCGGCTCACT
CGTGAGCCACTG,CGTGAGCCACCG
GGCGTGATGGCA,GGCGTGGTGGCG
GGAAAAATGCGA,TGAATAAGACAC
GGAATGAAATGC,GGGTTCGAATCC
ACTTGCAGATTC,ACTTGCAGATTC
TCTCTCCTACA,TCTCACATAACA
CTACTGGCAA,CACTACTGGAAA
TGCCACTCACAA,TGCCACTAACTM
TATCTAACAATG,TATCTGAAATT
TGAGTCCTGGTT,GATTCCTGATG
AGTATACAGTAA,CATGTAAAGCGC
AAAAGTTCTCCA,AAAAGTTCTCCA
TTTTTCATTTTA,TTTTTTTTTTTT
CCTGCCCACCTC,TCCGCCCGCCTC
CTATTCGGGAAG,CTACTCGGGAGG
TGGAAACGGGA,TGGAAACGGGAA
AACTGCTTGGGA,AGCTACTCGGGA
AGGTGACA,GAGTGACATGAT
TCTCTATCAATC,TATCTATCTATC
TTTTGAGACAGA,TTTTGAGACGGA
AGCTGAGATCAG,AGCCGAGATCGC
AAATGATACACT,GCCACCCT
TTCTGACCGT,TTATGACCTTGG
ATGATCAGAACA,ATAATCAAAGA
TGATCCTGTGGT,TGGTCATCCAGC
TTCCGCTTGAT,TCCCCGCCTCCT
GTTTTCTGTTTC,GTTTTCTGTTCC
TTTCGCCCTATA,TTGAGGMCTTCG
AGGCAGGTGGAT,AGGCGGGCGGAT
ATAACCAACGTA,ATAATGCATGTA
AAAGAGAAGAAG,AAGGATGAGTAG
TCCCCATGAGTC,TCCCCACGTGTC
AGCCTCCCAAGT,AGCCTCCCGAGT
AGACCAGCCTGG,AGACCAGCCTGG
AAATAAAAACTA,ACATAAAAACTA
GCATTTTAAACA,ATCCTTCAGGCA
GGATCTCGGCT,GCGATCTCGGCT
GTCACTCTTAGG,TCCACTCCTAGG
GTTTGAATTCCC,GCTCGAGCCCCC
GCTTATTCTGTT,TCTTGTTCTGTT
TGCTGAGTAGC,TGCTGGGCAGGC
ACACAGGGGCTG,CACAGGGCCTG
TTGAGATGCTGC,TTTAGACGGGGC
TTCCTCAATGCC,CTCCTCTGGGCC
TTTAAGAACCAT,TTTGAGAACCAC
GTCCCTTTCAC,CTTCCTCTTCC
AGATTGGAAT,GGAGATTGGAAT
GGAGTGCGCCAC,GGCGCGCGCCAC
AGAGGTTGCAGT,GGAGGTTGCAGT
ATATATTATAG,TTATAGTTATAG
TTTCCTC,GGAAATCTCCTC
GTTTCAAGCGCT,ATTTGGASCKCT
TTAAAGACAGGC,TTTGAGACAGGG
AACTTGCGTTTA,AACTTGCTTTCA
CCCAGCCCTGT,CTCCACTCCCCT
ATGCACGGATGG,ATGCAGGGATGG
TTTTTGAGCATA,TTCAAGAGCACA
CACATACATGTG,TATATATATATA
TTGTATCATCAG,TTTCCTCATCTG
TTGACAGATGAG,TTTACAGATGAG
TGTCCTCAACTA,TGCATTCAACTC
ATTCCTGGGCTC,ACTCCTGGGCTC
CAATTAGCAAGG,GAGTGAGCGAGG
GGTGGGCAGATT,GGCGGGCGGATC
GGATTTGAGCCA,GACCTTGGGCAA
GTTTTTCAACCC,GTTTTTCAACCC
AAGGGGAAA,AAGAAGGGTGAG
CTATCACTCT,CCATAGCACCCT
GACACATACACA,CACACACACACA
AGTGAGAGTGTG,TGTGTGTGTGTG
TACCTAGCACAG,CGCCTAGAACAG
GGAAGTCATTTC,GTGTGTCACTTC
CTGTCTGTCT,CTGTCTGTCTGT
GTCTTTTATTTA,TTTATTTATTTA
TTGCAACATTAT,TTGCAGCATTAT
ATACGTTT,GGACACAGCGGT
CTCCCTGAGGAT,CKCTTTGAGGMC
TCTACAATCTGC,TGTAGAATCTGC
GAAGCATTCTCA,GAAGCATTCTCA
TGTCGCCCAGGC,TGTCGCCCAGGC
GTTTAGTTTGGT,GTACAGTTTGGT
TAACAACTGGCT,TAACAACTGGCT
GAGGACCCTGCG,GAGGACCCTGCG
TTCATTGGACTT,TTAATTGGACTT
ATACAAAAATTA,ATACAAAAATTA
TGTATAAATGGT,TATATAAATGGT
TAAGGGCAGTGG,TAAGGGCACTGG
GTGATATATAT,GTGGTATCTCAT
ATATATATCTT,ATATATATATAT
TGTAAGCATTTA,TCTAAGCGCTTT
CTCAGCTCTCTC,CTCTCTCTCTC
TTCTATGAGTTT,TTCTAAGAGTTT
TGGTGAATATAT,TGGTGAACATAT
GAAATTTATTTG,GAAACTTCTTTG
ATTTTAACTAA,ATTTTGAACTAA
CGGATGGAATTA,CAGATGTGATTA
AAAAAAGAAG,AAGAAGAAGAAG
AGTAAAAAATGC,AGTCGAAAATGC
GCATATTCAG,ACATTATCTCAT
TTATATAGACA,TTACAGAGGGAA
AGAGCAGATTTG,AGAGCAGTTTTG
ACTCCTGGGCTC,ACTCCTGGGCTC
ATATTTACCAGG,ATGTTGCCCAGG
AAGTCAAAAAAT,AAGTCAAAAAAT
GAAGTACTTT,GAAGTGCCGGTT
AAAGAGTCATGG,AGAGAATCACAG
CCCTTGGCCCTA,ACCTCGGCACTA
TGGTGGACGGG,TGGTGAAAAGAG
TTACCATTTGTT,TTGCCATTTGTT
CTGGCTATAAAA,CTGATTATAAAA
TGGCAGGTTCAT,CGGTGGGTTCTT
TAACTCTTGTCC,TAACTCTTGTCT
TCTCAGAAACTC,TCTCAGAAACTA
CTCAGAAACTTC,CTCAGAAACTTC
TAAATAAATAA,TAAATAAATAAA
TGGACAAACAAG,TGAAAAGACAAG
AGGCAGAGGTTG,AGGCGGAGGTTG
CTTGGGAGGACA,CTCGGGAGGCTG
ATGGCAAGCCTA,CTGGCCAGCCTA
CCTTCCTTTTTT,CCTTCCTTCCT
CGGCTCACTGCA,CGGCTCACTGCA
TAATATAAAAAG,TAACAGCAG
ATGAGCCAGGAA,ATGAGCCAGGAA
GGAATTCACTT,GGCAAGTCACTT
CCACTGCAGTCC,CCACTGCACTCC
TCTTACTTTCTT,TCTTTCTTTCTT
AGTGGGAGATAA,GGTGGGAGGTAA
GGATTCTT,GGGGAACTTCCT
GAATTGCTG,GTGGAATTGCTG
GCTACTTGGGGT,GCTACTCGGG
TCTGAAGGCTTC,TCTGAAGGCTCC
CACCTAGGCTGG,CGCCCAGGCTGG
TCCCTCCTCGGC,TCCCGCCTCGGC
TCAAAAGCCAGG,TCAAAGCCAGC
GTAATCCCAGCA,GTAATCCCAGCA
GAAAACATCCAT,AACAACAACCAT
GTGACATCATAT,GAGACATCACAT
AAGAAGAGATGA,GAGGTGAAGTGA
AGGTCATTCCAT,ATCTCATTTAAT
TGGATTGGGCAG,CAGAGCTGGGA
AGGATGTACACC,GGGGTGTACACC
TGCTGTA,ACAAATACTGCA
ACCAAATCCCCA,ACCAAACCCCCG
GCGCATATCCAT,GCGCGCGCCTGT
AGTTGAACATTT,AGTTGAACMTTC
TCCTGAGTAACT,TCCCGAGTAGCT
ATTCATTTACTT,ATTCATTCATT
GCTTGACATGAT,GCTGCACATTGG
CCCGTCTCGGCC,CCCGCCTCGGCC
TGAGTAGG,AATATGAGCTGG
CCATTTTCCTTT,TTATTATCCCC
TCCTTCCTGC,TCCTTCCTGCTG
TTAAGAATATTA,TTAAAAATGTAA
TAGGTAGACAAG,CAGGTAGGTGAG
GACAACGTGT,GATAACTTGTTT
CATCTTGGCTGC,AATCCTGGCTCT
CTCAGCTGT,AGCTCAGATGTC
TGGTGATGACTC,TGGTGATGACTC
ACATCACAAAGA,ACATCACAAAGA
AGAATCGCTCTT,AGAATCCCCCTT
GTTAATTTAAAA,TTTTTAAAA
GGCCAAGCTAAA,GGCAGAGCCAGG
TACTAGGCATGC,GTCTCRGAGCTC
CTGGGAGAAAAA,NTGGGAGAAAAT
AATGCACATTAA,AATGCAAATTAA
TAGTAGAGATG,TAGTAGAGACGG
GCACTCTGGGAG,GCACTTTGGGAG
GAAGTTTATTAA,RAAGTTTATTAA
ATTATAATTAT,AATATAGAATAT
TTGTGATGTGTT,TTGTGATGTGTG
ATGGGATTCATT,ATGGGGATAATA
TTTTCATAGAGC,TTTAGACAGAGC
TTCTGTACTGAT,TTCTGCGATGAT
TCTAATTTTTTT,TCTAATTTTTTT
CTGATTTA,TGACTTGCCCA
TTTTTTTTTTTT,TTTTTTTTTTTT
TCAAAACCATTC,TCACAACAACCC
TGCAGTGATTTA,TGCAATGGATTG
GGCAAGTTTTAG,GGCAAGTTTCAG
ATCTGGGATTTT,AGCCGGGATTCG
AGGTTTCATTTA,AGGTCTCAGCTC
GCCTCTTGAAGT,CCCCCTTGAAGT
TTTGAAATGGTC,TTTGAAACACTC
CGACCTCCTAGG,CGAACTCCTGGG
ATTTATAGCGCA,ATTTGGASCKCT
CCGCCTCCTGGG,CCGCCTCCCGGG
CTTTTGTTGCAA,CTTTTGTTGCAA
CTTTCGTGAGTT,CTTNTGTCAGT
AGTCAGGAGC,AGAGAAGGGAG
ATAGTTTGCCCA,GTGACTTGCCCA
TGCACACCTGTA,CGCGCGCCTGTA
CAGGAGTTTGAG,CAGGAGTTCGAG
ATACCTGTGGGG,ATACCTCCTGGG
ATAATTGAATTA,ATAATATAATA
TAATCTCCCAGC,CAGTCTTCCGCC
CTAAAACTGTTT,CTAAAACTATTC
ATAAGAAATAAA,ATAAAATAAA
TTTCAACACGAA,TTTCGACAAGGG
CATGTCATAAAG,CATGTCGTGAGG
CACTGTTGGTGG,CACTGTTGGTGG
AGTCCTTTAAGG,CTGCCCTCAAGG
TTCTAAATGTAT,GTCCATACTGAT
AAAGAAGACATA,AAAGAAGACATA
CACATATATATA,CACACACACACA
TTTTATTTTT,TTATATTTTTTG
GCCACTGCACTC,GCCACTGCACTC
TATATATTTATA,TATATATATATA
GAGGCAGAGGTT,GAGGCGGAGGTT
CCCAGCACTTTG,CCCAGCACTTTG
AAAAAATTGCAA,AAAAAATTGCAA
TATGACAAATTA,AGCAGCAAATTA
AGAACTCA,AAGACCCACCAG
TTCTTCATATTC,TTCTTCATATAA
AATACAAACTT,AATGCAATATTT
TTCTCAGTAAAT,TTCTCAGAAACT
TGTATTTAGAAG,TGTAATCA
TGTGATGTGTGC,TGTGATGTTTGC
GTAGGAAGTTTA,GCAGGANGTTTA
TCTCAGTGTCC,TCTTGTGTATCC
GTTTTTTTACTA,GTTTTTTTGTTG
ATCAGGAGTTCA,GTCAGGAGTTCG
CTGATATATCAC,TGGATATACCAC
GAGAGAAAGTTC,CAGCCAAGGATC
AGCATAT,AGTACTTCAAAN
AGCTGGGCGTGG,AGCCGGGCGTGG
TTCCCAGCAGAG,GAGCCAGAGAG
TGGGAGGTGGAG,CGGGAGGCGGAG
GACCATCCTGGC,GACCATCCTGGC
AAGACCAGCCTG,GAGACCAGCCTG
GACAGAGCAAGA,GACAGAGCGAGA
CTTCATGTGCAT,CTTTACATGCAT
GCTTTGAAACAC,GTTTTGAAACAC
TATTAATTTATT,TATTTATTTATT
GAACGCTAGAAA,TAACGCTAGACA
TCACTTCTGAAC,CTACCTCCGGAC
GGGGTGAATTA,AGGGTATGATTA
TAATTATTATTA,TATTATTATTA
AGGAGATCGAGA,AGGAGATCGAGA
CTGCGGCCAACA,ATGTGGCCAACA
AATACAAAAAGT,AATACAAAAATT
CAACATAGTGAG,CAACATAGCGAG
AAAAAGGCCCAA,AGAGAAA
CTTTTATTCTGC,CCCTTACCCTGC
TATCTCGGCTCA,GATCTCGGCTCA
TGTTTGAGACAG,TTTTTGAGACAG
AGAAAAAGAAAA,AAAAAAAAAAAA
TCCTGACCTCAA,TCCTGACCTCAA
TCACTCCCATCA,TCGCTCTGTCG
AGGATCACTTGA,AGGATCGCTTGA
TAAAACTTAAAG,TAAAACTTAAAG
ACAAGAACCTTG,ACAAGAACCTTG
TGCCACCCAGGT,TGTCGCCCAGGC
AATGAACAAACA,AAAAAAAAAAAA
TCTACAAAGAAA,TCTACAAAAAAT
TGCCACCCTCC,CCCCATCCCCCA
GAATGCAACCT,GAATGCAACCAT
TATTTGTGTGTA,TATATATATATA
AACTCATCAAAA,AACTCATCGAAC
AGCTGTATGTAC,TGCTGAATACTC
CCAGTGAGAAAA,ACTGTGAGAAA
GTTCCACTAATC,GTTTGACTATTT
AGAGAGAGA,ATGAGATGAGAT
ACCTGAGATCTT,GTGTGACCTT
ATCTTGCTATGT,GTCTCGCTATGT
TCCTCCATAAAG,TCATCTGTAAAA
TATAGCTTAT,TATATATATATA
GAAAAGAACA,AAAAAANTTACA
CAACTCACAGAG,CAACTCACAGAG
CAAGTGAGCTGG,TGAGTGAGCTTG
CTTCTTCGTGAT,CTTCTTTGTGAT
AACCTTCCTTTA,AACMTTCCTTTT
CTATCTAGATCT,CTGCCTGGACCC
CTGCATCAACCT,CCGCCTCAGCCT
GTGAGGGAGAAC,GCGAGGGAGAAC
AGATTTCGTTGG,GGMCTTCGKTGG
TTCCAGGGGAAC,TTCCAGGGGACC
TGTGAAAAATAA,TGTGAGAAATAA
AAGCTAGAGAGC,GCGCTGGGGATA
AAAAGCTAACAT,AATAACCAACAT
GCCGGGCGTGGT,GCCGGGCGTGGT
TATTTGCCTAGC,TATTTGGASCKC
CCTTTCTTGTCA,CCTTTGTTGTCA
ACCAGCCTGGCC,ACCAGCCTGGCC
GTAGCACCCCAG,GCAGAATCTCAG
CATCAAGTTGAT,TTTCAGCTTTAT
AAAACAAAACAA,AAAAAAAAAAAA
CCCCCCAAATAG,CCTCCAGCAG
TGTGTAACAAAC,TATGTAACAAAC
ATGTTGGCCATG,ATGTTGGCCAGG
TATTCACAATGG,TGTTCACAATAG
GTCACTAGACTC,GTCGCCGGGGTC
AGACCTAACTTC,AGATCTAACTAC
TGATTCACTCAT,TCATTCATTCAT
GTGAATTTGGC,TTGGATTTAGCA
GGCTAAGCAGGT,GAAGAGGG
TAATGGAAGAGA,TGATGGAAGAGC
TAATTTTTTTTC,KAATTTTTTCC
GCCTAGACAAGT,GCCTAGACAAGA
ACAGAGAATGAG,ACGGAGAATGAG
GTTAGAACACAG,ATTGGAACACAG
GTTGAACGATCC,GTTGAACMTTCC
CCGTGTTGAAAC,CAGAGTTGAACM
TTTGTTTTGTTT,TTTGTTTTGTTT
CAGTGTATATAT,TATATATATAT
ACTGGAAGCCGT,GCTTGAACCCGG
GTTCTATTTTTA,GTTCTATTTTTA
GCAAATATTT,AGGTACTATT
ATGTTAGTATCT,GGGTTAATATCC
TGGGGAGCCATA,TGGGAAGCCACT
TGGCTCACGCCT,TGGCTCACGCCT
ACACACTGGGGC,ACACACCGGGGC
CGGGAGGCTGAG,CGGGAGGCTGAG
ATCACATTGCAA,GTCACATGGCGA
TCATGTATCTA,CTATGTATCTA
GTAAAAGG,AGGGGGGCAAGG
AATTCTCTGCCT,AATTCTCTGCCT
TCACTGGCC,TGCCTAGCCACC
CAACAGAGTGAG,CGACAGAGCGAG
TTTCTATTCCTT,TTTATATTCCTT
TTTGGTGATTT,TTTAATTGGTCT
GCACACATATTT,CAATAAATATTT
ATGGCACAGGCA,ATGGCACGGGCA
AAAATTG,GGGTGAAAAATG
AATATACTTCTA,AATAAACTTCTA
ATGCTGCAAAAA,ATGCTGCAGTGA
AAAAACAACCAT,AAAAACAACCAT
AAAAGATACAAA,AAAGGATACAAA
GCTCACCACTGG,TCTAGGCGCTGG
TAACTCTTGTGC,TGACTCTTCTGC
AGAGGAGTTTGT,GGAGGAGTTTGT
TCAGCTCCCAGA,TCATCTCACAGA
ATTTTCATGATA,ATTTTCACGATA
CAGAGAAGAAAA,CAGAGAGGTTAA
ATGGAGATCTAG,ATGGAGATTTAG
GACCACACCACT,GATCGCGCCACT
AAAGATGAAATG,GAGGATTAAATG
TCTATACCCATA,TCTACGGCCATA
GACAATAAATCC,GACTCCAAAGC
CACTGCAACCTC,CACTGCAACCTC
GAGGTATAATTG,GAGGTATAATTG
TAAGAAATTTCT,TGAGAAATGTCT
TATAGGTGCACA,TACAGGCGCGCG
TTTGAGACCGAG,TTTGAGACGGAG
TATACCTGATG,GCCTACCTCACA
TGGCATGATCTC,TGGCGCGATCTC
ACAGTGGCTCAT,GCGGTGGCTCAC
GATAGTCTCA,GACGGAGTCTCG
AAGAATTCCCAG,AAGCATTCTCAG
CTTGAACCCAGG,CTTGAACCCGGG
CACTCAGACATA,CCAGACCTA
GTGTTTCTGGTA,GNGTCTCTTGTA
ATCATACTCT,TTTATCCAGTCT
GGAGAAACCCCA,GGAGAAACCCCG
ATCTTACAGTCA,GTCTTACAATCG
TAATCTTTTTC,TCTTTTCTTTTC
GCTCATGCCTGT,GCTCACGCCTGT
AGACACAAAAGG,AGWCACAAAAGG
CTTTCCCAGAAC,AGCGCCTAGAAC
AATGGTGTTTGG,GATGGCCTTTGT
TATTTTTTTTT,TATTTTTATTTT
CAGGCTCACCCA,CAGGCCCACCCA
GTTTTTGTTTTT,TTTTTTTTTTTT
GGTCTTGAACTC,GGTCTCGAACTC
GCAAGTAGAGGT,GCATGTAGAGGC
CAAGGCCCCTAA,TAAGGTCCCTAA
ACCTCAGGTGAT,ACCTCAGGTGAT
CCATTCACCAGT,CCATTCACCNGT
TTTAGACTTCTA,TCCGGATTTTT
GGCTTGGTAACA,GCCTGGGCAACA
ATGTGATTTATT,ATTTATTTATT
ACGGGATATCT,ACGGGAATATCT
GTTGGAGAGGGG,GTGGGGGAGGGG
TAATAAATTAAT,TAATTAATTAAT
CATCCTAAGAGA,CATCCTAAGCAA
GAAAGTGGATAT,GCAAGTGGATAT
TCATAAATGATG,TCATAAGTGAAG
ATTTCAATTTAA,ATTTAATTTTAA
GAGATGGAGGGA,GAGAGAGAGGGA
TCTTCTTGGCCA,TCTCATTGGCCA
TTTTTCTGGTGT,TCTTTGTGATGT
GTGTATGATG,GCAGACATGATG
AGTAACTACCGT,AGTGGCTACCGT
ATGGCCTTTC,AGAACCCAGGTC
CCTAAGTGGTGG,CCCAGGAGTTCG
AGCAGTTTTGAA,AGCAGTTTTGAA
TAGTAAAGCAAG,TGGCAGAGCCAG
AAGCGTGGTGGT,GGGCGTGGTGGC
CCCAGCGCTTTG,CCCAGCACTTTG
GAGAGGACAAAT,GATAGGGCAGAT
AAGGAAGGAGAA,GAGGCAGGAGAA
AGTGACTTGATC,AGTGGCGCGATC
CTCCCCAGACA,ATTTCCCAGCCT
GAACCACTCCTT,GAACATTTCCAG
TACAGTTTTCAT,AACATTTTTTGT
ACGGCGCTGAG,ACGGACCTTAAA
TTTTTTTTTCTT,TTTTCTTTTCTT
TCCATAGGTTGC,TCCGTAGGTTGC
TGCCTTGTCTT,TGTCTTGTCTT
ATGGAGTCTCGC,ACGGAGTCTCGC
CAAAATAA,ATTAGAAAATGG
GACCTACATCTC,GATCTAACTACC
TATACACACAAA,CGTGCAGAAA
CTACCACCTTGC,CCGCATCCTCAC
ATTTATTATTAT,ATTATTATTAT
ATAAAATAA,ATAAAACGAACA
TTTGAGGCCTTC,TTTGAGGMCTTC
ACAGAGACGGAG,ACAGAGACAGAG
GTGTATATTGGG,GTGGATATTTGG
GGTGGTGGTGGT,GGTGGTGGTGGT
TATAATAAAAAA,TATAATAATAAA
ACCCCATC,AACAACCCCATC
GATGTAAATTAT,AATAAATGT
GAGGTGAGATCT,GAGGTGGGGCCT
CTAAGATTTAAA,CCAGGATTCGAA
TACCCTTTACTA,TGCCCTCAAGGA
TGAGATGGAGTC,TGAGACGGAGTC
TCTGAGCCTGTA,TCCGAGCGCGTA
CCTAAATGTCTA,CCTAAGTGTCCA
AAAAATAATAGA,AATAATAATAA
GAAGAAACTTGT,GAAGAAACCTGT
CAAAGTGCTGGG,CAAAGTGCTGGG
CTGTTCAGATCT,TCCTTCAGGTCT
TCAGTTTCCCC,TCAGTTTCCCCA
CTAGACATTAC,CTAGAATGTAA
CTGAGACATGAG,CTGAGGCAGGAG
GGGCAATGTAGC,GGGCGACAGAGC
CCCTGGCTGGTC,CCCAGGCTGGTC
ATTTTCCTTTAA,ATTTTTCTCAAA
CCACTGTACTCC,CCACTGCACTCC
ACCTTGGCCTCC,GCCTCGGCCTCC
GAGCTTGCAGTA,GAGCTTGCAGTG
CTTTGGGATGAT,CTTTGTGATGTT
GAAAGAGATTTT,GGCAGGGACC
TACCATGATTTT,TGCCATGATTGT
TGCTGTGGCTCA,CGCGGTGGCTCA
TTAGCTGGCAA,TCTGGCTGCTG
TCCATCCATCCA,TCCATCCATCCA
CATTGTGCACAT,CATTGTGCACAT
TGGTGGCGCATG,TGGTGGCGCGTG
CTATGGTGAAAA,CTTCGKTGGAAA
CTCCCAAAGTGC,CTCCCAAAGTGC
CCTGTTGTTTAT,TCTGTTGTTTAT
GAGGTGGAGGTT,GAGGCGGAGGTT
TGGGAGAACCAC,TGGGAGAACCAC
CATATATTAACT,CATGTATTAACT
ACACACATACAC,ACACACACACAC
CATTTTGGGTAG,TATTTTTTGTAG
AAATAGGCAAAA,GAGTAGTCAAAT
TGTAAGCAACTT,GTTAAGTGACTT
TTATGTGAAGAT,TTATCTGGGGAT
TATCCTGGAGAC,TATCCTAGGGAG
ATTCAAGTCA,AAATTCAAATTT
AAGTTGTCCTA,GAGCGAGCCATG
TCTCCTGTCAGA,TTTCCTATTGGG
AGCCTCCTGAGT,AGCCTCCCGAGT
CAATCAAAAGAA,CTATCAAAAGGA
TGCTGTTGCTAC,TGCTGCTGCTGC
TTAGCGTGGGGA,TGAGGGCAGGGA
GGCAAAATA,GGCAGAGCTGGG
AGCTGAGATCAT,AGCCGAGATCGC
AACAATTGAAGA,CACAGCTGAAGA
AGGTAAAAATTC,TGGTGGGATTAT
TAAATACATAAA,TAAATAAATAAA
AGAGCTATCCTC,TATCCCC
GTAAATGCAGGC,ATGAATGTAGGC
AAGTGGAGATTT,AAGTGGATATTT
TTAAATGAATGA,TTGAATGAATGA
TGTGGCCGCCAT,TATTGCTGCTGT
TAAATGTGTCT,TAAATACCTA
CACCTATAAAA,TCATCTGTAAAA
TGGTTTAGGAAA,GGTTCAGGCAG
CAAAAGGAGCT,TAAAATGGGGAT
CTTGTGCATCCT,CTGGCCCATAAA
TTCTTAACACAA,TCCTCACAACAA
ATTATGTTATAT,ATTATATTATAT
TTGCTTTGTTGC,TCGCTCTGTCGC
CTTTAGAAGAG,CTTTTGATAGAG
ATCCATGGGGT,AATCTATGNTGT
TGATGGAGCAGT,TCATAGAGCAGT
CATACATTGAAT,TGTGGATTGGCT
TTTGTGCTTAT,TGTTGTGAGGAT
TCCAAAGACTTA,CCCAGAGAGGTG
ATACAAAAAGTA,ATACAAAAATTA
CTCACATTGTTA,CTCGCATTGCTA
TCTAGAATCTGC,TGTAGAATCTGC
AGATTACAATTC,GGATTACAATTC
ATCTCCAGCAGG,GTCGCTAGCAGA
TAGCTTCTCCTA,CAGCTCCTCCTG
GAAATAAATTCA,GAAATAAATTTC
GGAGCCCCCTTG,TGAACATCTTC
ACACTTCCAAAT,GAGCTCCCAAAT
ATGATAGAAGCC,ATAATAGTACCT
AAGCTCTCCAGC,AAGCCCTCCAGG
TCCGATTTTGGA,TTGAATTTTAGC
CTCAGCAACATC,CTGCCACTT
TTTATTTATTTA,TTTATTTATTTA
CCAGCACTTTGG,CCAGCACTTTGG
CCCCAGCATGCC,CGCCACCACGCC
TGGTGTGATCAC,TGGCGCGATCAC
TCCTTTCATGC,TCACATAAAAAC
GTGGTGAACAAG,GTGGTGAAAAGG
TGAGCACGTTTC,AGAGCAGTTTTG
TCCCATTTTCCG,TCCCATTTTCTG
TGTCTGCATTCA,TGTTTGCATTCA
GACCTAAAGCC,GGACTCGAACCC
GGTCTCAAACTG,GGTCTCGAACTC
ATTGGCAGACG,GTTCGCAGACTG
GAAAAGAAAAAA,AAAAAAAAAAAA
GGAGGCTGAAGC,GGAGGCTGAGGC
CATTCATGAGAA,CTATCTGAGAA
TGAGTGATAAGG,CAGGTGGAAGG
CTTTACTGAG,CCATTTATTGAG
AAGAAGAAAGA,AAGAAAGAAAGA
AACCTGAGGTTG,TACTCGNGTCN
AATCCCTTTCT,AGTCACTTCACC
GCCACACAGAGA,GTCACACAGCTA
CCCAGTGACTTG,CCCAGCTACTCG
GTAATCACAGGT,ATATTCACAGGT
GGAAAAACCCTA,GGAGAAACCCCG
GGCAGATCTCAC,GAGATTAC
CCTCACTTCCCT,CCTCACCCCCCT
CGGAAGCTAAGG,CGGAAGCTAAGC
GGGGATTACAGA,TGGGATTACAGG
TTTAATGAATAA,TTTGTTGAATGA
CCCAGAGCTTTG,CCCAGCACTTTG
GGGAGGAGGGAG,GAGGGAGGGAG
AACTCTTGGTGA,ACTTCTTTGTGA
TCCCTCCTTCCC,TCCTTCCTTCCT
CTACAAGTGGAT,CTGCAAGTGGAT
GTAGGGTGTCTC,GACGGGGTCTC
GACTGTTT,GACTGCTTAATG
GTGCTCTGCTGC,GCTCGCTCCCGC
AAACTCCTGGGC,GAACTCCTGGGC
AACATAATG,AACATAATGTTG
TACTATGATATA,CACTGGACTGTG
TTTCGCAGAAAC,ATTCTCAGAAAC
GAACCCACGTAT,GAACCCGCGTAT
TCCGCCTCCCGG,TCCGCCTCCCGG
GAATAGTCATA,GAATACTATACA
ACCCTTTTGTCT,TGGCTTCCGCCT
TGAGGGGTGG,TGCTGACGGTGG
CAGCCTGGCCAA,CAGCCTGGCCAA
CATAGAGCAGGT,GATAGAGCAGTT
TTTACTTTTTGA,CNTACCCTTTGA
TTTAAGACCAGC,TTCGAGACCAGC
GGTTACCTTC,GATAATAATACC
ATAAAATCTAGA,ATAAAAACTAGA
TACGGTGGGCAT,CATAGTAGGCGC
AGAAAAGAAAAA,AAAAAAAAAAAA
GGCCGCCCC,GGCCGCCATCCC
TGATTTGCCCAG,TGGNTTGCCCGG
CTTCTCATTGTC,CGTCTCATTGTC
ACCATACATAAA,ACAATACGTAAA
AATGCCTGCGGG,AATGCATGCGGG
AAATAGTATTAA,GAACAGTGCC
ACAAAGAGAAT,ACAACGAATAAT
AGCAATAGATAA,AGCAATAGATAA
CAGTCTAGTGG,CATTCTAGTGGG
TTACAATAGCCA,TCACAATAGCCA
TGTGAATACACT,CGTGAATATGGT
TTTAGTAGAGAT,TTTAGTAGAGAC
AATGTTTTACA,AAGCGCTTTACA
TTTATTTTTTAT,TTTTTTTTTTTT
CGTCTTTTAGAA,CTTTTTGTAGAA
CCCGCCCCTCCC,CCCCCCCCCCCC
GTTGGCCCATGT,GGCTGCTCAG
ACACACACTCAC,ACACACACACAC
AAGAAATGCCAT,AAGAAACCCCGT
TGTGTGTGTGTG,TGTGTGTGTGTG
TATCACTATCAG,TATCACTATCAG
GCTGGGATTACA,GCTGGGATTACA
TGACTTAAGCA,TGACTTTAAGCG
GCCAAGGCAGGT,GCCGAGGCGGGC
GTCTCTACTAAA,GTCTCTACTAAA
TCTTTCTTTCTT,TCTTTCTTTCTT
GTGAGAAGAC,GTGGGGGGAGAC
GCCTGTAGTCTC,GCCTGTAGTCCC
AAAGAGCATGGA,AAGAGCACGGA
AGAAGTTTTCTA,GAAAATGTTCTA
CATGACGGCTCC,CATGAGGGCTCC
ACTGCTATTCTT,ACCATTGTTCTT
GGGGTGGGAGAG,TGAAAAAA
ACTCCCTGACTC,AGGCCCTGGCTC
AAAATTAGCATT,AAAGTCAGCACT
TTGGTTA,ATTTGGTTGATA
AGACGTACTATT,GCAAGTCACT
GCTCCTTATGAG,GCTCCTTATGAG
TTGCACTTCTTT,TTGGASCKCTTT
AAAAGTTTAACT,AAAGGTTTAACT
CTTGGGATGCTG,CTCGGGAGGCTG
CCCCGCCCTCCC,CCCCGCCCCGC
GCCATGACCATG,GCCGTGATCGCG
AAACCTAGCAAG,ACATAGCGAG
GGGCCTGCTACA,GGGCCTGGCACA
TGATACAT,GGCCTGGCACAC
TCAAAAAAACAG,TCAAAAAAAAAA
CCTCCCAAAATG,CCTCCCAAAGTG
CCCTACACACAC,ACACACACACAC
GATGGTATCTCA,GATGGTATCTCA
TAAATGCTATT,CAGGATGCTAT
ATGCAGAAATTG,ATGAGGAAACTG
TGATAGTGCAGT,TGATAGAGCAGT
TGGCAACAGATT,TTACAACTTTTC
CACACCTCTGCC,CACTCCTCTGCC
CTGGGATTCCAG,CTGGGATTACAG
CAGGCTGGAGTG,CAGGCTGGAGTG
GTGCCAATTGTC,GTCCCACTTGTC
ATGCCTGTAATT,GCGCCTGTAGTC
TTTAAAGGCTTG,GCTGAAGCTGCG
TTTATTTTATTT,TTTTTTTTTTTT
GCAGTACGCCAA,GCAGTGAGCCGA
ATACAGAGAATT,ATATAAAGAATT
GAGTGGAACACT,GAGTTGAACMTT
ATACTTGGTA,TGCTGGGNCAA
CAGACCAGCCTG,GAGACCAGCCTG
ATTTTGAAAGC,ATTTTGTTTATC
TTATTGAAGAGC,TTATTGAAAAGA
AGTCAAAT,ACTCAAACAAAT
CGTAAAGTGTCC,TTTAAAGTGTAC
CAGCAAACTCAG,CGGCAGATTCAG
TTTGTAATATA,GTTGTAATTGGA
ACAGATGAAGAT,GAAGAAGAAGAA
ACATTCCCTATC,ACMTTCCTTTTG
AAGATCTATATG,AGGACTTGTATG
CAGATCTCTAGA,CAGATCTCTAGA
GGGATGACAGTC,GAGCTCACAGTC
TAGAGATGGATG,TGGATGGATG
GCATCCCCTTTG,GCGTCACTTCTG
TGCCAGATGCT,CTGCCAGACACT
AAAATAAAATA,ATAATAATAATA
CCAACTAAATTG,CCCACTAGAATG
AGAAAGATCTCA,AGAAAGATCTCA
AGATTTTGTTTT,AGTTTTTA
GTATACTTTCTT,GTATATCTTCTT
TGCAACCTCTGC,TGCAACCTCCGC
GACCCTGTTTGC,GACCCTGTTTGC
ATTACACTCTCA,ACTGTACACTTA
GGGTCTGAATGT,GGGTCTGAATGT
AGGCTGGTTTCT,GGGTCTGCTTCT
ACAATTTAAAAA,AAGACACAAA
ACAAGATGCCTG,GCACAGTGCCTG
CAGTAGGTGTAC,CAGGGGGTGTAC
AACAGGAGAAAA,AAAAAAAAAAAA
TAAGTAAAAAA,AAAAAACAAAAA
GAATGTGAATA,GAAATTTGAATA
GACTTTGGGTGA,GCCTGCGGATAG
TCAAATCTGTC,CAGAATCCGACC
GTTACCCCTTTC,ATTCCCCCCCTC
CTCTAGAAATTA,ATTTAAATTTA
GTTATCTTAAA,TTTATCTTTATC
TCATGCCCATTA,TTATCCCCATTT
ACTGTATACTGG,ACTGTACACTTA
GAAAATCCTTTT,GAAAATTCTTTT
GTATTTAGTAT,GTACTAAGTACT
GATGGCGCCACT,GATCGCGCCACT
GGAGGGTCAAAG,TGAGGATCAAAT
ACACCTGTGAAT,ACAGCGGTGAAC
GATAGAGAGAAG,AGAGAGGTG
CTTCAAGTCCCA,CTTCGGGTCCCT
AGCTCATCCATC,ATCCAATCCATC
ACCACACGTGGC,ACCACGCCCGGC
TGCATTTTGCAT,TTCATTTTGCAC
AAGAAGAAATAC,AAGAAGA
CCATCATCTCAG,CCATCGTCTCAG
AACGCTTCGAAG,AGCGCTTTGAGG
GACCAGCCTGGG,GACCAGCCTGGC
TATACTAGCAGA,TATGTCAGATGG
AACCTTTCTTTT,AACMTTCCTTTT
CCACCGTGGTTG,CCACAGGGGTGG
AAGACAGGGTCT,GAGACGGGGTCT
CCATGTTTCTTG,ACATGTTTATTG
GGACTATGAGCA,GGACTGTGAGCT
ATTTGATCCAGC,ATTTGACCCAGC
GGCTCAAGTGAT,GGCTCAAGCGAT
TACGCTTTTCC,TCCGTCTTCTCC
TTAAGGTCAGAA,TTGAGCCCAGGA
TAGATAGGTAGA,TAGATAGATAGA
TCCAGAATGA,TCAAGGAACTGA
TGTGGTGGGGG,AGTGGTGAGTGG
AAACAAAAACAA,AAAAAAAAAAAA
CTGCTGGTCCCG,CAGCTGGTCTAG
TGTGTTGCCCAG,TCTGTCGCCCAG
GTAGAATCTGCA,GTAGAATCTGCA
AATTCTCCCTCC,GATTCTCCTGC
AAAGGGAATAGT,AGAGGGAACAGC
TCAGTGCTATCG,ACAAAGGTGNCA
GGGGAAACTTAG,GAGGAAACTTAA
TTCTTTTTACAG,TCCTTTTGATAG
AAAGGAAATATT,AAAGGAAATATC
TACAAATTAATG,TTCTAATTAGTA
GAGGATAAGGCC,GAGGGCAGGGAC
GGGTTTTCTTCC,GGGTTTTCTGTC
AGACAGGAGTTC,GGCCAGGAGTTC
TAACCTCTCTGT,TAACCTCTCTGT
CCACCATGCCCG,CCACCACGCCCG
TGGTCAGTGCCT,CTCTCTGTGCCT
TTCCCCTTGAAC,TACCTCTCTGAC
ATACACTGCTTG,GTGAATTGCCTG
GGAGAAAAATTG,GGAAAAACANTT
ACATGCTGGGAT,AAGTGCTGGGAT
GGAGAAAA,AGTGGGAGAANA
GTTCCAGTATCA,GTTCAAGGGTCA
AAAACTACACAG,AAAACTAGACAG
CTCACAGTTA,CTCACATACTTA
CTCTGTAGCTCT,CTGTGTGGCTCC
AGTAGTGTGGTT,ACTCAAGTAGTT
CCCTGAAAACTA,ACATAAAAACTA
TGAAACCCCGTC,TGAAACCCCGTC
ATGTTTGCATTC,ATGTTTGCATTC
GGCACATGTATA,GGCACATGTATA
GAATCTGCAAGT,GAATCTGCAAGT
AGACTAACTCAT,GTATTAACTCAT
CGGTGGAAGGAG,NAGGGGGGCAAG
TGACAATTAATA,TAACAATCAGA
CCCGCTGTGTGA,CTAGCTGTGTGA
CGAGTAGCTGG,CGAGTAGCTGGG
CAAGTGCCTACT,TGAGCGCCTACT
ATGGTAAA,TTTTATGTTA
ATGCCTGTAGTT,GCGCCTGTAGTC
GAAGTCTACAAT,CTAGACTACATT
GAGAACAGGGCC,GAAAATAGGGTC
TGTGTCTGAAGT,CGTGCCTGGCGT
CCTTCCTTTTGA,CMTTCCTTTTGA
CTGCAAGGGAA,CTAGTGGGGGGA
TTGTTTTTTAG,TCTGTGTTTTAA
ACAATAAAAA,ATTCCACAAAGT
GACAAAATCAAT,AGCAGGATGAAT
TATTCCCTTTCT,CMTTCCTTTTGA
CATAGAGCAGTA,GATAGAGCAGTT
ATAAAGACCCTG,ACACGGTCCCTG
CTAGCCACCTCG,CCATCCTTCCAG
TTGGTTCAT,TTGGTTCATCTT
TTATGGATGCAT,TTATGGCTGCAT
AAAAAAAAGGT,CAAAAGAAAGGT
TTTGAGGCCGTC,TTTGAGGCCTTC
CTTTTTTGTAAA,TCCTTTATAAA
CTTTACATAAA,CATTTATGTAAA
TTTTACAATCGA,TCTTACAATCGA
AATGCTCATCAT,AATGCTCACCAT
GAAACTGCTCTG,GTAACTTCTTTG
TTTGAAACGTCT,KTGGAAACGGGA
ACTATATAATGG,TCTGTAAAATGG
ACTAAACAGGAG,ACTAGACAGAAG
CTCTGTG,TAGATCTATATG
TTGATTTACATT,TTGATTTACATT
GAACATTTGGAG,GGATATTTGGAS
GCACCATTGCAC,GCGCCATTGCAC
TGCATTCGACTC,TGCATTCAACTC
ACCGCCATGGCA,ACCACCATGGCA
TAGTGTTTGCTG,TAGTGGTTGCTC
TACAAGAAATAC,TACAAAAAATAC
ATTGTGTA,ATTACAGACATA
CGCTTTGAGGCC,CKCTTTGAGGMC
GCTATGGGTGGA,GGTAGATGGA
GGAGGAACCAGC,GAGGGAGCGAGC
TAAAAACTAGAC,TAAAAACTAGAC
ACAGTCATTAGC,ACAGGCGCGCGC
AAATCTTAGAAT,TATTTTGAAAT
TTTGCATTAAT,TTTTGCATTAAT
CGGATCACGAGA,CGGATCACGAGG
TTGATTAGCCAA,TTTATTAGTTGG
GAAGGTGGGATG,GAAAGTGGGGTG
TTGGTCAACAAC,TCGGTCAACGAC
CCTCATCCATAA,CCTCATCTGTAA
CTACATCCTCAG,CTGCGTCATCCC
AATCCTAAG,GAGCGGAGTGAG
TTATTTATTTAT,TTATTTATTTAT
AGGATAGACTT,GGGGCAAGGGTG
ACATTCATGTCT,ACATTAAAGTTT
AATGAGGAAAAC,AATTGTGTAAGC
AGTCTGAGCTTT,AACCCAGGTCTC
CTAAGTGACATA,CTAAGTGAAATA
ATTCCAGGC,ACTGTTCTAGGC
GCCAGGCATTGA,GCCAGGCATTGA
GGGTTTCTTCCT,GGATTTCTTCAT
GGCATGTAGTAG,GGCACACAGTAA
GCCTGGCTAATT,GCCCGGCTAATT
CACGGTGAAACC,CACGGTGAAACC
CCCTGTAGATTT,TCCTGTTGGCTC
CCCATATATAAA,TCCATTTATATA
TCCACTTCTGCA,TCCTCATCTGTA
GAAAGGAAATA,TGAGGAAACTGA
GAAACATTAGTG,TAAAAATTCATG
AGCAATTATAAG,AGACATGACAAC
GAATCAAAAAC,AAACAAAAACA
AACTCTATAGGG,AACTGTAAAGTG
CCCAGTTCAAGC,CCGGGCTCAAGC
AATGGGATATCC,AATGGGGTATCC
TTTGTCCCATCT,TTTGTCCTATCT
TGCAGTGGGCCG,TGCAGTGAGCCG
AGGTTGGAAACA,AGTTTTGAAACA
TATATATGTATC,TATACATGTATC
GGCAGGAGAATC,GGCAGGAGAATC
TAAAACTATGTA,CAAAACTGTA
TCTAGGGTGGGT,TCTGGGGT
AGGCCTGTGGTG,AGGMCTTCGKTG
TTTACAATGTTC,CCAGCCACGTTC
CACTGCAGC,TACTGCAATAGC
GGGTAGGGGAGA,GCCTATTAGACA
AGGCCCTTACT,AGGGACCTTAGA
AAAAAAAAAAAA,AAAAAAAAAAAA
ATGTCAATACA,GCGCTCAATAAA
ACTGGCGCGATC,AGTGGCGCGATC
GATGGAAGTGTT,GATGGAAATGTT
TACAGCTCA,CACAGCAGATTA
AATAACTTAATA,AATAACAATA
ACTTAAAT,CTCTGCTTGAAC
TGCCTGTCATCT,CGCCTGTAATCC
GGATTGCATGAG,GGATCACTTGAG
GTACCTTGAGAT,GTACCCTGGGAT
CTGTAATGCCAG,CTGTAATCCCAG
TAAATAAATAAA,TAAATAAATAAA
AAGGACCAGAAA,AAGGACAGAAA
TTAGCCAGGATG,TTAGCCAGGATG
CTTCCTTTACAC,MTTCCTTTTGAT
TGGCACATAGCA,TGGCACACAGTA
TTCTTTTAAAAA,TTCTTTTGAGAA
TCTCATTGTCAC,TCGCTCTGTCGC
CTGCCTATAGGT,TTGCCTGG
CCGCTTACCCT,GCTAATTACCCT
CAGTTTGTCAAA,TAACTTGTCAAA
GAAAAGGAATTA,GAAACGGGAATA
CTGTAAACTCTG,CTGTGAGCTCCT
AATAGCAGGA,GCGCTGGGGA
TGAATAATTT,TTATTTATTT
AGCCAGGCACCT,AGCTAGGGATC
GACAGAATAATT,GACAGAAGCATT
CTTCTTGGCTCT,GTCCCAGCTCT
TCTTTCCTTCCT,TCCTTCCTTCCT
CCTGTGCTGGGG,CTTATGTTTTAA
AGCGCTTTCAGG,ASCKCTTTGAGG
TACAGAGAGCAG,TTGATAGAGCAG
CAAAACTGCTCT,CAAAACTGCTCT
GAAATACAGTTA,GTAATACATTTA
ATCACATTTTCT,ACCATCATCTCT
TACAAAATTACA,TACAAAAATACA
AGGCCTGTGGTA,AGGMCTTCGKTG
GCCTCCAGAATG,GCCTCCAGAACT
GTACCCTAGTG,ACACCTCCAGTG
AAGCGAGATCCT,GAGCGAGACTCC
TTTTGAGACGGA,TTTTGAGACGGA
AAAATAGATAAA,AAATAGATAAA
TCACCTATGTTC,CCTACTATGTGC
ATATCTCCTAAT,ATATCTCCCAAT
TGTTGTTGTTGT,TGTTGTTGTTGT
GTTGAATATTCC,GTTGAACMTTCC
ACACTTTCAAAA,GCGCTTATCAAG
GAATGGCTTTGA,GAATGGCTTTGA
ACATACATAACG,GTGGGCAGGGCC
GTTTCCTCT,GTTTCCTCATCT
AAAGCCTATT,AAAGCCCGTGCT
GATATTGCCCTT,GATAGTGTCCTT
AAGAACATGCAA,GAGAACATGCGG
GATACAAATGAA,ATAAAAATAAA
AAACAGTGTGC,AAACAATGCTGC
GACCCTGATGTG,GGCCCTGAGGCA
CGCGCCATTGCA,CGCGCCACTGCA
CTCTGGTATTGT,CTCTGCCGTTGT
TGCATTGCATGC,CACATTGCATGC
TTTGTTTTTGTT,TTTGTTTTGTT
GGTTTAAATCCC,GGTTCGAATCCC
CCCGGGTTCACG,CCCGGGTTCACG
TTGAGATAAAAA,CCCAGATAAAAA
AAAAAATTAGCC,AAAATTAGCC
CCAGGGATGCCA,CCAGGGATGCTG
AGCAGTTTGGAA,AGCAGTTTTGAA
CACCTGAGGAA,GACCTTGGGCAA
CTTCAACCTGCA,CTCCATCCTCCA
TTGCAAATGCTG,ATGCAAATACTA
CTCTGATATTAT,CTGTGATATTAT
AATACCAAT,TGCCTGGAAT
TGCCTTGGGAGG,CACTTTGGGAGG
CTACTTGTCAAA,CTATTGGTCGAA
TGCTTTATGGGA,TTCTTTGTGGAA
ATCTGGGGAATG,CTCTAGGAGCTG
AATGCCAACTTT,AATACTGACTTA
CTCCTGTTTCT,TTCTTTTTTCTT
GGTAAAAAAGTT,AGTAAGTGGCA
TGACTGGGAGTC,TCAGTGGGAGCC
TAATCCCAGCAC,TAATCCCAGCAC
TGGACCTTGACT,TGGACATTTCAT
GCCCTTTCCATG,GCGCTTTACATG
TTGAAAATGTCA,ATGAGNGTACCA
GAAACTACTTGG,GAAACTTCTTTG
CACAAATAACAG,ATTAAATAACAA
AATTTATTTCAT,AATTTATTTAAT
AAAGTGCTGGGA,AAAGTGCTGGGA
AGGCCACTGCAC,GCGCCACTGCAC
GAGACTACCCAC,GAGGCAGCCCAT
CCAACTCCTC,GCATTGCTCTCC
GCAGGAGACTCA,GCAGGAGAATCG
AGGAGACTCACT,AGGAGAATCGCT
TAAACTGGGGAT,TAAAATGGGGAT
GTGCTCAGCTCT,TTGCCCCTT
CAGCTAATTTTT,CGGCTAATTTTT
CAGGATCTCTCT,CAGGGTCTCGCT
CTATTTACCATT,CTTTTTTCTTTT
GTTTAAAAGTGT,GTTTAAAAGTGT
GCCTTGTTTTAT,ACCTTGTTTTAT
GGAATGAAGTAC,CATGTAAAGCGC
GCTTACCATCTC,GCCCACC
ATTTATTTCTCA,ATTTATTTCTCA
TATAAAATACAC,TACAATATACA
ATTATAAGACAT,GTCACGAAATAT
GGCGGATCACTT,GGAGGATCGCTT
GTAGCTTTTTCA,GCGGCTTTTCCA
GCACTCTC,AGCGCTTAGCAC
ATAATATTTCTG,ACAATATTTTG
ACAGGGTTTGAC,ACAGTGCCTGGC
TCCTTCCTTCCC,TCCTTCCTTCCT
GGTTAAAATAGT,GGTTAAAATGGT
ATCAGTATCG,GGAATTATTGTT
AAATGTAAGACC,AAATGTAAGACC
TTTCAAAACTGC,TTTCAAAACTGC
TTACAGGCGTGA,TTACAGGCGTGA
CAAATGA,AAAATCCCAGCA
GCAGGCCATAG,GCGGGCCATACG
TGTGATAT,CCCCTGTGATAT
TAGTGGAGACAG,TAGTAGAGACGG
ATTATATTGTCC,ACCATGTTGCCC
AAGGAGTTTGAC,GCTGAGATGGAT
TTATGGAAGT,GCATCAGTATTT
TTGCCATGAGAC,TMGCTGTGTGAC
TGGGTGGATCAC,CGGGCGGATCAC
TCCTATTAAAAT,CCCTATCAAAAT
AAAGAGGCTTCA,AAAGAGGTTTAA
ATTGACAGGACT,GCCAACAGGATT
GGCTGGAGTGCA,GGCTGGAGTGCA
GGGAATATTGGC,GGGAATATTGGC
ACAGAAGCATTC,ACAGAAGCATTC
GATCCAAACCAA,GATCCAAACCAA
GGTAATCAATAA,GGCATTCAATCA
TAAAGATATCTG,TAAAGATACCTG
ATACAGTTTTAT,ATATGGTTTCAG
TTAAATATATA,TATATATATATA
GATCACTTGAGG,GATCACCTGAGG
TGGTGGGTA,TGCTGATAGGTC
CCGGGCGTGGTG,CCGGGCGCGGTG
TCGTGGGCTCAA,TCCTGGGCTCAA
GGTAGGTAGATG,GGCGGGAGGATC
AAATGCTTATA,AAATGTTTGTTG
GCTTTCAGGCCT,KCTTTGAGGMCT
TGCTCCTATGTC,TGCTCAAATGTC
AATCCATTTGAC,TCCCCATTTTAC
ATTCTAAAAGAG,ATTTTNAAAAG
CACACAATATCT,TGTAGCACTTTT
TTCCCTCCAACA,CTCCTTCCA
ACCCTGACTTGA,ACCCTGACTTGA
CTCACAGTTCTG,CTCACAGTTCTG
TATATTAGGAAC,TATATAAGGAAC
TGTGGCAGAAGT,TGTGGCTGGAGC
GAGAAATACTGG,GAGCAGAANTTG
GACATGGAGTG,GGCTAAGGGGTG
CACCCCCTCTGA,CGCCCCCTAGA
ACCAATTTATCA,GCCGATTCATCA
TAAAAATGTC,TTATAAGTGTCT
GGAGCTAGGATT,TGAGCTATGATC
TCCCAAAGTGTT,TCCCAAAGTGCT
TGTATATATTAA,TGGGGATAATAA
ACACGTTTACCT,ACACGTTTACCT
TACAAAAATTAG,TACAAAAATTAG
ATATAGGTAGAG,GTGTAGATAGAG
ACAATATCCCGG,ACAATATCACAG
TTTTTTTTATTT,TTTTTTTTTTTT
AATGAGTTGTAA,AATAAGGCAA
TAAGTATTT,TAGTAAATATTT
TCCATCTCAAAA,TCCGTCTCAAAA
TTTCTTTTGAT,TCTTCTTTTGAT
TTCATATGCTTG,TTCATATGCTTG
GGATGGATGGAT,GGATGGATGGAT
TTTATTAAAAGT,TTTATCAAATGC
ATTCTGACATCT,ATTTGGACCTCT
TCCGCAAGAGGA,TCTGCAAGTGGA
GTGAGACCCCAT,GCGAGACCCCGT
TCAGGAGATCGA,TCAGGAGATCGA
GGCCAAAAACAC,GGCAAAAACCGC
CTGCAAGGGGAT,CTGCAAGTGGAT
ATTCTTATTCTT,ATTCTTATTCTT
GTACAGGCAGCC,ATGCGGGCGGCC
AGGAAATATCTT,CGGGAATATCTT
AGCGTGATGATA,AAAATGGGGATA
CACTCTAGCCTG,CACTCCAGCCTG
AGCTGGGACTAC,AGCTGGGACTAC
TATGTGTAACTA,TGCGTGTAGCTG
CTGTAGCATCAA,CTTCAGTGTGTA
AATTAGCCCATG,GGTTAGAGCACG
AGTGACTCTATT,GTTGACTATATT
CCACCTCAGCCT,CCGCCTCGGCCT
GATGTTCCATCC,GAAATTCCACCA
AACATTCTGCAG,AAATCCTAGAG
TCCCCCTTCCAG,TCCCCTTTCCAG
CAAGATTGCACC,CGAGATCGCGCC
CCACCCTGGA,CTACTCGGGAGG
AAAAATTAGCCG,AAAAATTAGCCG
GTAATTTGTGG,GTACTTTGTTAC
TCTAAAATTCTC,TCTAAAATTCTC
TGGTCCTTTCTC,CGGTCCCTGCCC
ACACCCGTGAGC,ACATCCGGGAGC
CAGAAAGGAATG,CAGAAGGAACG
AGGAGAAGTGG,GGGGTGGGTGAG
CTTTATCCATTA,CTCTACCCACTA
GATTGTCTTCAT,GAATATCTTCAC
CCAACAGGCTA,AAAACAGACAAA
AGCAGACACTGT,GCCAGGCACTGT
AAAAGAAAA,AACTCTCAACAA
GGAACATAACTG,TTGATATGGTTG
TTAAAAATGCAG,TTAGAAATGCAG
TGGAGTGCAGTG,TGGAGTGCAGTG
AATATCGTG,GTTAATACATG
GCTTCCTGTACA,GCTTCTTGTACA
TTTAATTGATTT,TTTTTTTTTTTT
CCATTACAAAGT,CTGTTCTAAGCG
TTGTAGTGTGTA,TTGTAGAATCTG
GGCATTCTAATA,GGCATTCTAATG
ATATTTTGACCA,ATATTTGGASCK
TTCCTGCAGATA,TTCCTATGGATA
CTCCCAGATATT,YTCCCAAGTGCT
TTCTACT,CTCCACTGCCAC
TTAATTGCTGTA,TTCACTGCTGTA
CATTGGTAATTA,CATTGGGGATTA
TAACATTCCAA,TCACACAGCTAG
AGACTTCCT,AGGATTCGAACC
AAATGACTTG,TTAAGTGACTTG
ACAGACTTAAAC,CAGACGTAAAT
