error,corrected
versitilaty,versatility
futhroc,futhorc
miliraty,military
wiull,will
plateu,plateau
tath,that
transesxuals,transsexuals
pursuade,persuade
leibnitz,leibniz
inumerable,innumerable
phamplet,pamphlet
unecessary,unnecessary
efficency,efficiency
surley,surly
acomplice,accomplice
dissappear,disappear
fontrier,fontier
unchangable,unchangeable
pertaning,pertaining
busines,business
foriegn,foreign
negociation,negotiation
incidently,incidentally
hipopotamus,hippopotamus
honory,honorary
occaison,occasion
mkaes,makes
ilness,illness
recepient,recipient
recident,resident
exellent,excellent
hierarcy,hierarchy
publicaly,publicly
supressing,suppressing
diea,die
secceeded,seceded
personell,personnel
aircaft,aircraft
algoritms,algorithms
iresistably,irresistibly
harrasments,harassments
stlye,style
devided,divided
inconsistant,inconsistent
superceeded,superseded
cosumer,consumer
becouse,because
aggreement,agreement
swaers,swears
alledgedly,allegedly
octapus,octopus
recrational,recreational
lvoe,love
dalmation,dalmatian
thsoe,those
asside,aside
excells,excels
adviced,advised
villify,vilify
missle,missile
addionally,additionally
descripters,descriptors
exicting,exciting
engieneer,engineer
gaurd,gourd
similiarity,similarity
shiped,shipped
initally,initially
infered,inferred
addresable,addressable
aledged,alleged
althought,although
technolgy,technology
acadmic,academic
poluted,polluted
formallize,formalize
concieted,conceited
notabley,notably
manouvers,manoeuvres
aeriels,aerials
earlies,earliest
devasted,devastated
signficiant,significant
anaylsis,analysis
inmigrants,immigrants
launchs,launch
adquired,acquired
imense,immense
govorment,government
churchs,churches
repulics,republics
reportadly,reportedly
stradegies,strategies
opprotunity,opportunity
emmigrated,emigrated
sabath,sabbath
proclaming,proclaiming
roomate,roommate
spontanous,spontaneous
commerically,commercially
gallaxies,galaxies
vigilence,vigilance
desparate,disparate
avalance,avalanche
fomr,from
illess,illness
usurous,usurious
unahppy,unhappy
stong,strong
proccessing,processing
exampt,exempt
fomed,formed
movei,movie
interupted,interrupted
paticular,particular
existince,existence
montains,mountains
apparant,apparent
imploys,employs
drnik,drink
adquire,acquire
haev,heave
leutenant,lieutenant
tabacco,tobacco
Wensday,Wednesday
tormenters,tormentors
driectly,directly
alcohal,alcohol
cmoputer,computer
acused,accused
artice,article
repubics,republics
harased,harassed
precentage,percentage
perade,parade
Morrisette,Morissette
technecally,technically
bcak,back
judisuary,judiciary
coordiantion,coordination
satrically,satirically
contraversy,controversy
swepth,swept
Enlish,English
mountanous,mountainous
prestigous,prestigious
stubborness,stubbornness
critereon,criterion
mattres,mattress
equialent,equivalent
sucession,succession
informtion,information
hting,thing
catergorized,categorized
livlihood,livelihood
decideable,decidable
cooly,coolly
voleyball,volleyball
puplisher,publisher
procedings,proceedings
inherantly,inherently
devistating,devastating
completelyl,completely
gridles,griddles
excecuting,executing
levle,level
curcuit,circuit
Saterdays,Saturdays
organiztion,organization
cant,cannot
inditement,indictment
multiplers,multipliers
authorites,authorities
dificulty,difficulty
thier,their
copywrite,copyright
siezed,seized
headquater,headquarter
owudl,would
betwen,between
reclaimation,reclamation
reccomended,recommended
presitgious,prestigious
vehicule,vehicle
pary,party
afficionado,aficionado
prevaded,pervaded
whn,when
persperation,perspiration
diaster,disaster
abreviation,abbreviation
saxaphone,saxophone
indentified,identified
catterpillar,caterpillar
emmisaries,emissaries
appropraite,appropriate
launchs,launches
suprisingly,surprisingly
soverign,sovereign
succceeded,succeeded
shamen,shamans
exagerrates,exaggerates
speach,speech
studing,studying
dimunitive,diminutive
noth,north
fougth,fought
alowed,allowed
shadoloo,shadaloo
commerical,commercial
docter,doctor
restraunt,restraint
sissers,scissors
arrangment,arrangement
quarrantine,quarantine
pickeral,pickerel
aquire,acquire
exibitions,exhibitions
vasall,vassal
jaundise,jaundice
tehy,they
seldomly,seldom
untill,until
cannotations,connotations
repubican,republican
htis,this
jelousy,jealousy
popoulation,population
muscial,musical
perogative,prerogative
witn,with
dowloads,downloads
abreviated,abbreviated
volonteer,volunteer
encylopedia,encyclopedia
exludes,excludes
thne,then
hwile,while
volumne,volume
htink,think
ecstacy,ecstasy
silhuette,silhouette
watn,want
siezure,seizure
oublisher,publisher
propellor,propeller
souveniers,souvenirs
caterpilars,caterpillars
pronounched,pronounced
hierarcical,hierarchical
excedded,exceeded
recomending,recommending
therafter,thereafter
wasnt,wasn't
privaleges,privileges
charactor,character
Niagra,Niagara
oging,going
proceded,preceded
refered,referred
misdemenor,misdemeanor
siezing,sizing
defendents,defendants
resistence,resistance
shoudln,should
appologies,apologies
guage,gauge
suroundings,surroundings
electricty,electricity
applicaitons,applications
theif,thief
vaccilate,vacillate
volounteers,volunteers
hertiage,heritage
coridal,cordial
assocation,association
readmition,readmission
garanteed,guaranteed
contamporary,contemporary
documenatry,documentary
orgin,organ
subsiduary,subsidiary
paide,paid
polutes,pollutes
wnat,want
imagenary,imaginary
sence,sense
excange,exchange
relaly,really
principly,principally
councellors,councillors
sepulchure,sepulcher
emporer,emperor
beteen,between
cemetary,cemetery
stablility,stability
Carribean,Caribbean
througout,throughout
slippy,slippery
raize,raise
seach,search
considerd,considered
jagaur,jaguar
chuch,church
infectuous,infectious
hvaing,having
tast,taste
happenned,happened
casulaty,casualty
possessess,possesses
holliday,holiday
remembrence,remembrance
Foundland,Newfoundland
jouney,journey
millioniare,millionaire
enviorments,environments
caterpiller,caterpillar
automonomous,autonomous
supresses,suppresses
weild,wield
arrengement,arrangement
hypocracy,hypocrisy
resturants,restaurants
commisions,commissions
refedendum,referendum
wief,wife
sould,soul
ocurred,occurred
beastiality,bestiality
froniter,frontier
dilapadated,dilapidated
exibition,exhibition
chariman,chairman
cmo,com
utterence,utterance
cententenial,centennial
chracter,character
obession,obsession
idesa,ides
Papanicalou,Papanicolaou
inaccessable,inaccessible
algoritm,algorithm
preiod,period
agrieved,aggrieved
facilatate,facilitate
ganerate,generate
iminent,immanent
acording,according
sepulchure,sepulchre
satelites,satellites
consistantly,consistently
gogin,Gauguin
vasalls,vassals
satelite,satellite
commonweath,commonwealth
yera,year
originially,originally
octohedral,octahedral
kapock,kapok
pantomine,pantomime
alomst,almost
descibed,described
aborigene,aborigine
traditition,tradition
instade,instead
imaganation,imagination
strenghen,strengthen
temprary,temporary
esential,essential
publlisher,publisher
smoe,some
terriories,territories
attemted,attempted
definiton,definition
originall,original
seceed,secede
wtih,with
ppublisher,publisher
religously,religiously
littel,little
Juadaism,Judaism
allready,already
cartilege,cartilage
vitories,victories
stilus,stylus
wayword,wayward
psyhic,psychic
rennovate,renovate
aranged,arranged
emminent,eminent
suceed,succeed
aircrafts',aircraft's
moeny,money
emmitted,emitted
Pittsburg,Pittsburgh
busness,business
cacuses,caucuses
unsed,used
sanctionning,sanctioning
electic,electric
polyphonyic,polyphonic
sideral,sidereal
freindly,friendly
Hallowean,Hallowe'en
ochestra,orchestra
privalege,privilege
critisize,criticise
mounth,month
weaponary,weaponry
amoung,among
foundary,foundry
repatition,repetition
Postdam,Potsdam
disenchanged,disenchanted
succcesses,successes
assinine,asinine
monts,months
premeired,premiered
protocal,protocol
thnigs,things
repetion,repetition
stature,statue
resurecting,resurrecting
millenia,millennia
exressed,expressed
whith,with
surprize,surprise
moreso,more
extentions,extensions
aircrafts,aircraft
stpo,stop
sheat,sheath
deteoriated,deteriorated
playwrite,playwright
sovreignty,sovereignty
buoancy,buoyancy
Bernouilli,Bernoulli
nightime,nighttime
mailny,mainly
methaphors,metaphors
inprisonment,imprisonment
ackward,awkward
illegitmate,illegitimate
strenous,strenuous
idaes,ideas
accomdate,accommodate
hydropobe,hydrophobe
genialia,genitalia
beccause,because
siezures,seizures
villin,villi
vegtable,vegetable
unilatreally,unilaterally
ment,meant
suprizingly,surprisingly
detatched,detached
disatrous,disastrous
busineses,business
medecine,medicine
hemorrage,hemorrhage
andd,and
herad,Hera
unwarrented,unwarranted
historicians,historians
ruhbarb,rhubarb
idaeidae,idea
initation,initiation
naturaly,naturally
eles,eels
greatfully,gratefully
alot,allot
effecient,efficient
dont,don't
surrouded,surrounded
positon,positron
manyfold,manifold
appearence,appearance
labled,labeled
solatary,solitary
absense,absence
alchol,alcohol
hapening,happening
terrestial,terrestrial
telelevision,television
dicussed,discussed
zelous,zealous
erally,really
harrasment,harassment
propietary,proprietary
assoicate,associate
suprize,surprise
brimestone,brimstone
pennance,penance
refernces,references
explotation,exploitation
kaliedoscope,kaleidoscope
surveyer,surveyor
huminoid,humanoid
vailidty,validity
inheritence,inheritance
usefull,useful
geneologies,genealogies
absorbtion,absorption
rythmic,rhythmic
prophacy,prophecy
suprise,surprise
commision,commission
usally,usually
requred,required
recogise,recognise
palce,palace
peageant,pageant
permenantly,permanently
syas,says
elicided,elicited
disiplined,disciplined
thast,that's
fiels,files
inadvertant,inadvertent
subsquent,subsequent
abundancies,abundances
missonary,missionary
efford,afford
beleive,believe
ressurected,resurrected
delusionally,delusively
yoman,yeoman
destablized,destabilized
Yementite,Yemenite
doccuments,documents
nessasarily,necessarily
archtype,archetype
reacing,reaching
recipiant,recipient
mathematicas,mathematics
aquitted,acquitted
tomatos,tomatoes
alchohol,alcohol
suround,surround
everyting,everything
Carnigie,Carnegie
Nazereth,Nazareth
lsat,last
journies,journeys
eventially,eventually
elimenated,eliminated
despiration,desperation
hospitible,hospitable
univesity,university
batallion,battalion
gnawwed,gnawed
posseses,possesses
refering,referring
theather,theater
siezing,seizing
exoskelaton,exoskeleton
corridoors,corridors
portait,portrait
legitamate,legitimate
erally,orally
facinated,fascinated
reoccurrence,recurrence
thta,that
delevopment,development
immediatley,immediately
medevial,medieval
agressively,aggressively
harases,harasses
hinderence,hindrance
archiac,archaic
mkea,make
obliggato,obbligato
didnt,didn't
didippate,dissipate
muscels,mussels
attendents,attendants
Pennyslvania,Pennsylvania
perfomance,performance
catagorey,category
allopone,allophone
deffined,defined
comisioned,commissioned
beleif,belief
acknowldeged,acknowledged
brillant,brilliant
inadiquate,inadequate
engeneer,engineer
diosese,diocese
worstened,worsened
dictionarys,dictionaries
sneeks,sneaks
assasins,assassins
mudering,murdering
aeriel,aerial
resemblence,resemblance
fightings,fighting
propogation,propagation
oposition,opposition
instuction,instruction
gaurantee,guarantee
immediatly,immediately
fiercly,fiercely
minature,miniature
penisula,peninsula
offcially,officially
murmers,murmurs
centruies,centuries
successully,successfully
higway,highway
submachne,submachine
neccessary,necessary
experianced,experienced
plebescite,plebiscite
evenhtually,eventually
concidered,considered
seperates,separates
personel,personnel
wroking,working
haev,have
succesfully,successfully
ocurr,occur
exagerrate,exaggerate
introdued,introduced
beeing,being
corrispond,correspond
parenthasis,parenthesis
occurances,occurrences
additionaly,additionally
reveiw,review
xenophoby,xenophobia
arguements,arguments
duece,deuce
proceding,preceding
feasable,feasible
receeding,receding
adventrous,adventurous
adn,and
compitent,competent
acceed,accede
doccument,document
Guaduloupe,Guadeloupe
guarenteed,guaranteed
gerat,great
tkaing,taking
sacrement,sacrament
ciricuit,circuit
signitory,signatory
trancendent,transcendent
seceeded,seceded
exonorate,exonerate
caterpilar,caterpillar
synagouge,synagogue
acordingly,accordingly
naptha,naphtha
significent,significant
tiem,time
archimedian,archimedean
ommision,omission
helpped,helped
publisger,publisher
ect,etc
trancending,transcending
refereneced,referenced
unparalelled,unparalleled
raelly,really
posthomous,posthumous
sholders,shoulders
arund,around
bombardement,bombardment
absorbant,absorbent
plebicite,plebiscite
alse,else
sucessor,successor
narative,narrative
traditionnal,traditional
combinatins,combinations
pessiary,pessary
dirived,derived
Celcius,Celsius
incorigible,incorrigible
hienous,heinous
soliders,soldiers
pensle,pencil
coverted,coveted
seceed,succeed
aquaduct,aqueduct
medacine,medicine
versitlity,versatility
imaginery,imaginary
rhythem,rhythm
momentus,momentous
acadamy,academy
knive,knife
offereings,offerings
incesant,incessant
alcoholical,alcoholic
contibuted,contributed
grammer,grammar
grwo,grow
villin,villein
mechandise,merchandise
settelement,settlement
studdy,study
catergorize,categorize
acceptible,acceptable
illiegal,illegal
articel,article
embargos,embargoes
descuss,discuss
toubles,troubles
varations,variations
linolium,linoleum
alowing,allowing
filthness,filthiness
amking,making
explictly,explicitly
condidtion,condition
northen,northern
technitian,technician
passerbys,passersby
coverted,covered
sucess,success
surronded,surrounded
Carmalite,Carmelite
survivied,survived
anytying,anything
predecesors,predecessors
generatting,generating
acuracy,accuracy
puchasing,purchasing
priciple,principle
asign,assign
mamoth,mammoth
dupicate,duplicate
particualr,particular
heigher,higher
maltesian,Maltese
enviroment,environment
competive,competitive
penisular,peninsular
claimes,claims
fundametals,fundamentals
telphony,telephony
essentialy,essentially
soem,some
circulaton,circulation
munbers,numbers
substracting,subtracting
cervial,serval
strat,strata
comprable,comparable
developped,developed
vriety,variety
ommitting,omitting
premission,permission
financialy,financially
rocord,record
incomptetent,incompetent
appealling,appealing
reffered,referred
debateable,debatable
demolision,demolition
idealogy,ideology
excecution,execution
mirrorred,mirrored
propotions,proportions
gropu,group
fatc,fact
banannas,bananas
inagurated,inaugurated
volounteered,volunteered
councellor,councilor
quater,quarter
runnung,running
conotations,connotations
penninsula,peninsula
responsibile,responsible
startegy,strategy
himselv,himself
acceptence,acceptance
Januray,January
Sixtin,Sistine
cartilidge,cartilage
appealling,appalling
referece,reference
delapidated,dilapidated
enviornment,environment
repition,repetition
transending,transcending
propmted,prompted
translater,translator
ommitted,omitted
colosium,coliseum
persuing,pursuing
wroet,wrote
larrry,larry
temerature,temperature
reminsicent,reminiscent
flourescent,fluorescent
interferance,interference
maching,machine
cassawory,cassowary
whta,what
marketting,marketing
rininging,ringing
appenines,Apennines
cervial,servile
claerly,clearly
innoculate,inoculate
interrugum,interregnum
existance,existence
exinct,extinct
humerous,humorous
fucntion,function
soverignity,sovereignty
sacrifical,sacrificial
repid,rapid
comdemnation,condemnation
intrest,interest
gaurentee,guarantee
potrayed,portrayed
orignally,originally
sasy,says
creedence,credence
beleiving,believing
retalitated,retaliated
addresed,addressed
agricultue,agriculture
immitating,imitating
agreable,agreeable
extered,exerted
chalenging,challenging
dieing,dyeing
htere,there
critisizes,criticises
emminent,imminent
pinnaple,pineapple
acccused,accused
exeedingly,exceedingly
centruy,century
pususading,persuading
remeber,remember
acellerate,accelerate
origanaly,originally
abreviate,abbreviate
humoural,humoral
conciously,consciously
receptacel,receptacle
stomache,stomach
priveliged,privileged
approxomate,approximate
attaindre,attainder
duting,during
phisician,physician
recipiants,recipients
forhead,forehead
rela,real
Palistinian,Palestinian
paster,pastor
difficulity,difficulty
inteligence,intelligence
obstruced,obstructed
mercentile,mercantile
triology,trilogy
atribute,attribute
appartment,apartment
reacll,recall
minstry,ministry
gouvener,governor
troup,troupe
bankrupcy,bankruptcy
intutively,intuitively
excecuted,executed
assitant,assistant
mantained,maintained
embarrasing,embarrassing
achive,archive
algebraical,algebraic
similiarly,similarly
deriviated,derived
corperations,corporations
rearch,research
racaus,raucous
engagment,engagement
gauranteed,guaranteed
useage,usage
soudn,sound
acommodate,accommodate
catterpilars,caterpillars
incarcirated,incarcerated
haemorrage,haemorrhage
disobediance,disobedience
execising,exercising
beggining,beginning
strenghtened,strengthened
alledged,alleged
conviced,convinced
legitmate,legitimate
liesure,leisure
throught,thought
anbd,and
insense,incense
acheive,achieve
paitience,patience
alsot,also
senarios,scenarios
ceromony,ceremony
apenines,Apennines
powerfull,powerful
florescent,fluorescent
fullfill,fulfill
oponent,opponent
misterious,mysterious
Godounov,Godunov
soley,solely
oximoron,oxymoron
pensinula,peninsula
occassioned,occasioned
constatn,constant
reminent,remnant
essencial,essential
cencus,census
oppinion,opinion
morgauged,mortgaged
belligerant,belligerent
poisin,poison
corrisponds,corresponds
humer,humour
archaoelogy,archeology
appearences,appearances
desparate,desperate
hankerchief,handkerchief
generaly,generally
thigns,things
hertzs,hertz
vell,well
disapoint,disappoint
parrallell,parallel
calculater,calculator
enviorment,environment
processer,processor
subsquently,subsequently
coorperation,cooperation
horrifing,horrifying
marrage,marriage
firts,first
occour,occur
changable,changeable
amatuer,amateur
Europian,European
consdidered,considered
suceeds,succeeds
hieght,height
implamenting,implementing
leanr,leaner
homogeneized,homogenized
availible,available
kindergarden,kindergarten
disover,discover
particulary,particularly
fourty,forty
primarly,primarily
wiht,with
therby,thereby
exhibtion,exhibition
wholy,wholly
belive,believe
techicians,technicians
recompence,recompense
relized,realised
prisner,prisoner
eratically,erratically
poweful,powerful
sorceror,sorcerer
coherant,coherent
countires,countries
Hatian,Haitian
asssassans,assassins
kahki,khaki
indictement,indictment
literture,literature
unsed,unsaid
manouvers,maneuvers
intergration,integration
comitting,committing
reponsible,responsible
fiels,phials
controling,controlling
casulaties,casualties
contendor,contender
gracefull,graceful
refernce,reference
tyhe,they
rhythim,rhythm
spects,expects
universaty,university
turnk,trunk
gutteral,guttural
ommiting,omitting
acheives,achieves
rucuperate,recuperate
porshon,portion
suit,suite
peice,piece
careing,caring
unplesant,unpleasant
practioner,practitioner
popularaty,popularity
sucesfuly,successfully
grafitti,graffiti
customery,customary
accesible,accessible
managment,management
counries,countries
intertaining,entertaining
yrea,year
diferrent,different
endorsment,endorsement
progroms,programs
settlment,settlement
liason,liaison
slowy,slowly
neigbours,neighbors
irrelevent,irrelevant
reedeming,redeeming
competance,competence
repblicans,republicans
desigining,designing
assasin,assassin
foudn,found
quandry,quandary
privelige,privilege
conscent,consent
reveral,reversal
liek,like
torpedos,torpedoes
preperations,preparations
develope,develop
iritable,irritable
captial,capital
alientating,alienating
accomadates,accommodates
Guilio,Giulio
tranform,transform
greif,grief
seperate,separate
threee,three
oppresser,oppressor
critisizing,criticising
renoun,renown
reciepents,recipients
eraticly,erratically
incuding,including
reciding,residing
Phillipines,Philippines
fiel,feel
substraction,subtraction
wass,was
refrers,refers
constituion,constitution
obstacal,obstacle
sturcture,structure
provisiosn,provision
nonsence,nonsense
centuty,century
sagatious,sagacious
carniverous,carnivorous
deffensively,defensively
encryptiion,encryption
enviroments,environments
weigth,weight
immitate,imitate
emminently,eminently
thgat,that
irrepairable,irreparable
poisenous,poisonous
quiscent,quiescent
heared,heard
excecutes,executes
exculsivly,exclusively
stopry,story
planation,plantation
phenomenonal,phenomenal
compeitions,competitions
presumibly,presumably
dieties,deities
sountrack,soundtrack
willingless,willingness
iunior,junior
startegic,strategic
nadar,nadir
agression,aggression
repell,repel
assoicated,associated
asorbed,absorbed
husban,husband
manufatured,manufactured
supose,suppose
simmilar,similar
idesa,ideas
sorrounding,surrounding
dieing,dying
ninty-nineth,ninety-ninth
binominal,binomial
disaproval,disapproval
statute,stature
proclomation,proclamation
owrk,work
ahppen,happen
burried,buried
tje,the
statue,statute
ahev,have
availabe,available
futher,further
conpendium,compendium
engeneering,engineering
quicklyu,quickly
prominantly,prominently
undoubtely,undoubtedly
Japaneze,Japanese
preferrably,preferably
inlcuding,including
spritual,spiritual
portugues,Portuguese
atheistical,atheistic
extint,extant
reminscent,reminiscent
possiblity,possibility
granduer,grandeur
catapiller,caterpillar
asociated,associated
sterotypes,stereotypes
diversed,diverged
individualy,individually
sucidial,suicidal
independance,independence
scientis,scientist
undoubtably,undoubtedly
attendent,attendant
manouver,manoeuvre
wheather,whether
casette,cassette
monestaries,monasteries
firts,flirts
referencs,references
recuiting,recruiting
pecular,peculiar
reversable,reversible
seceeded,succeeded
knawing,gnawing
explaning,explaining
daugher,daughter
efel,evil
availablity,availability
pennisula,peninsula
contributers,contributors
laguage,language
commiting,committing
quarelled,quarreled
journied,journeyed
explaination,explanation
deliberatly,deliberately
retreive,retrieve
currenly,currently
exhorbitant,exorbitant
ancilliary,ancillary
whant,want
comparisions,comparisons
excellant,excellent
conspiriator,conspirator
hosited,hoisted
vermillion,vermilion
alltogether,altogether
vaccume,vacuum
returnd,returned
agina,again
coudl,could
vigeur,vigor
commandoes,commandos
Galations,Galatians
sinse,sines
yeild,yield
geneological,genealogical
componant,component
expells,expels
tobboganing,tobogganing
startegies,strategies
proceding,proceeding
perjorative,pejorative
sattelite,satellite
controll,control
desctruction,destruction
bergamont,bergamot
Gottleib,Gottlieb
stregth,strength
Nullabour,Nullarbor
countrie's,countries'
subsidary,subsidiary
enforceing,enforcing
recomended,recommended
litature,literature
scoll,scroll
transfered,transferred
analitic,analytic
sucessfuly,successfully
apprearance,appearance
fufilled,fulfilled
performence,performance
avation,aviation
resembelance,resemblance
judgement,judgment
befoer,before
parituclar,particular
chasr,chaser
doccumented,documented
sasy,sassy
yerned,yearned
aquainted,acquainted
achived,archived
ocasionally,occasionally
audeince,audience
heridity,heredity
compulsery,compulsory
temparate,temperate
avaliable,available
tust,trust
catapillars,caterpillars
evidentally,evidently
maintioned,mentioned
commited,committed
candiate,candidate
admendment,amendment
hismelf,himself
satric,satiric
infrantryman,infantryman
siezed,sized
consistant,consistent
assasined,assassinated
charachters,characters
possesion,possession
magizine,magazine
dissobedient,disobedient
desktiop,desktop
seperately,separately
opose,oppose
volcanoe,volcano
sensure,censure
gurantee,guarantee
inadquate,inadequate
harasments,harassments
peristent,persistent
precedessor,predecessor
sergent,sergeant
analogeous,analogous
shouldnt,shouldn't
translaters,translators
gratuitious,gratuitous
occulist,oculist
shineing,shining
presidental,presidential
permenant,permanent
rememberance,remembrance
materiel,material
tortuous,torturous
developement,development
occassion,occasion
officals,officials
spriritual,spiritual
equiped,equipped
stuggling,struggling
monestary,monastery
accordeon,accordion
collosus,colossus
neice,niece
catagories,categories
confids,confides
mear,wear
procedger,procedure
maneouvres,manoeuvres
attendence,attendance
proceed,precede
recepients,recipients
pronouced,pronounced
beng,being
propper,proper
conected,connected
suop,soup
guerrilas,guerrillas
deparments,departments
sunglases,sunglasses
dessicated,desiccated
tranquility,tranquillity
indviduals,individuals
assymetrical,asymmetrical
reproducable,reproducible
chemcial,chemical
threatend,threatened
premeire,premiere
critisized,criticised
vaccum,vacuum
emphsis,emphasis
aggregious,egregious
bakc,back
catholocism,catholicism
souviner,souvenir
morgage,mortgage
opponant,opponent
decendants,descendants
Cincinnatti,Cincinnati
troups,troupes
scholarhip,scholarship
emnity,enmity
moleclues,molecules
colelctive,collective
crockodiles,crocodiles
Brasillian,Brazilian
scientifc,scientific
cervial,cervical
compatable,compatible
forsaw,foresaw
exerternal,external
leaway,leeway
politican,politician
becasue,because
originaly,originally
unviersity,university
benifit,benefit
comparitive,comparative
ensconsed,ensconced
resticted,restricted
similtanous,simultaneous
exagerating,exaggerating
sinse,since
aginst,against
orginize,organise
assidious,assiduous
persuit,pursuit
inevatible,inevitable
affilate,affiliate
proffesion,profession
originall,originally
emision,emission
misfourtunes,misfortunes
denegrating,denigrating
infilitrated,infiltrated
publishher,publisher
annualy,annually
consentrated,concentrated
convential,conventional
sqaure,square
sotyr,story
sponsered,sponsored
repblic,republic
succesion,succession
offred,offered
aisian,asian
doctines,doctrines
profer,proffer
paralell,parallel
eceonomy,economy
alusion,illusion
efficent,efficient
airrcraft,aircraft
offically,officially
heydey,heyday
moil,soil
similarily,similarly
buring,burying
precice,precise
ressurection,resurrection
computarized,computerized
wardobe,wardrobe
Formalhaut,Fomalhaut
qtuie,quite
nuisanse,nuisance
forunner,forerunner
appereance,appearance
drasticly,drastically
arogent,arrogant
commongly,commonly
accessable,accessible
coverted,converted
buring,during
colonizators,colonizers
bouyant,buoyant
proove,prove
sincerety,sincerity
univeral,universal
emmitting,emitting
remaing,remaining
dispite,despite
allegely,allegedly
constanly,constantly
wordlwide,worldwide
critisize,criticize
agregate,aggregate
allegience,allegiance
mischevious,mischievous
enviornments,environments
vaieties,varieties
enourmous,enormous
souvenier,souvenir
rennovating,renovating
caost,coast
perenially,perennially
critized,criticized
wnats,wants
abondoning,abandoning
carnige,carnage
retalitation,retaliation
regardes,regards
auxilary,auxiliary
pleasent,pleasant
comissions,commissions
captued,captured
streemlining,streamlining
equivelant,equivalent
proccess,process
accidant,accident
ecomonic,economic
morrocco,morocco
garnison,garrison
helment,helmet
clas,class
Jospeh,Joseph
mispelling,misspelling
guerrila,guerrilla
pinoneered,pioneered
eligable,eligible
threshhold,threshold
abritrary,arbitrary
hierachy,hierarchy
somwhere,somewhere
dissapoint,disappoint
alledges,alleges
hardiness,hardness
onirous,onerous
receving,receiving
substracts,subtracts
orgin,origin
endig,ending
immitator,imitator
peninsular,peninsula
intrumental,instrumental
resturant,restaurant
neice,nice
magnificient,magnificent
guarentee,guarantee
naturely,naturally
concidering,considering
releive,relieve
drummless,drumless
persistance,persistence
assualt,assault
discribing,describing
inevititably,inevitably
attemped,attempted
reffering,referring
conressman,congressman
wholy,holy
afficianados,aficionados
purpotedly,purportedly
myraid,myriad
irelevent,irrelevant
aggreed,agreed
Janurary,January
crowm,crown
obdirate,obdurate
formallized,formalized
naturual,natural
rference,reference
lonley,lonely
witht,with
abutts,abuts
guidence,guidance
opressive,oppressive
indulgue,indulge
visable,visible
shreak,shriek
diferent,different
atributed,attributed
Conneticut,Connecticut
affort,afford
ultimely,ultimately
intrument,instrument
charasmatic,charismatic
strat,start
sevice,service
sieze,size
beleived,believed
divinition,divination
metalurgy,metallurgy
hydogen,hydrogen
jeprodise,jeopardize
clinicaly,clinically
thousands,thousandths
referrence,reference
usualy,usually
arival,arrival
cellpading,cellpadding
Britian,Britain
helpfull,helpful
recurrance,recurrence
decendant,descendant
descision,decision
psycology,psychology
warrriors,warriors
Eurpoean,European
continueing,continuing
capturd,captured
spoace,space
profesor,professor
accompanyed,accompanied
heros,heroes
casued,caused
volontary,voluntary
thrid,third
soudns,sounds
interbread,interbred
gae,gale
Flemmish,Flemish
philosphy,philosophy
priestood,priesthood
missen,mizzen
succesfuly,successfully
Europians,Europeans
Hallowean,Halloween
iminent,imminent
comando,commando
imprioned,imprisoned
varing,varying
rewitten,rewritten
challege,challenge
cementary,cemetery
lonelyness,loneliness
suposedly,supposedly
brethen,brethren
ninty,ninety
calulated,calculated
valuble,valuable
examinated,examined
accussed,accused
lefted,left
mamalian,mammalian
aquiese,acquiesce
decidely,decidedly
nigardly,niggardly
housr,hours
parellel,parallel
gunanine,guanine
descendands,descendants
puritannical,puritanical
throught,throughout
suger,sugar
comander,commandeer
consolodate,consolidate
effulence,effluence
privelege,privilege
peripathetic,peripatetic
probablly,probably
belived,believed
arised,arose
sotyr,satyr
iwth,with
reenforced,reinforced
govenrment,government
addresing,addressing
incomptable,incompatible
mileau,milieu
harrasses,harassed
attension,attention
Buddist,Buddhist
Febuary,February
revelent,relevant
electon,electron
harrased,harassed
maneouvred,manoeuvred
harrases,harasses
housr,house
nkow,know
labatory,laboratory
essentail,essential
leran,learn
calander,calender
caculater,calculator
caluculated,calculated
infalable,infallible
phongraph,phonograph
assasinated,assassinated
constinually,continually
oppononent,opponent
subcatagory,subcategory
Guadulupe,Guadeloupe
humerous,humerus
spendour,splendour
competion,competition
peformed,performed
enduce,induce
rentors,renters
restuarant,restaurant
forfiet,forfeit
publihser,publisher
elementay,elementary
dyas,dryas
Ukranian,Ukrainian
imigrated,immigrated
excellance,excellence
goign,going
correcters,correctors
indutrial,industrial
saveing,saving
litterally,literally
Brittish,British
socable,sociable
artcile,article
Tuscon,Tucson
scavanged,scavenged
approachs,approaches
repulic,republic
jstu,just
perseverence,perseverance
indisputibly,indisputably
experiance,experience
heroe,hero
Napolean,Napoleon
prarie,prairie
lisence,license
fianite,finite
unilateraly,unilaterally
additinally,additionally
cattleship,battleship
permissable,permissible
truley,truly
athiesm,atheism
archtypes,archetypes
psuedo,pseudo
religeous,religious
desitned,destined
enchancement,enhancement
unsuccesful,unsuccessful
libell,libel
midwifes,midwives
descriibes,describes
conquerers,conquerors
playwrites,playwrights
nto,not
paralel,parallel
resistent,resistant
Philipinoes,Filipinos
surfce,surface
unrepetant,unrepentant
aniversary,anniversary
sponser,sponsor
bandwith,bandwidth
scholarstic,scholastic
indisputible,indisputable
conquerd,conquered
concious,conscious
surrended,surrounded
advise,advice
contributer,contributor
intutive,intuitive
muhammadan,muslim
inaugures,inaugurates
enxt,next
acheivments,achievements
millenial,millennial
sargant,sergeant
cpoy,coy
civillian,civilian
undetecable,undetectable
temperture,temperature
guttaral,guttural
armamant,armament
konws,knows
doub,daub
levetating,levitating
quite,quiet
subtances,substances
charactors,characters
purposedly,purposely
lodgement,lodgment
postion,position
nusance,nuisance
succsessfull,successful
proffesional,professional
anarchim,anarchism
Carribbean,Caribbean
peoms,poems
healthercare,healthcare
disputandem,disputandum
existant,existent
hvae,have
surounded,surrounded
analagous,analogous
prefered,preferred
affeminate,effeminate
fatiging,fatiguing
abilty,ability
expropiated,expropriated
amunition,ammunition
arbitarily,arbitrarily
auxilliary,auxiliary
propperly,properly
comback,comeback
secratary,secretary
poportional,proportional
excercise,exercise
unsucessfull,unsuccessful
aproximate,approximate
rehabilatate,rehabilitate
damenor,demeanor
anonimity,anonymity
ressembling,resembling
quorem,quorum
emmisions,emissions
consept,concept
repubicans,republicans
somene,someone
Buddah,Buddha
mucuous,mucous
decison,decision
quantitiy,quantity
sedereal,sidereal
mkaing,making
faught,fought
stornegst,strongest
toriodal,toroidal
benificial,beneficial
octohedra,octahedra
broady,broadly
temperarily,temporarily
surviver,survivor
physicaly,physically
suprising,surprising
caligraphy,calligraphy
delerious,delirious
herad,heard
sucessfull,successful
activites,activities
clasical,classical
ansalization,nasalization
diconnects,disconnects
assertation,assertion
deside,decide
radiactive,radioactive
onot,note
rythim,rhythm
mysogynist,misogynist
preforation,perforation
comissioned,commissioned
archetect,architect
lazyness,laziness
sourse,source
formidible,formidable
agravate,aggravate
accesories,accessories
acquited,acquitted
specie,species
acedemic,academic
swaer,swear
miltary,military
sandwhich,sandwich
florished,flourished
afficionados,aficionados
reciever,receiver
oppenly,openly
paranthesis,parenthesis
tobbaco,tobacco
varity,variety
millitary,military
severly,severely
recomend,recommend
beligum,belgium
Yementite,Yemeni
offcers,officers
taxanomy,taxonomy
testiclular,testicular
verisons,versions
substract,subtract
torpeados,torpedoes
heirarchy,hierarchy
guranteed,guaranteed
wiew,view
fanatism,fanaticism
abudance,abundance
dependant,dependent
efford,effort
tahn,than
initiaitive,initiative
ocuntries,countries
tasit,tacit
guarentees,guarantees
antartic,antarctic
misdemenors,misdemeanors
playright,playwright
religous,religious
secretery,secretary
doub,doubt
htikn,think
simultanous,simultaneous
misdameanor,misdemeanor
comprimise,compromise
donig,doing
effervesent,effervescent
signfies,signifies
oportunity,opportunity
lavae,larvae
collecton,collection
bemusemnt,bemusement
distruction,destruction
alegience,allegiance
preminence,preeminence
cmmunist,communist
radify,ratify
agreeement,agreement
carachter,character
iconclastic,iconoclastic
averageed,averaged
inablility,inability
folowing,following
perphas,perhaps
recievers,receivers
prohabition,prohibition
amendmant,amendment
adminstered,administered
levetated,levitated
broacasted,broadcast
interrim,interim
faciliates,facilitates
addmission,admission
emmision,emission
amerliorate,ameliorate
e'er,ere
dicover,discover
suseptible,susceptible
fianlly,finally
surprized,surprised
necesary,necessary
Cincinatti,Cincinnati
referiang,referring
acquiantence,acquaintance
lerans,learns
publisheed,published
noticably,noticeably
labratory,laboratory
hierachical,hierarchical
scuptures,sculptures
durring,during
Cataline,Catiline
propoganda,propaganda
preceeds,precedes
manuever,maneuver
reptition,repetition
intruduced,introduced
essense,essence
altho,although
filiament,filament
univerity,university
borke,broke
standars,standards
pursuaded,persuaded
programable,programmable
possable,possible
unihabited,uninhabited
alternitives,alternatives
inheritage,heritage
regulaotrs,regulators
pilgrimmage,pilgrimage
iminent,eminent
volonteers,volunteers
picnicing,picnicking
comittee,committee
professer,professor
ecidious,deciduous
argubly,arguably
memeber,member
emmediately,immediately
anouncement,announcement
diety,deity
tyranies,tyrannies
rulle,rule
distructive,destructive
Carnagie,Carnegie
pendelum,pendulum
rococco,rococo
interbread,interbreed
immidately,immediately
tenacles,tentacles
archaology,archeology
preferance,preference
extermist,extremist
tranformed,transformed
procede,proceed
preverse,perverse
throught,through
cerimony,ceremony
neigbouring,neighbouring
prespective,perspective
plaigarism,plagiarism
forseeable,foreseeable
succedded,succeeded
excelent,excellent
phenomenonly,phenomenally
paralelly,parallelly
procedes,precedes
colateral,collateral
inmigrant,immigrant
eyars,eyas
loadstone,lodestone
inital,initial
bombarment,bombardment
Ghandi,Gandhi
preceed,precede
glight,flight
willk,will
baout,bout
auromated,automated
pubisher,publisher
ocassioned,occasioned
convienient,convenient
sofware,software
thn,then
distiction,distinction
hemmorhage,hemorrhage
posessed,possessed
consituted,constituted
beacuse,because
accomodates,accommodates
speices,species
contined,continued
scaricity,scarcity
conveinent,convenient
referrs,refers
onot,not
venemous,venomous
pattented,patented
deteriate,deteriorate
potrait,portrait
protaganists,protagonists
surounding,surrounding
paleolitic,paleolithic
univeristies,universities
whants,wants
tendancy,tendency
vrey,very
obstancles,obstacles
jsut,just
suburburban,suburban
imigration,emigration
signficant,significant
maneouvring,manoeuvring
omre,more
surpress,suppress
attemting,attempting
interelated,interrelated
possiblility,possibility
intered,interred
Sionist,Zionist
delagates,delegates
numberous,numerous
intergrated,integrated
unbeleivable,unbelievable
resipient,recipient
allegedy,allegedly
makse,makes
excell,excel
stingent,stringent
smealting,smelting
beggin,begging
refernce,references
tyranical,tyrannical
yatch,yacht
tihs,this
definitly,definitely
withing,within
harrassing,harassing
proffesor,professor
draughtman,draughtsman
vist,visit
Enlish,enlist
territoy,territory
embarras,embarrass
adressable,addressable
Prage,Prague
hieroglph,hieroglyph
ansestors,ancestors
furuther,further
residental,residential
accidentaly,accidentally
spainish,Spanish
avilable,available
monolite,monolithic
sububan,suburban
magincian,magician
diphtongs,diphthongs
rigourous,rigorous
aquiantance,acquaintance
suposed,supposed
persuits,pursuits
reprtoire,repertoire
spectauclar,spectacular
reponse,response
muscicians,musicians
yuo,you
swiming,swimming
pertubation,perturbation
techician,technician
decress,decrees
disctinctive,distinctive
fedreally,federally
criticists,critics
suposes,supposes
rythem,rhythm
advesary,adversary
yeilding,yielding
craftman,craftsman
cemetarey,cemetery
dispostion,disposition
muscician,musician
insurence,insurance
millenium,millennium
baceause,because
likelyhood,likelihood
amature,armature
ommited,omitted
oposite,opposite
heathy,healthy
withdrawl,withdrawal
practicly,practically
lieuenant,lieutenant
finaly,finally
nineth,ninth
repubic,republic
percieved,perceived
againnst,against
diphtong,diphthong
unathorised,unauthorised
inflamation,inflammation
rferences,references
shadasloo,shadaloo
conjuction,conjunction
sepulcre,sepulchre
unequalities,inequalities
becamae,became
usefuly,usefully
acomplish,accomplish
restauration,restoration
stiring,stirring
govermental,governmental
rebiulding,rebuilding
agains,against
indepedence,independence
philisophy,philosophy
councellor,counselor
densly,densely
poltical,political
portraing,portraying
predicatble,predictable
irresistable,irresistible
volounteer,volunteer
chemicaly,chemically
irrisitible,irresistible
flourine,fluorine
precurser,precursor
indefinitly,indefinitely
calulater,calculator
eyasr,years
campains,campaigns
ammount,amount
futhermore,furthermore
arrangments,arrangements
howver,however
adecuate,adequate
trafficing,trafficking
embarassed,embarrassed
respectivly,respectively
amke,make
tjhe,the
eigth,eighth
calander,calendar
republi,republic
lighting,lightning
banruptcy,bankruptcy
harassement,harassment
ganster,gangster
proceded,proceeded
compatiable,compatible
aparment,apartment
klenex,kleenex
transcendant,transcendent
allopones,allophones
universtiy,university
Sionists,Zionists
persuded,persuaded
acumulated,accumulated
ealier,earlier
arangement,arrangement
godess,goddess
catapillers,caterpillars
comming,coming
rendevous,rendezvous
decieved,deceived
sueing,suing
reknowned,renowned
inctroduced,introduced
monestary,monetary
addional,additional
beautyfull,beautiful
austrailian,Australian
consentrates,concentrates
convertion,conversion
critisisms,criticisms
except,accept
committments,commitments
fomr,form
oppositition,opposition
dreasm,dreams
profesion,profusion
parrallelly,parallelly
stroy,destroy
varient,variant
hapen,happen
consonents,consonants
consentrate,concentrate
corrigated,corrugated
performes,performed
allegedely,allegedly
pamplet,pamphlet
libray,library
comemmorates,commemorates
attributred,attributed
durig,during
terroist,terrorist
parrallely,parallelly
theri,their
attaindre,attained
dictionery,dictionary
hydropile,hydrophile
suprizing,surprising
intepretator,interpretor
imediately,immediately
percieve,perceive
fromed,formed
modle,model
reguarly,regularly
conjecutre,conjecture
ahve,have
infomation,information
realtions,relations
opthalmic,ophthalmic
rudimentatry,rudimentary
strenghten,strengthen
oppossed,opposed
hypocrits,hypocrites
socities,societies
imprisonned,imprisoned
pasttime,pastime
baout,about
imagin,imagine
seminery,seminary
exemple,example
speciman,specimen
yaer,year
condidtions,conditions
gaurantees,guarantees
stradegy,strategy
pratice,practice
wereabouts,whereabouts
mroe,more
albiet,albeit
nuculear,nuclear
vetween,between
confortable,comfortable
reccommended,recommended
eletricity,electricity
severeal,several
referemces,references
harrasing,harassing
rendezous,rendezvous
penatly,penalty
stratagy,strategy
strenght,strength
ethose,ethos
variey,variety
releses,releases
coucil,council
publiser,publisher
leage,league
sould,sold
vituals,victuals
resteraunts,restaurants
dimention,dimension
expiditions,expeditions
surounds,surrounds
Israelies,Israelis
effords,affords
pallete,palette
creaeted,created
plausable,plausible
yersa,years
ancestory,ancestry
attened,attended
beatiful,beautiful
slimest,slimmest
alreayd,already
beween,between
fortelling,foretelling
virutal,virtual
inocence,innocence
thikn,think
absolutly,absolutely
deffine,define
mispelled,misspelled
acquaintence,acquaintance
enthusiatic,enthusiastic
alcholic,alcoholic
kwno,know
auxillary,auxiliary
noteably,notably
definit,definite
hierachies,hierarchies
intelectual,intellectual
veyr,very
scaleable,scalable
polution,pollution
symmetral,symmetric
happended,happened
comisions,commissions
millepede,millipede
aggaravates,aggravates
identifers,identifiers
restaraunts,restaurants
polinators,pollinators
areodynamics,aerodynamics
addressess,addresses
tyrranies,tyrannies
nothern,northern
spred,spread
puting,putting
speciallized,specialized
thna,than
catapillar,caterpillar
surrundering,surrendering
inseperable,inseparable
inspite,inspire
santioned,sanctioned
impliment,implement
hindrence,hindrance
foundaries,foundries
comited,committed
accademic,academic
univeristy,university
succeded,succeeded
awya,away
acheivment,achievement
adherance,adherence
agian,again
thge,the
practial,practical
councellor,councillor
defintion,definition
tounge,tongue
consectutive,consecutive
archaology,archaeology
incompatable,incompatible
fullfilled,fulfilled
diamons,diamonds
blessure,blessing
irregardless,regardless
symetry,symmetry
stateman,statesman
vegitable,vegetable
persuer,pursuer
unsucessful,unsuccessful
scirpt,script
octohedron,octahedron
ther,there
refereneces,references
obediance,obedience
cerimonial,ceremonial
algorhitms,algorithms
addtion,addition
specfic,specific
workststion,workstation
sanwich,sandwich
excelence,excellence
meterology,meteorology
releived,relieved
perjery,perjury
shoudl,should
ocasions,occasions
hapened,happened
aledge,allege
testomony,testimony
probelm,problem
dependance,dependence
muncipality,municipality
sargeant,sergeant
succesful,successful
negligable,negligible
stange,strange
simplier,simpler
widesread,widespread
sufferred,suffered
accquainted,acquainted
substracted,subtracted
innoculated,inoculated
illution,illusion
Tolkein,Tolkien
beaurocratic,bureaucratic
contempoary,contemporary
pomegranite,pomegranate
troups,troops
isnt,isn't
perosnality,personality
imcomplete,incomplete
russina,Russian
predicitons,predictions
nutritent,nutrient
attitide,attitude
intevene,intervene
targetting,targeting
quitted,quit
hillarious,hilarious
vigourous,vigorous
diversed,diverse
asteriod,asteroid
continously,continuously
Saterday,Saturday
refusla,refusal
achievments,achievements
poenis,penis
liquify,liquefy
tkae,take
recived,received
Oddysey,Odyssey
nowdays,nowadays
sucessful,successful
peasent,peasant
montypic,monotypic
conqured,conquered
eligble,eligible
essesital,essential
accomodate,accommodate
wupport,support
influented,influenced
governmnet,government
fluorish,flourish
lieing,lying
gae,game
interm,interim
favoutrable,favourable
parrakeets,parakeets
peculure,peculiar
recieving,receiving
apropriate,appropriate
agianst,against
cheif,chief
manouver,maneuver
homogeneize,homogenize
statememts,statements
seperated,separated
abondons,abandons
soveits,soviets
equilibrum,equilibrium
penerator,penetrator
enlargments,enlargements
resturaunts,restaurants
managable,manageable
dominent,dominant
jewllery,jewellery
definate,definite
empirial,imperial
evrey,every
aquisition,acquisition
relized,realized
neccesarily,necessarily
backrounds,backgrounds
refereces,references
plesant,pleasant
speciallized,specialised
casion,caisson
motiviated,motivated
curriculem,curriculum
parliment,parliament
Guatamala,Guatemala
immitated,imitated
priveliges,privileges
polinator,pollinator
tyhat,that
caluclate,calculate
vyre,very
deparment,department
negotation,negotiation
probabley,probably
unnecesary,unnecessary
manuever,manoeuvre
comissioner,commissioner
