stem,word
conglob,conglobed
dissent,dissented
estrang,estranged
wad,wadding
inciner,incinerates
diaphragm,diaphragms
jet,jetting
disc,discs
protect,protecting
verg,verge
thicken,thickened
paraphras,paraphrased
traips,traipse
caw,caws
vice,vices
concili,conciliates
sear,sears
yard,yarded
radiat,radiates
jitterbug,jitterbugs
polem,polemized
fax,faxes
program,programing
ostracis,ostracise
garott,garottes
glitz,glitzed
camouflag,camouflaging
duck,ducking
agniz,agnizes
chase,chased
thumbtack,thumbtacking
suppur,suppurate
demobil,demobilize
step,stepped
dibbl,dibbles
besieg,besieging
decompos,decompose
jellifi,jellifying
lasso,lassoing
ground,grounds
sidetrack,sidetracking
profit,profiteers
farewel,farewelled
bulk,bulks
abandon,abandoned
chip,chipped
chang,changed
huzza,huzzas
misbor,misbore
mugger,muggering
pedicur,pedicures
shirk,shirks
backgammon,backgammoned
undul,undulated
dehuman,dehumanize
claw,clawed
satur,saturate
dissatisfi,dissatisfies
rut,rutted
glimmer,glimmering
rankl,rankles
unbalanc,unbalancing
billboard,billboards
bobsled,bobsledding
board,boards
blush,blushing
balkan,balkanizing
confect,confected
dissembl,dissembled
baptiz,baptized
readi,readies
squabbl,squabbling
till,tills
troat,troated
busi,busy
harangu,haranguing
untun,untuning
surmis,surmising
kill,killed
untangl,untangling
reoccur,reoccurred
irrit,irritate
grill,grilling
comminut,comminuting
elastic,elasticizes
banter,banters
knife,knifing
afforest,afforests
disarm,disarming
befoul,befouled
proselyt,proselyte
palav,palaver
feder,federating
capitul,capitulating
insemin,inseminating
assuag,assuage
dozen,dozened
spot,spotting
hilltop,hilltopped
pioneer,pioneered
affix,affixes
unravel,unravelled
piti,pitying
presuppos,presupposes
approb,approbating
barbar,barbarize
celebr,celebrate
sigh,sighed
upbraid,upbraiding
cowhid,cowhiding
strangl,strangling
canal,canaled
attorn,attorned
farm,farms
rustic,rusticated
rescind,rescinds
jelli,jellies
guzzl,guzzle
rogu,rogueing
mister,mistered
sluic,sluicing
veil,veils
drone,drones
rustic,rusticating
bruis,bruising
reincorpor,reincorporates
water,watering
blat,blatting
transfix,transfixing
misadvis,misadvises
reloc,relocate
fluorid,fluoridize
rehous,rehouse
versifi,versified
knot,knots
nestl,nestle
pickax,pickaxes
avail,availed
self,selfed
portray,portrayed
fundrais,fundraise
ghost,ghosted
final,finalized
catalog,cataloged
prolog,prologs
twing,twinged
syphon,syphoning
defac,defaces
outsail,outsailing
tith,tithed
blanket,blanketing
fast,fasted
dingdong,dingdonged
lazi,lazy
overh,overheating
overstock,overstocks
exterior,exteriorized
fabric,fabricate
rootl,rootling
fratern,fraternize
loiter,loitered
deput,depute
chamber,chambered
tutor,tutors
fratern,fraternizing
fellowship,fellowshiped
receipt,receipted
befit,befitting
charm,charmed
adorn,adorns
blacktop,blacktops
halt,halts
moo,mooed
spiritu,spiritualizes
harken,harkened
girdl,girdled
mosh,moshes
hollo,holloes
woman,womans
overact,overacts
misjudg,misjudges
resurrect,resurrecting
refocuss,refocussed
toe,toes
enciph,enciphered
derang,deranges
footl,footled
jostl,jostles
eventu,eventuates
nasalis,nasalising
arbitrag,arbitraging
fever,fevered
colour,coloured
repoint,repointed
sugar,sugaring
tress,tressing
fascin,fascinated
preview,previewing
recant,recanting
hoodwink,hoodwinked
inton,intonates
worri,worries
amput,amputating
board,boarded
disassoci,disassociate
maling,malingering
bowl,bowled
pigeonhol,pigeonholing
contempl,contemplated
campaign,campaigns
central,centralizes
hyperventil,hyperventilating
dissimil,dissimilating
disoblig,disobliges
snood,snoods
function,functions
disbeliev,disbelieves
stupefi,stupefying
divert,diverts
captur,capturing
revit,revitalizes
secur,secures
pigeonhol,pigeonholed
calip,calipering
tomb,tombs
stroke,stroked
vivisect,vivisecting
cave,caves
auction,auctioning
kip,kips
injur,injure
legitim,legitimized
wardrob,wardrobes
flog,flogs
inbr,inbred
inflat,inflating
blither,blithered
reinocul,reinoculating
odor,odorizes
mud,mudding
bath,bathing
deprec,deprecated
scend,scends
tan,tans
doubl,double
mystifi,mystified
enhanc,enhances
scribe,scribes
stanch,stanching
upscal,upscaled
ruck,rucking
schmooz,schmoozing
ladl,ladling
decrimin,decriminalizing
differenti,differentiating
reprimand,reprimanding
acetifi,acetify
bobsl,bobsleds
ravag,ravaged
snub,snubs
rekindl,rekindled
surceas,surceasing
converg,converging
translat,translated
embark,embarked
embalm,embalms
habitu,habituate
circumambul,circumambulating
materialis,materialising
rhapsod,rhapsodizing
commit,commits
emigr,emigrated
nomin,nominates
segment,segments
sinew,sinews
relat,related
deemphas,deemphasize
sleev,sleeving
indit,indited
wreath,wreathe
ef,effed
gabbl,gabbling
winter,winterized
desol,desolating
prize,prizing
subdivid,subdividing
bomb,bombs
reheat,reheated
rearrang,rearranged
antagon,antagonized
thole,tholing
trembl,trembles
boil,boils
hedg,hedged
rewash,rewashing
exorcis,exorcising
diminish,diminishing
stigmat,stigmatizes
threaten,threatening
bedaub,bedaubs
denounc,denounced
roof,roofing
brevet,brevets
exhum,exhumes
aurifi,aurifies
wail,wailing
lumber,lumbering
outdistanc,outdistanced
stoog,stooged
interpos,interposing
kernel,kernelled
chapter,chaptered
exud,exude
perceiv,perceiving
misconceiv,misconceived
protest,protests
unwrap,unwrapping
rattl,rattles
brim,brimming
pedestal,pedestalling
signal,signals
encod,encoding
reorgan,reorganizes
appliqu,appliques
glister,glistered
crevass,crevasse
repres,represented
chip,chips
ledg,ledge
hybrid,hybridizing
rightsiz,rightsizes
trolley,trolleying
deposit,deposited
flurri,flurry
shaft,shafting
aggreg,aggregated
undervalu,undervaluing
overcrop,overcropped
tabl,tabled
shank,shanking
rumin,ruminated
baksheesh,baksheeshed
cavern,caverned
syllab,syllabicates
overwrit,overwrites
pitapat,pitapatted
vivifi,vivify
unit,unitized
harangu,harangues
visor,visors
dogtrot,dogtrotted
dispos,disposed
punctur,punctures
interlock,interlocks
indulg,indulges
fondl,fondled
reascend,reascended
bows,bowses
untidi,untidying
chump,chumps
trivial,trivializes
sip,sips
labial,labializing
look,looking
hoppl,hopple
lecher,lechers
jostl,jostling
monkey,monkeyed
placekick,placekicked
centr,centred
reschedul,reschedules
educ,educes
checkmat,checkmated
remit,remits
augur,augurs
helicopt,helicopter
collectiv,collectivizes
dynam,dynamizes
antiqu,antiqued
babbitt,babbitts
triumph,triumphed
tail,tails
extric,extricating
lug,lugs
syllab,syllabicated
gaug,gauge
diagnos,diagnosed
unscrambl,unscramble
spearhead,spearheaded
shelter,sheltered
abjur,abjures
rotat,rotated
wolf,wolfing
pollut,pollute
overtrump,overtrumping
disprais,dispraises
behold,beholding
island,islands
gyrat,gyrates
chelat,chelating
transect,transecting
calumni,calumniated
ventur,ventures
polymer,polymerize
avuls,avulses
masquerad,masquerades
restudi,restudied
react,reacted
slam,slammed
surfeit,surfeits
rasp,rasping
circumval,circumvallate
flute,fluting
fester,festered
syphon,syphons
low,lows
vintag,vintage
rumba,rumbaing
petit,petitioned
shanti,shantied
whoosh,whooshed
stunt,stunting
strum,strumming
roughen,roughening
circul,circulate
pagin,paginate
lever,levers
swindl,swindled
swindl,swindle
molt,molted
annunci,annunciated
repos,reposes
circumv,circumventing
suction,suctioned
forfeit,forfeits
shutter,shutters
corn,corned
quip,quipping
remelt,remelts
vowel,vowelize
anesthet,anesthetize
absolv,absolving
muffl,muffling
alli,ally
perfor,perforates
initi,initialize
recompos,recomposes
abscond,absconds
hiss,hissing
abound,abounding
meow,meowing
verdigris,verdigrises
bug,bugging
sod,sods
bifurc,bifurcates
hypostat,hypostatizing
enthus,enthused
reclin,reclined
deadlock,deadlocked
remind,reminds
scale,scales
strut,struts
cradl,cradling
spade,spading
jack,jacking
rack,racking
tare,taring
buck,bucked
reformul,reformulating
stevedor,stevedoring
lamp,lamps
phoney,phoneys
escallop,escallops
consent,consented
standard,standardizing
outgener,outgeneraling
stroke,stroking
autoclav,autoclaved
conjug,conjugating
encompass,encompassing
enrob,enrobes
upchuck,upchucked
unquot,unquoting
belong,belongs
midwiv,midwived
arrang,arrange
repriev,reprieving
derid,deride
skoal,skoals
constern,consternates
resin,resined
sepulchr,sepulchred
ambl,ambling
collim,collimating
mismat,mismated
dous,douses
peddl,peddles
embrown,embrowns
intimid,intimidates
reconsid,reconsiders
submers,submersing
macer,macerates
putter,puttered
moot,mooted
tallow,tallowing
fiberglass,fiberglassed
wriggl,wriggling
fee,fees
fife,fifes
glug,glugs
pour,pours
pirat,pirating
lessen,lessened
defoli,defoliate
polem,polemize
beautifi,beautify
deposit,depositing
interven,intervenes
reconfirm,reconfirmed
wade,wades
iodis,iodise
sabotag,sabotages
fleec,fleecing
gangren,gangrening
engrav,engraving
steamer,steamered
meddl,meddled
brais,braises
map,maps
furrow,furrowed
earn,earns
panhandl,panhandles
lenifi,lenifies
gloat,gloating
spay,spayed
josh,joshed
impound,impounds
relabel,relabelling
surfboard,surfboarding
resew,resews
bang,banging
pen,pens
laze,lazing
lesion,lesioning
aggreg,aggregates
defer,deferred
inculp,inculpated
cremat,cremates
upstag,upstage
tusk,tusks
refus,refused
buttonhol,buttonholes
scum,scummed
cover,covers
domin,domineers
annul,annulling
fumig,fumigating
ferrul,ferrules
knead,kneads
blacken,blackening
thump,thumps
darken,darkens
excerpt,excerpts
canker,cankering
bogi,bogies
butterfli,butterflied
bead,beading
pervad,pervading
bulwark,bulwarks
flimflam,flimflamming
chine,chining
moralis,moralise
lament,laments
resembl,resemble
tonsur,tonsuring
exculp,exculpates
hymn,hymns
handcuff,handcuffs
communic,communicates
misperc,misperceives
evangel,evangelizing
tamp,tamped
middl,middle
bullyrag,bullyrags
annihil,annihilates
patron,patronizes
granul,granulating
enraptur,enraptured
resolv,resolves
metal,metaled
bravo,bravoed
swatter,swatters
adz,adzed
displum,displuming
gimp,gimping
denigr,denigrating
tun,tunned
materialis,materialised
replant,replanting
closur,closures
pooh,poohs
safeguard,safeguards
fess,fessed
guest,guesting
exhal,exhale
spout,spouts
chow,chows
degass,degassed
ashlar,ashlaring
cackl,cackled
classic,classicizes
circumval,circumvallating
solemnifi,solemnifying
tress,tresses
sugarco,sugarcoated
furlough,furloughs
menstruat,menstruate
missing,missinging
bunker,bunkered
assail,assailing
bump,bumps
hurrah,hurrahs
intertwin,intertwined
outnumb,outnumbered
reproach,reproaching
prophesi,prophesy
past,pasting
middl,middles
badg,badging
curtsi,curtsy
slash,slashes
deregul,deregulating
cockl,cockling
approv,approving
deprav,depraving
knit,knitted
deput,deputes
prowl,prowls
fraction,fractionating
legitim,legitimating
election,electioneering
tapdanc,tapdances
amus,amused
pitch,pitching
unplug,unplugging
bath,baths
unrol,unroll
percol,percolates
while,whiles
bode,boding
affirm,affirms
clew,clews
pet,pets
satiat,satiated
spice,spicing
glister,glistering
disinfest,disinfested
stretch,stretching
vitriol,vitrioling
manduc,manducate
counterclaim,counterclaiming
pipelin,pipelined
program,programs
alin,aline
herniat,herniated
allur,allured
gaol,gaoling
tri,tries
pose,posed
prolog,prologing
spi,spies
vital,vitalizes
seclud,seclude
chuf,chuffed
prelud,prelude
doff,doffs
intrigu,intrigues
max,maxed
generalis,generalises
gourmand,gourmandizing
emend,emended
allegor,allegorized
belt,belting
quicksilv,quicksilver
desensit,desensitized
lob,lobbed
fragment,fragmenting
masturb,masturbated
rent,rents
outmaneuv,outmaneuvering
agen,agenizing
reenlist,reenlists
slab,slabbed
cheer,cheers
spiral,spirals
bugl,bugles
aerifi,aerifying
appli,applying
espous,espouses
winc,winces
cite,cites
imbru,imbrue
peacock,peacocking
plight,plighting
pomad,pomades
slush,slushed
reinocul,reinoculated
gash,gashes
salli,sallies
attaint,attainted
suppl,suppling
weari,wearies
confisc,confiscating
palpat,palpates
blear,blearing
detract,detracted
contus,contused
emulsifi,emulsifies
misplac,misplacing
confect,confections
endeavour,endeavoured
windsurf,windsurfs
alarm,alarms
recrudesc,recrudesced
batter,battered
counteroff,counteroffer
impli,imply
brawl,brawling
relac,relaces
opaqu,opaquing
pantomim,pantomimed
sustain,sustaining
special,specialized
electrotyp,electrotypes
dew,dewing
twaddl,twaddles
stamp,stamps
synthesis,synthesised
anger,angering
postur,postured
ransom,ransoms
plural,pluralized
unloos,unloosed
interven,intervening
misadvis,misadvising
empath,empathized
caricatur,caricatured
joke,joked
quadrupl,quadruplicating
mirror,mirrors
badmouth,badmouths
circumfus,circumfuse
benumb,benumbs
interstratifi,interstratify
fuss,fussing
moistur,moisturizing
stupefi,stupefied
incur,incurring
purloin,purloins
wrong,wrongs
lapidifi,lapidified
weekend,weekends
outvi,outvying
transplant,transplants
fail,failing
calk,calks
infiltr,infiltrates
chitter,chittering
lust,lusts
revisit,revisiting
entreat,entreating
misadvis,misadvise
tile,tiled
renorm,renormalized
satir,satirized
bankrol,bankrolling
mace,macing
jimmi,jimmies
ingemin,ingeminated
offprint,offprinted
dynam,dynamizing
bung,bungs
demytholog,demythologized
unmad,unmade
yammer,yammering
puddl,puddled
bravo,bravoing
saber,sabers
exfoli,exfoliated
discounten,discountenances
bottom,bottoms
unbolt,unbolting
premedit,premeditated
overprotect,overprotecting
dulcifi,dulcifies
muse,muses
renegoti,renegotiates
commenc,commence
indulgenc,indulgenced
demagnet,demagnetize
optim,optimize
stumbl,stumble
decoy,decoying
preponder,preponderating
hoke,hoked
describ,described
fizzl,fizzled
analys,analyse
whist,whists
anglic,anglicized
crown,crowned
shudder,shuddered
assay,assaying
breath,breathe
admonish,admonishes
focuss,focusses
anneal,annealing
worship,worshiped
chastis,chastised
trace,tracing
reward,rewards
raffl,raffled
enrol,enrolling
attribut,attributing
dissip,dissipated
corel,corelated
articul,articulating
conflict,conflicted
recompens,recompense
vision,visioning
constitut,constitute
bumbl,bumble
rigidifi,rigidifies
cinemat,cinematizes
chapel,chapelled
appliqu,appliqueing
unsheath,unsheathed
snarf,snarfed
lapid,lapidate
updat,updated
gear,gears
reunifi,reunify
doubl,doubles
strangul,strangulating
tool,tools
optim,optimizes
tunnel,tunnels
tempest,tempested
outreach,outreaches
serrat,serrates
scowl,scowled
blackbird,blackbirding
partit,partitions
hunker,hunkers
pyramid,pyramiding
kibbl,kibbling
tranquil,tranquilizes
reload,reloads
behav,behave
gyve,gyved
landfil,landfilling
overthrow,overthrowing
vindic,vindicates
deescal,deescalated
tuft,tufting
badinag,badinaging
substanti,substantiates
playact,playacted
up,ups
debit,debiting
betray,betrays
rage,rages
slash,slashing
tiller,tillered
recontact,recontacts
mizzl,mizzles
acerb,acerbated
fife,fifed
exagger,exaggerating
dark,darks
quoit,quoiting
hawk,hawking
reek,reeked
repres,represent
procur,procures
surcharg,surcharging
immigr,immigrate
drape,draped
suspicion,suspicions
dispens,dispenses
swatter,swattered
terror,terrorizes
allow,allows
disturb,disturbed
boss,bossed
stoog,stooges
clink,clinked
blandish,blandishes
idealis,idealising
veil,veiled
pli,plied
alkal,alkalized
bir,birring
sun,suns
welcom,welcoming
imit,imitating
complexifi,complexify
sojourn,sojourning
scollop,scolloping
pother,pothering
splint,splints
overpr,overpriced
compassion,compassionating
mosey,moseys
reded,rededicating
desquam,desquamates
axe,axes
deconsecr,deconsecrates
fortun,fortuned
admir,admires
indulg,indulge
benumb,benumbing
social,socialized
arcad,arcade
dandifi,dandifies
gander,gandered
ruck,rucks
rocket,rocketing
unwrap,unwrapped
legitimat,legitimatized
overshak,overshake
cocktail,cocktails
nasalis,nasalised
moil,moiled
redress,redresses
speckl,speckles
chomp,chomped
tablet,tableting
corrug,corrugate
macram,macramed
caterwaul,caterwauls
widow,widows
agglutin,agglutinate
hoof,hoofing
thud,thuds
ricochet,ricochetting
comprehend,comprehended
gaug,gauged
emplan,emplaned
burrow,burrowed
revers,reverse
outmanoeuvr,outmanoeuvring
gasconad,gasconaded
balk,balking
effemin,effeminated
hy,hying
forsak,forsaking
rain,rains
decal,decals
waitress,waitresses
wane,wanes
helv,helving
intim,intimates
interpol,interpolate
weav,weaving
pad,padded
evangel,evangelizes
blacken,blackened
advertis,advertising
cipher,ciphers
peach,peaches
bail,bails
tromp,tromped
revit,revitalize
crawl,crawling
counterpoint,counterpointing
rerecord,rerecords
concav,concaves
unstop,unstopped
discov,discovered
remad,remade
overfe,overfeeds
reflat,reflated
pie,pied
destabil,destabilized
bing,binges
unsold,unsoldering
iodis,iodised
tabor,tabors
lower,lowers
twang,twanged
bar,barring
yoke,yoked
underwhelm,underwhelms
swipe,swipes
sprinkl,sprinkled
scab,scabbed
deliquesc,deliquesce
preced,precede
gimlet,gimlets
arrest,arresting
compart,compartmented
engin,engineered
brad,brads
phantasi,phantasies
drivel,drivelling
scold,scolded
archaiz,archaize
umber,umbers
autograph,autographs
rework,reworking
flesh,fleshing
gemin,geminate
parrot,parrots
cinctur,cinctured
cocainis,cocainising
laud,lauded
segreg,segregate
fawn,fawning
persev,persevering
reproach,reproached
empow,empowered
cornrow,cornrows
reeduc,reeducates
copolymeris,copolymerised
roughhous,roughhouse
satisfi,satisfies
tunnel,tunneled
yodel,yodeled
trick,tricking
heighten,heightens
pontif,pontificated
revit,revitalized
languish,languished
slug,slugging
effemin,effeminates
putrefi,putrefying
pantomim,pantomime
loaf,loafing
devitalis,devitalise
whinni,whinnies
fetter,fetters
itch,itching
singular,singularizing
superintend,superintends
indors,indorses
dread,dreads
hypo,hypoing
ant,anteing
poke,poked
pulp,pulps
capsiz,capsized
apparel,appareling
mutini,mutinying
ear,earing
lollygag,lollygags
jelli,jelly
reemerg,reemerged
oar,oared
rectifi,rectifying
gem,gemmed
rubifi,rubify
canker,cankers
unhors,unhorsing
ideat,ideated
idl,idling
bristl,bristle
inocul,inoculating
schuss,schusses
alert,alerting
snake,snaking
blackjack,blackjacked
photo,photoing
constrict,constricted
regrad,regrade
denizen,denizening
inweav,inweaves
leer,leered
recombin,recombine
motor,motorizes
bleat,bleats
activ,activates
catholic,catholicized
dun,dunning
copper,coppers
braill,brailled
pipelin,pipelining
dumbfound,dumbfounds
elut,eluting
patch,patched
chat,chatted
babbl,babbling
quiver,quivering
crenel,crenelated
cannib,cannibalized
pore,pores
accoutr,accoutred
laurel,laureling
vanquish,vanquishing
denud,denuding
harden,hardened
motiv,motives
telecast,telecasted
fess,fessing
stymi,stymied
denot,denotes
pucker,puckering
chasten,chastening
autopsi,autopsy
disport,disports
admit,admits
sampl,sampled
protest,protesting
blaze,blazes
ballast,ballasting
sodden,soddens
rib,ribbed
veget,vegetates
await,awaited
reseat,reseats
triall,trialling
wit,witnessing
roulet,rouletted
sampl,sampling
gemin,geminating
transfus,transfuse
reappear,reappears
reactiv,reactivating
lowbal,lowballed
renam,rename
racket,racketed
proportion,proportionating
embroid,embroidered
aggress,aggressed
stanchion,stanchions
transpos,transpose
demonstr,demonstrate
impact,impacts
raiment,raiments
reced,receded
medal,medaling
comb,combs
bow,bows
antenna,antennae
fang,fanged
syllab,syllabizes
tog,togged
circumstanti,circumstantiates
unliv,unliving
gladden,gladdening
shadowbox,shadowboxed
peril,periling
applaud,applauds
pauper,pauperizes
sequenc,sequenced
slurp,slurped
infatu,infatuate
cyanid,cyanide
reinstat,reinstate
yawn,yawned
bemus,bemuses
wheelbarrow,wheelbarrowed
disus,disused
clamor,clamoring
pulver,pulverized
prime,primed
need,needs
desert,deserted
commune,communes
aestiv,aestivated
toppl,toppling
redivid,redivides
bedizen,bedizened
perspir,perspires
proport,proportions
disband,disbands
summer,summering
delay,delayed
script,scripts
plural,pluralize
abat,abate
pur,purring
forfeit,forfeited
hex,hexes
ballot,balloting
hydrolyz,hydrolyzed
whoosh,whooshes
excori,excoriates
flatter,flatters
probat,probated
troup,troupes
untidi,untidied
wagon,wagons
seeth,seethe
escalop,escaloped
collaps,collapses
decri,decries
fibril,fibrillating
disgust,disgusting
inaugur,inaugurating
tantal,tantalized
haggl,haggle
caparison,caparisoning
delimit,delimitates
permit,permitting
magnet,magnetizing
rechart,rechartered
dole,doles
belittl,belittles
housebreak,housebreaks
smoulder,smouldering
sever,severs
fawn,fawns
enter,entering
interlink,interlinks
crouch,crouched
scrutin,scrutinizes
signal,signalling
highbal,highball
drain,drained
folio,folioing
cascad,cascades
scare,scaring
peep,peeping
rejoic,rejoiced
stretcher,stretchers
checkmat,checkmates
communal,communalized
self,selfs
solac,solaces
spark,sparked
deviat,deviating
rehash,rehashing
singl,single
plunk,plunking
decarbur,decarburizing
postmark,postmarks
accommod,accommodating
conflict,conflicting
obsolesc,obsolesced
sclaf,sclaffing
assever,asseverating
branch,branching
larn,larned
squander,squandering
guesstim,guesstimating
acclimat,acclimatize
gurgl,gurgles
relat,relating
vacat,vacationed
spurt,spurts
hyphen,hyphenating
unti,untying
huf,huffing
mention,mentions
conjectur,conjecturing
stream,streams
hollow,hollowed
tuft,tufts
backpedal,backpedalling
steamrol,steamrollers
brattic,brattices
bridg,bridge
discrimin,discriminates
barber,barbered
polic,policed
gaggl,gaggle
outspan,outspans
anastomos,anastomosed
lord,lording
snowsho,snowshoed
engend,engenders
crossruf,crossruffing
cape,caped
emulsifi,emulsifying
owe,owes
sketch,sketches
inebri,inebriate
mount,mounts
affront,affronting
superscrib,superscribe
heir,heired
acupunctur,acupunctures
pussyfoot,pussyfooting
initi,initial
supplic,supplicate
sprinkl,sprinkling
dirti,dirtying
shadowbox,shadowboxes
seep,seeps
vituper,vituperate
agnis,agnising
confound,confounded
wash,washes
evad,evade
quot,quoted
dirk,dirking
bum,bums
gall,galling
whif,whiffed
raptur,raptured
loot,loots
slap,slapped
scar,scarred
recit,recite
attitudinis,attitudinises
physick,physicked
disallow,disallows
communal,communalize
piffl,piffled
troubleshoot,troubleshooting
swelter,sweltering
vitriol,vitrioled
qualifi,qualify
chamoi,chamois
tingl,tingled
intensifi,intensifies
welter,welters
hurtl,hurtled
squirm,squirms
tissu,tissues
darn,darned
plat,platting
corduroy,corduroying
wharf,wharfs
scupper,scuppers
pour,pouring
groom,grooming
confound,confounding
cours,coursed
plough,ploughed
toggl,toggled
gesticul,gesticulates
repres,representing
abduct,abducts
maxim,maximizes
envisag,envisaged
dome,domed
exhum,exhuming
enamel,enameling
repot,repots
deform,deforms
dialys,dialysing
griev,grieving
sconc,sconces
waggon,waggoned
jewel,jeweled
razz,razzes
consid,considering
aton,atone
recollect,recollects
trellis,trellised
corbel,corbels
transduc,transducing
expung,expunge
distress,distresses
influenc,influence
mail,mails
assassin,assassinating
scrabbl,scrabbles
decolor,decolors
coke,coking
defam,defame
cornic,cornicing
redirect,redirects
cowl,cowls
demobil,demobilized
theme,themes
cede,ceding
hemstitch,hemstitches
sleepwalk,sleepwalked
glue,glues
sheet,sheets
clerk,clerks
watermark,watermarks
trash,trashed
su,suing
underexpos,underexposed
lackey,lackeys
sorti,sortieing
beshrew,beshrewing
launch,launching
marri,marries
gridiron,gridirons
amalgam,amalgamating
outstrip,outstrips
intrigu,intriguing
backstrok,backstroke
shout,shouts
caten,catenating
discontinu,discontinuing
parri,parried
blend,blended
recollect,recollected
posit,positing
past,paste
straddl,straddle
wive,wived
cocainis,cocainise
granul,granulates
leech,leeched
attitudin,attitudinized
disillus,disillusion
unnerv,unnerving
consist,consisted
wireless,wirelessed
posit,positions
ballyrag,ballyrags
sham,shams
beeswax,beeswaxing
ach,ache
pave,paveed
unsettl,unsettled
buttress,buttressed
traduc,traducing
decommiss,decommission
launder,laundered
rick,ricked
resettl,resettled
avow,avowing
reflat,reflates
cock,cocks
compris,comprise
chute,chuting
propound,propounds
macram,macrames
curv,curved
viall,vialling
actuat,actuating
abjur,abjure
lazi,lazies
legal,legalized
ceas,ceasing
glori,gloried
apologis,apologising
silenc,silencing
retract,retracting
plan,plans
merit,meriting
quilt,quilting
disint,disinter
constitut,constituting
watchdog,watchdogging
tippl,tippling
simon,simonized
domest,domesticates
shimmi,shimmied
backlog,backlogging
soak,soaked
facelift,facelifted
vinegar,vinegaring
tote,totes
deic,deiced
prim,primming
acclim,acclimates
contraind,contraindicating
interchang,interchanging
briquet,briquetted
snaffl,snaffle
arcad,arcading
unclasp,unclasping
dingdong,dingdonging
elop,elopes
submarin,submarines
paddock,paddocking
extirp,extirpating
disparag,disparages
brave,braved
plot,plotted
daydream,daydreamed
hum,hums
tow,towed
gentrifi,gentrifying
taper,tapering
furnac,furnaced
tenant,tenants
unyok,unyoked
sadden,saddened
hotdog,hotdogged
dictat,dictating
clay,claying
film,films
smolder,smoldered
suspicion,suspicioning
modifi,modifies
signal,signalizes
internalis,internalised
exemplifi,exemplified
flick,flicked
shi,shying
dismantl,dismantle
frappe,frappeed
atom,atomizing
solemnifi,solemnified
found,founded
tabularis,tabularising
scrape,scraping
fructifi,fructify
rhumba,rhumbaed
gag,gagged
crumb,crumbed
sirup,sirups
dissent,dissents
count,counting
tug,tugging
gass,gasses
popul,populates
kibbl,kibble
argu,arguing
retali,retaliating
colloc,collocates
sequest,sequestering
gore,goring
inconvenienc,inconvenienced
mark,marked
intern,internes
organis,organised
continu,continues
homer,homering
reauthor,reauthorized
scalp,scalps
motorcycl,motorcycles
horrifi,horrified
sack,sacking
brail,brailing
skyrocket,skyrocketing
nictat,nictated
grumbl,grumbled
amount,amounts
woof,woofing
container,containerized
grace,gracing
counterpos,counterposes
chill,chilled
tabular,tabularized
syphon,syphoned
gerrymand,gerrymander
controvert,controverting
vibrat,vibrates
hum,humming
drizzl,drizzles
demot,demote
scribbl,scribbled
beam,beams
prompt,prompts
cavil,cavils
warrant,warranted
adjur,adjures
coalesc,coalescing
expung,expunges
cylind,cylindered
dissip,dissipates
tap,taps
scud,scuds
preexist,preexisting
smut,smutting
parenthes,parenthesized
precondit,preconditioning
underscor,underscore
increas,increased
anel,aneled
effect,effecting
rewrit,rewriting
encircl,encircling
coinsur,coinsuring
magnet,magnetized
exhal,exhales
rehash,rehashes
remov,removes
grubstak,grubstake
splash,splashed
convict,convicts
silt,silting
ensconc,ensconce
aris,arises
reemphas,reemphasized
franchis,franchised
jab,jabbed
cash,cashing
weav,weave
harbing,harbingering
foxhunt,foxhunts
interdict,interdicts
splice,spliced
dart,darting
shin,shinning
brace,braced
charg,charges
vagabond,vagabonds
resuppli,resupplying
overwork,overworking
alchem,alchemized
saltat,saltated
powwow,powwowed
dedic,dedicated
imag,imaged
callip,callipered
debilit,debilitated
refere,refereed
bottl,bottles
veget,vegetated
graze,grazing
goe,goes
tabernacl,tabernacling
frustrat,frustrate
recus,recuse
chivi,chivies
biopsi,biopsies
produc,produces
epitaph,epitaphed
barrel,barreled
lesion,lesioned
mister,mistering
refil,refills
chart,charts
interbre,interbreed
decolon,decolonizing
reignit,reignite
graph,graphing
receipt,receipts
dehisc,dehisced
chaffer,chaffering
solv,solving
broadsid,broadsiding
full,fulling
veto,vetoing
brute,brutes
cake,cakes
decre,decrees
honor,honors
thwack,thwacking
warbl,warbling
diseas,disease
appreci,appreciates
design,designate
neck,necking
custom,customized
cong,conges
outmod,outmode
monograph,monographing
replac,replace
perenn,perennates
tomahawk,tomahawked
need,needed
mew,mewed
bechanc,bechances
grub,grubbed
embodi,embody
smudg,smudge
ankylos,ankylosing
alien,alienates
jingl,jingle
macram,macrame
spoon,spooning
disconcert,disconcerts
fumig,fumigates
mummi,mummies
airdrop,airdropped
redivid,redivided
shadowbox,shadowboxing
collag,collages
ferri,ferried
flint,flints
report,reporting
stabil,stabilize
order,orders
cradl,cradles
reel,reels
carpetbag,carpetbagging
scrutin,scrutinized
preheat,preheated
bowdler,bowdlerize
poop,poops
victim,victimizing
tune,tuning
humor,humoring
scandal,scandalled
faint,faints
compound,compounds
gyve,gyving
determin,determinating
nock,nocked
pockmark,pockmarked
nudg,nudging
famish,famishes
cere,cering
recreat,recreating
turf,turfs
scrimp,scrimped
redy,redye
sluic,sluice
pep,peps
cens,censing
foment,fomenting
shore,shoring
abjur,abjuring
subtract,subtracting
paraphras,paraphrasing
drop,dropping
blabber,blabbers
marbl,marbles
disk,disking
chant,chanted
gossip,gossipping
instil,instills
pie,pies
report,reported
crumpl,crumpled
commiss,commissioning
doggon,doggones
phlebotom,phlebotomizing
annunci,annunciates
groan,groaned
resid,resided
exemplifi,exemplifies
evok,evokes
subjug,subjugate
catalogu,catalogues
overproduc,overproduces
liber,liberalize
overexert,overexerted
mire,mired
solvat,solvates
broom,brooming
reneg,reneged
carburet,carburets
bark,barking
devoic,devoiced
remain,remains
aggrad,aggraded
effloresc,effloresced
outfac,outface
blandish,blandished
trephin,trephining
acquir,acquire
insul,insulate
shuck,shucked
unsaddl,unsaddle
misidentifi,misidentifying
astound,astounding
tabbi,tabbies
electrotyp,electrotyped
hurdl,hurdled
lackey,lackeyed
alter,altered
bowdler,bowdlerizes
trail,trailing
lap,lapping
construct,constructing
symbol,symboled
dazzl,dazzled
insul,insulated
barrel,barrels
edg,edge
welch,welching
refer,references
sift,sifted
sauc,sauce
remarri,remarry
comb,combing
rival,rivaling
bobtail,bobtailing
dilapid,dilapidating
dip,dipped
armour,armours
wherri,wherrying
scarper,scarpering
grace,graces
skimp,skimping
schedul,schedule
verifi,verify
disfigur,disfiguring
dehydrogen,dehydrogenates
secur,secure
compact,compacted
gangren,gangrened
corrad,corrade
sashay,sashaying
clop,clopped
nip,nipping
snowboard,snowboarded
deput,deputized
pamper,pampering
south,southing
gnarl,gnarling
hosanna,hosannaed
tauten,tautened
showcas,showcase
queth,quethe
intern,internalizing
maze,mazed
seclud,secluding
precancel,precanceled
exil,exiles
cuddl,cuddled
terrac,terraces
smack,smacked
desicc,desiccated
object,objecting
divar,divaricates
colli,collying
safeguard,safeguarding
beatifi,beatifying
panick,panicked
blare,blares
coquet,coquets
siev,sieve
unzip,unzips
asphyxi,asphyxiated
lowercas,lowercased
pawn,pawned
rile,riled
vacil,vacillate
spruce,sprucing
vizor,vizoring
bestrew,bestrewed
automobil,automobiles
cluster,clusters
rent,renting
corbel,corbeled
allur,allure
ragout,ragouted
ether,etherize
scend,scending
hail,hailing
queue,queueing
hypostat,hypostatized
emblazon,emblazons
gape,gaping
pacifi,pacifies
upend,upending
leaflet,leafleted
mooch,mooched
simmer,simmers
transplant,transplanting
armour,armoured
aggrand,aggrandizing
enumer,enumerated
repriev,reprieve
shuffl,shuffles
churn,churns
intrench,intrenched
oscil,oscillating
margin,marginalized
kibosh,kiboshing
abash,abashing
fumbl,fumbled
nitrifi,nitrifies
evalu,evaluate
tax,taxes
misidentifi,misidentifies
paraphras,paraphrase
spark,sparking
kibosh,kiboshed
gang,gangs
vanish,vanishing
hullo,hulloing
plat,plats
plop,plopping
plash,plashed
dazzl,dazzles
intercommun,intercommunicating
pellet,pelleted
truce,truces
cours,coursing
outscor,outscores
swap,swapping
hurtl,hurtles
lasso,lassoes
twitch,twitched
dampen,dampening
wrench,wrenches
yell,yelling
featherb,featherbeds
glitter,glitters
airmail,airmailed
prize,prized
conjectur,conjecture
computer,computerize
import,imports
fiddl,fiddled
deserv,deserving
attitudin,attitudinize
griddl,griddles
cloud,clouds
mimeograph,mimeographing
bandi,bandied
circumstanti,circumstantiated
tranquil,tranquilize
imagin,imagining
succeed,succeeded
unhing,unhinges
chunk,chunked
unlatch,unlatching
rescal,rescaled
pedicur,pedicure
disengag,disengages
reti,retie
throng,thronging
summat,summating
overexcit,overexcites
habilit,habilitated
general,generalizes
nourish,nourishing
expati,expatiate
presort,presorting
quantifi,quantifying
disenfranchis,disenfranchising
slurri,slurried
somnambul,somnambulates
swing,swinges
sear,searing
debat,debating
freshen,freshening
sein,seine
kennel,kennelled
outargu,outargued
lame,laming
mummi,mummy
hatchet,hatcheted
indemnifi,indemnify
bacteris,bacterise
accumul,accumulate
hustl,hustle
leas,leasing
thermostat,thermostatted
hawk,hawks
jilt,jilting
reorient,reorients
minist,minister
overvalu,overvalue
lampoon,lampooned
pole,poles
sash,sashed
recogn,recognizing
incorpor,incorporates
dent,dented
flush,flushed
colorcast,colorcasts
unsteadi,unsteadying
enthral,enthralling
doze,dozes
jostl,jostle
calend,calendered
buckl,buckling
revolt,revolting
reconqu,reconquering
liais,liaising
bonk,bonked
chopper,choppered
sculptur,sculpture
natur,naturalizes
varieg,variegating
camber,cambering
unthaw,unthaws
capsul,capsulize
countersign,countersigned
bogi,bogieing
infiltr,infiltrate
swarm,swarming
turf,turfed
wheel,wheels
lamp,lamped
breathalyz,breathalyzing
overplay,overplayed
laps,lapsed
holyston,holystoned
subsid,subsided
adventur,adventuring
escrow,escrowed
sheav,sheaved
overweari,overweary
strop,strops
coven,covenant
globe,globing
sconc,sconcing
mastermind,masterminds
embow,embowering
backdat,backdated
skewer,skewering
overvalu,overvalued
zero,zeroed
hybrid,hybridizes
opiat,opiated
adjoin,adjoined
deactiv,deactivated
milk,milking
splosh,sploshing
refil,refilling
bumper,bumpering
snug,snugs
agen,agenize
belch,belching
marbleiz,marbleized
oppos,opposing
chass,chasseing
sundown,sundowned
parlay,parlayed
rehab,rehabbing
soar,soaring
pollut,polluting
staff,staffs
weekend,weekended
bedaub,bedaubing
valu,valued
disint,disinters
foreshow,foreshowed
kowtow,kowtows
benef,beneficed
saponifi,saponified
quizz,quizzing
revil,reviled
conserv,conserve
okay,okays
appli,apply
neutral,neutralize
nitrat,nitrate
berri,berried
overtax,overtaxed
restor,restore
hat,hats
forese,foresee
eye,eying
glut,gluts
castrat,castrate
bogi,bogied
filtrat,filtrated
pastor,pastoring
dynamit,dynamite
nullifi,nullifies
stag,stags
razz,razzed
unleash,unleashing
tent,tents
giddi,giddying
demagogu,demagogue
bong,bonged
elut,eluted
juggl,juggles
sulphur,sulphured
obscur,obscures
scuff,scuffs
unicycl,unicycles
overproduc,overproduce
unsettl,unsettles
levit,levitated
mordant,mordants
discompos,discompose
procreat,procreated
issu,issued
tuck,tucks
armor,armored
bell,belling
upchuck,upchucks
churn,churned
picket,picketing
hyperbol,hyperbolizing
abrad,abrade
labor,laboring
ferul,feruling
energis,energises
seat,seated
commiss,commission
stuf,stuffing
indoctrin,indoctrinated
keel,keeled
readjust,readjusted
bait,baited
corel,corelating
symbol,symbolize
complain,complains
retain,retained
furbish,furbished
hosanna,hosannaing
heap,heaps
pool,pooling
transmogrifi,transmogrify
engorg,engorges
pars,parsed
exud,exuding
troubleshoot,troubleshoots
telephon,telephones
mismarri,mismarries
flood,flooding
salaam,salaams
scrub,scrubs
doggon,doggoned
provid,provides
guffaw,guffawed
rail,railed
romanticis,romanticise
shortwav,shortwaveing
snuffl,snuffled
lack,lacking
chanc,chanced
mug,mugging
guarante,guarantee
sanctifi,sanctified
feast,feasts
claver,clavered
maraud,marauding
tast,tasted
defus,defused
regular,regularizing
broker,brokering
quibbl,quibbles
wiggl,wiggle
snuf,snuffed
bootleg,bootlegged
reconsid,reconsidering
outstretch,outstretches
hopscotch,hopscotching
blind,blinding
blitzkrieg,blitzkrieging
canter,cantered
syncop,syncopate
bastinado,bastinados
wade,waded
envis,envisions
salvag,salvages
miss,missed
mess,messes
bank,banks
snowplow,snowplowing
allow,allowance
unfold,unfolded
proceed,proceeded
partner,partners
soviet,sovietize
readdress,readdresses
chuckl,chuckle
deactiv,deactivate
whizz,whizzing
navig,navigated
splutter,splutters
beef,beefed
blueprint,blueprints
roam,roamed
assay,assayed
canal,canalled
splat,splatted
vitamin,vitaminize
necros,necroses
carnifi,carnifies
dowel,dowelling
paralys,paralyses
damag,damaged
gruntl,gruntling
design,designed
duf,duffed
declutch,declutches
hypothes,hypothesizing
outflank,outflanking
bat,batting
leav,leave
eddi,eddies
provok,provoke
archaiz,archaizing
vasectom,vasectomizing
particular,particularize
pleasur,pleasured
finagl,finagled
admeasur,admeasure
intrust,intrusts
languish,languishes
ingot,ingoting
scepter,sceptering
temper,tempers
elat,elates
evict,evicted
bejewel,bejewelling
troat,troating
sizzl,sizzled
anim,animalizes
incarcer,incarcerates
henna,hennas
grab,grabbed
dribbl,dribbled
mine,mined
opin,opining
anchor,anchored
readmit,readmitting
titl,titles
riddl,riddled
negat,negative
enrag,enraging
crest,crested
embank,embanks
sensual,sensualizes
carv,carve
stool,stooled
white,whiting
contour,contoured
prosper,prospered
defec,defecates
swing,swinge
divorc,divorcing
triag,triages
brander,brandering
overleap,overleaping
furnish,furnishing
cat,catting
solo,soloed
refortifi,refortify
tab,tabbed
mortic,morticing
mutat,mutate
sag,sags
propound,propounding
clamour,clamours
election,electioneers
revolt,revolted
controvert,controverts
machin,machining
erad,eradicating
accultur,acculturates
vat,vats
reappear,reappearing
explod,exploded
ween,weened
bulk,bulked
deforest,deforested
subtract,subtracts
basifi,basify
relearn,relearned
mutil,mutilating
offic,officers
indwel,indwelling
mutat,mutates
believ,believe
pack,packing
suffus,suffusing
hassl,hassle
sap,sapped
fenc,fencing
enfeebl,enfeebled
recombin,recombining
regath,regathered
havock,havocking
enkindl,enkindled
scurri,scurry
refriger,refrigerating
extenu,extenuating
appriz,apprizes
segment,segmenting
obscur,obscured
articul,articulated
amend,amended
cypher,cyphers
holler,hollers
repav,repave
proceed,proceeding
invad,invades
muckrak,muckraking
invad,invade
implor,implored
secular,secularize
letter,letters
unspel,unspelling
mothproof,mothproofed
queer,queering
alcohol,alcoholizes
stabil,stabilizes
but,butting
incarcer,incarcerated
redound,redounds
numb,numbed
plow,plowed
tantal,tantalizing
penal,penalize
repatri,repatriating
cooccur,cooccurring
util,utilize
frizzl,frizzle
hint,hints
idol,idolized
portag,portaged
challeng,challenging
unravel,unravelling
perus,perusing
disfavour,disfavouring
dislik,disliked
bulli,bully
rook,rooking
declassifi,declassified
smuggl,smuggles
matur,maturating
dial,dials
mollycoddl,mollycoddles
anatomis,anatomises
bulldoz,bulldozes
appris,apprises
misdiagnos,misdiagnose
outdistanc,outdistancing
sequestr,sequestrates
dismemb,dismember
climb,climbs
tarif,tariffed
color,colored
moult,moulted
picket,pickets
deport,deports
bous,bouse
conglutin,conglutinates
rephras,rephrases
seced,seceding
counsel,counseling
restat,restating
trespass,trespasses
goldbrick,goldbricked
lair,laired
fuddl,fuddling
garner,garnering
paw,pawed
colour,colours
bosom,bosomed
estat,estated
desir,desires
delight,delights
beep,beeps
exact,exacted
debilit,debilitates
partner,partnered
steadi,steady
degener,degenerated
purs,purse
star,starred
napalm,napalming
golf,golfs
woodshed,woodshedded
migrat,migrating
tabul,tabulating
loath,loathed
chatter,chattering
lug,lugging
overprint,overprinted
cerebr,cerebrated
repav,repaves
waterproof,waterproofing
guy,guying
superven,supervene
echo,echos
imprison,imprisoned
respir,respiring
materi,materialize
clay,clays
deput,deputed
equilibr,equilibrating
bypass,bypasses
consecr,consecrates
confid,confided
daydream,daydreams
hogti,hogtieing
commut,commute
abseil,abseiling
buck,bucks
amortis,amortise
rendezv,rendezvousing
search,searches
leaden,leadened
paralys,paralysing
flounder,flounders
fulfil,fulfilled
parent,parented
hoard,hoards
choos,choose
troop,trooped
blindsid,blindside
revolutionis,revolutionises
polar,polarized
boggl,boggle
outvi,outvies
follow,followed
style,styled
hesit,hesitate
ignor,ignoring
serpentin,serpentined
fowl,fowled
butcher,butchered
addl,addles
settl,settled
shortwav,shortwaved
blare,blaring
distort,distorts
bustl,bustled
pike,pikes
squeez,squeeze
deterior,deteriorates
tranquil,tranquillized
enjoy,enjoys
shrug,shrugs
outmod,outmoding
dissip,dissipate
wink,winks
confront,confronting
airt,airted
overleap,overleaps
forgath,forgathering
solder,soldering
dole,doling
