protein1,protein2
RHSHAIADCAQD,PCRPLQLAYDFE
ETFFLFLESIKE,HDAETTFMTNDT
SNPLGSVPSMRG,FTVTTGVRQGDA
SYAFEFPQKLPL,GNSSKILTTIQD
AEGLTAELADDR,DHSGNRFRLKLT
RRQTYELIGAHD,FMPATLPAGGDG
HLLHPRPKVRTL,ADGASDDLAREL
RAYPLIGLVIVD,PAILAATFLVGY
RFSNLFSGRPEQ,ISRTGILRASFA
QRWFFVLLALVI,ASGPRRSSSRRA
AFKTSLQRNESP,PEKKQVKIMRCL
KILRQMIHKEIN,ADEQGRRVRGVP
SGDPIDTFLLLG,AVFYVNSGLVGQ
AMRPPSMGVVVA,ELHVELEKVTID
RLQARRSPIDLK,QVPGGGATSAPH
RRTSHWIDEGTG,NRERLRTRLADL
AITLHSQQLHKF,QTNDASLDWPAA
RLSVGSNRSEEA,SLIFLNVLNYIY
FIEDVENLLISK,TGELPLRWHARR
CKYSIPENIEIF,EALECDAARPVE
LNEHDSDDRRLG,INTDQKFSLELA
CPTYTSTLLSAE,CCLLQVCYQTRK
NCLLKYVTLFEE,WKSVNTDDFRKA
GDDIKKEYDLQR,AHDGFGLLRTGL
GTQMTLRTFHFA,TKKGNRLTHEDL
RRMMGSSSEFDS,LDPRFLDRFPDP
MDSLLVRASCEE,DERSILEAANTM
AWNKPGKVVRLK,PGPYIDRDKLPE
EEEAKSFSRFSN,FTIDYSITFRKK
VPMMLNILQESM,ALGFNMGQLATN
VAFVAVVSVVTT,VELRTPPDHFGL
HQYDTSGFENCC,GENNGRRSPQQH
IRDIEGTISGGG,SGFNKSKTIKAC
VEAEQLAAVVKA,IKGLQNCFSEKV
KVYRKMTGFDIV,FGLVDTSQEIRV
ILDRLLKLPVVP,WDSGKYPDGLLG
QRIEKYHARIGV,LMDETYFLHFDP
EGEYPKPMLDFN,TPAKADPKQRKT
APGVSAQLDPGG,NGLRKVVYCECE
EGTLSVTIDKAP,LDRTSRFSWVAA
HRTHCIHRLAAI,LQLNTQTGELVS
VGAEANTGSSPS,SMPNGVDETAVH
FYCPWGLVLGIT,QDAGNYMMWAHY
TPAMAESRAAPF,ATWSFAMIPNVH
LTHALRETLPPL,ASQRYEETWLAF
YARGYISAYNTY,SEYVVADGQLVI
VAELRRTRRTPV,MGFQVKVGQQLQ
GVPEAEAALLPT,CTLSPDGDWVSA
WNALAGNAWFFR,VLAHRLGGNDRP
KDETIPVNAISN,KKVLKKENITEQ
NQLEKGPWDSLN,RRKEIGWVFQDF
GKKCDVNNFTSF,FKFGTYTRKPWS
NNKVKTALVIFF,RGSLIPFTTWVG
PLENTEPTDHQI,SCELKCPVCMKV
FIQKENALLIVV,LKPGNGANSRAA
RPLVASAIALAT,YNFLIPVFGALL
RPITFADFYKPT,VKELFGVNSDHI
GSLSRPSRLSAE,WPEEISDTHSYT
LRTNLSFMDVDS,RWVTSKLKGMSN
FEKYQGKYIENL,MEFFAFPSSEPP
GHGGGKCCKIDG,LDGGQDVLKLGG
ISSGRSLRFACS,TAGNLAVCLAPS
KHKEEMGVEHLA,KRILKDGAEVDS
TGVSIDKPEEME,INNKNDFKYNFS
PPPTATLPTTAG,VHLASELERRLD
SWPEVRAAADGV,KGNVRGSNSSKC
AFNVRLYRDSVP,EERSQLSEIIRR
PEDYLCELELRY,LYRAHAARVFGV
GFQPDVQMLANR,SKLIVTTRDQIQ
IWRKQCRNMKFL,GSSGLAVQAFSL
LSDEEELVLYYR,QERAAFAVAWQE
TYHYRQWALEVE,PQILVKLLVSIN
PILFSARGNSVT,RGTAHEIVGSHQ
CTSLKDDIVHSA,LAKPLTAHEAEG
QLGVPHLAQSDQ,LSLADFENEQKI
LALTASVRYDGR,RCYVKTLSERQL
RDTTREAARERL,LGVGLATAVTLG
KRLFASSGYGQS,YIVSVTLLLIIA
YTPIFTKPNHYE,CTVPCRLTAGPL
SALLDVAPGMVA,GKKVPIAERENF
AVSEVRSGSAMH,ISGVNHYTITLD
NVIALFFGFGVI,SRLSVGTVVQMT
EYGLAPYLDLLN,DESGNLRWPEGR
SLFVRATVVESA,AVSELFSPTVTR
DLKPTGITRIFT,VPKGGIYPVQYV
EDIIKDSLLSQE,LIWFGKSLRPVA
QLNVTGLVEYQK,RDVDIGDSNDPL
LGKLRVYHRLYH,QDIAHKLESYSS
EYKKPLLLLIPP,PLAVLLGARAVR
LVGGVHDFHEAR,MGRPLNLSGTQA
SDLLFDCRHVQP,PGTQVVVDRAES
CHGTESVGRLAV,NFADAAETIDVP
FSETARLPRQYF,TGWFGTGKTVPT
VLLVTAILLVLG,YSYFPSGSGHMM
TTNSEALCRDNA,CKAVPHATIIIV
EWLTTPPGTLFG,KSFGYNHVLKLH
GNWVLRIGVYNQ,DVSRANASVNSI
QIIQIADDTTPT,RNIGVAMDFSAC
ARSYSKDAVFYS,TVTTLRNKQVVL
TKVTDSSSVKVG,ESVGIHWSLGMI
YQRLSKTDRQKL,STIGYVLRRFAA
DELLAALMLQGL,RLRQTAAGFVDK
VAAGLKQLAASN,KYIEYHRKHIFL
RVTGPYLAIVQH,NKHEAEYFNLRF
GIWLTVAKPKAR,GARKQQVDVDAW
VHTLAAVAGVKQ,DTYLRTLLIHGA
ILLNIEASNYED,LVATARQEAATA
IESIIKELEEGD,IAHIMRLNKTQK
KDLRADHTILNQ,LRQANAASLIRS
GHDTTNLTEGSG,PVFVPTSIDESA
TSLAYFLSEMSE,NPADVYLEDEAY
PRARDHANETAC,TTAPPEPVAPSA
KAPLYIPTPEQQ,QEYWDQEVKKAE
PDISDNYNEDEG,FKSFSISDEAYS
SPSFSCLPQAVP,LYAAVPWLTSSC
DVNLTAPFELSH,TGYLTRVNQYLD
VSRAQAAYSQAQ,GYEPSSKSKGFG
TSYRLMIGGGVL,SARSVTDGAAGP
HDARTIRDAGRG,DEMTTETDIVHS
NSEDSENSDEIS,LTTANVSDAQSG
LVALRDALAADI,FPFTTILGLYLG
SGFYTGQSFNTI,VKNLTNLLRKNG
QFFGLSYNVYGF,YEEALTDYREAK
TKFTDPEVTEAY,AVGADLNQIPDV
KARLGNAMLKEF,TDILNNKLEKFR
ITQRIKDQEQVK,LAVYGGKLRRSL
VRLLQAVQVECQ,RQRSCRQYKSYG
LKNKGDLLKNEE,SWKLVDQALKPF
SAKELLASPNRT,LVMLILVLTAFV
AGRRRGRGRLVV,KTERLFLVLSVI
NSHSFSWCEALL,GDFLRFQYYIYL
PPHRPQVRVRIS,FDAKDKIKRLEI
PGARGKGYTRES,KMETPPKSSSRP
QKARAKGIVLPP,AIWQGEGGWISK
TGSVTLGEDAAQ,FQFGQRSDKSST
NMANPRSTYIRS,SVLYRRKDGNYG
AFLLAPAAAFAA,NALAAPVTPDAQ
IEKRECKNICVN,GSFLVHLSASDP
TADSLHLWIELA,HKGGNLLEFYAA
SKPVKRIDSKIK,PNFLLFEDDLQK
NQKDSKTSKNNN,KSIRGKLTGDLP
HNKKPFFTGTYF,FGFTPFVGLDQR
FDCEMTLTERGD,QGYETENHLDPF
STAEQKASQKEI,QPHYFEDCVRFI
AHGAGGGSTIKG,SYIAALTLDHQI
QHALEGFAVAQG,SGSIPCRFEGPN
ITPGSPVYDTKG,KLQKKERYAIAM
NFFFFYQDNIVY,LTGYRSSIEIGI
ANSPVATVVRHP,SAAYQKMSDRMI
GKVDFTLTDTNG,EISDLNRSCQGL
AKKCVHCSSFQN,SQLYCYVSKAIF
ILSSYIQRPKSP,TVHSSTDEIALN
MSRVGSFGASLM,NQSITPEKIISH
IIKPVTSAYLLF,VMLENFTEDAPP
HHTVPSSVSNLS,LENNLHTMTPVH
LDDITPSLKMYG,KQISSNINEFFD
MSFILGASMQIN,VGILDDSLALVK
YIIFLNSGYYYL,KKLVLAAALTAA
SLGACCFMPHAL,LAELERIFSIGE
PWTALAARFPDR,KTASFLFKAKDG
DLDAPDDVLVAD,CTCPSAVSGHYC
EGQAMERAEIED,LNGIHTLELAHN
IPSVSWADNTDD,IIDYHENFIWTV
KYSGQFVDDELT,PKRACTCKKLKS
DRALTEERHWRR,ALSGFTEAEFGI
RWQPAELSTFVD,ELLKATKFTILE
LTLPKLSGVSLK,MHIVQVLYPLQA
VGWDSVQLVRLL,QKHLFKRTTKQG
EQISDWGDHDSA,TIPCSEYTFSDI
KGYGPGGKGGPY,VFQLVPFLDDGL
VVMLYDGAIRFI,KGFYSYAENAEK
CLRKDGLKAAVS,PNIFRRHEECIA
ALDGRTVDPAPT,NNPRGFTNAHIT
EDILFDGLLFAF,KIGIEENINNSG
ERMQEAVKWFQK,NAEFTCRNGAQR
SYKIDDSYHNLR,LNPEAKPAKADS
KKQEEQSIESES,LKMPLLRDFLPK
WLAFAQFQNSGG,LAEQLVGEPFWL
SRAGETEPVARV,MSEKAFVLTGVE
LPWTLLYSSREH,SHNTPLKVTRKG
YAVIEAMLSGAT,MADKPPDVLSSK
EYWVVQPEVKEA,PAEQQPYRGYED
SPGFVGDFLHGN,AILCMVEVPGEG
LAQLQMHSPWDE,PDGNYTPIVYPA
IQVVLAQENEIT,LREILRDSGVKA
GHKCSDEHQSTD,YSRSTGTVRALN
YSHTSANVAPQS,HGNAAILNGMAF
EFKVLTLNCWGV,IIMLTENGLPFW
GGAPYTGEGMAF,YLIKSTGLLGNC
RLKSLASLLDSW,RVLVQRHQARLL
YLHEGEMPTYLF,EAATRDGKEGLR
YRRSRPPTDYPL,LIGDSGEQGLEI
VKAKSRRRFVCG,ACPAAVCGLVGM
NIRVLQKHPSFQ,CTAYRDDKPYAE
QLNYIDGQAQQH,QVLETLHQQHGI
ARAAAHRSCPPP,PGSARFYTDVDA
KTIQLLENILSK,HPVQPQQIACTA
GVIAQRIFYGAL,RVDPGFIYNNNN
EPLLGASIYLVG,FVEPADLRGALD
ACGSEVIQQKQQ,DGDILDLAVSVL
RDAGTIILGSEL,DLLKLDEDYFLY
AQQKHRRRPVQS,MPMPLQPPAIED
EDENLKKEKEIK,IEGTRSWYDPEK
LAERQHALGRPL,YMASAIYYTSHP
DIYLAIVAHKAG,GRIFVYDRNPDG
MRNVVLRAALLS,CGSHLVLVPNLV
DQRFDSPEDEIA,THSSPFRERSGS
RGIMIHNNPEAH,GRYDINTIDHFL
DRRPDKVFTLQG,PAPVVCYRNAEG
KEQLLVCLLAGG,SINLPGQPEHKD
HAALIRYGDYTL,CGAGSDCGAGSN
SSPRLAPQKMDQ,GLTISIPANTGL
KKNGNPPYTHNL,NHICSGTIYDST
HPYPKCFVCGHQ,SQPTPNKEPTQR
RAYTDSLGMGYL,KGKEQWAKKSFK
DLARVLYEDYPL,GYLLAHVAAYEG
SEEIEESSFDTE,KLDNGLQFYIPA
SALKAISNVAPG,YNKLSDKISTQK
RNQLSSQNNGKL,LHPFDAGKWGKV
NQEQIVNGRIFY,TIAQYYEKAYQA
AGYRHQEELRKK,KQQGGAKMSMEE
LLSAYLDGELSD,KRYIGMVESTEK
GRTSSVPLIGMA,CALPETLRARMS
LQKIARHFDVPL,ADQCLLVDRVRE
KGNTTRRVAAVS,WTGPDDHPDVEE
YVPPPAVDYEPP,GSVLWRINWMAD
LGQYCCRYYLIF,CRRAAPRMCGNR
NSICSRREIGAT,MKSNDKSDKYKD
YQVSLVTFPAGE,DLLAKKNDDCLD
DDGANFPTDAED,KIMNTINLDINS
IHCVVITTEATT,TEKSQILQRWME
FATPSAKAELKP,TRVPVRHGGAGF
DSLSELSEFEVH,ASEPLAYAYKEL
LPIPGLGTLVAT,ECDKFGLNELKV
KDLTNNEKIKVI,EDRRQSDPFHSV
MDLYEQWKGILR,TAGGLTFIGELR
GGEVIGYRTNGM,LLFLFVDFWIEK
RSPADADRKTTE,VIEKQMEYYSTN
SPHEPRLQTLVF,ASDHDTGSSYGS
NGAIVEGFTMRE,EIEAGLEEAVIL
YEIDYDWSKDTI,VWKLIQVSRQQP
LCTRYHLMIWNR,ASTHSTYPAFDV
ETAAAKAEWVSI,RGGVITILVESS
ARRNWEAARDAF,TSAAAHQIAANM
PTNLHHSSLRRD,DCTVHCQCLLRL
TLSKRVARNISS,HTLYSARKFFGV
NPVKYEIIELTP,MPVYVKVKAYLQ
LTLNTINKMKKS,HNSNYTDIESEN
KTANAALENENA,AAITEIDGIVGW
ARNRPQAASHYA,CALTLTNLNGCK
SKVVLTVHDSIV,VPSPAYIEEKAK
LVLLLIFMVTAP,NNSPAHKSKFEN
MVTDVETTPTRA,IHYSAGNRYGSE
KPSTTVFVAPGY,YHSEILGLVKSL
SYAIGASKAFIY,DSRTLQMPFSDL
SAQNNFSFTECP,ALRAREGATEEA
STTNGCSSMDTS,IPVSTSESFSIK
QADRTQEGAAPL,KMSLVFADRPVK
LLAVVLAAGLSA,KEIILPAPTEID
KPALDIYLHQTQ,QLGYWVKLHGLL
ISFVGGIRGLEE,SINEMASPIRPI
IPYFHHCLARAD,GYGTFITVFNVE
FSRLCYGLFEAN,MKDHMATLRKAL
VYERVVDGKVTE,LEGGAENDQLYG
NHTIVVTSPDDV,LGLGPQAGSSTG
ALQKTLESGQAT,RIATGLLERHGV
AMLAMLALADMA,LHKKSGLIPKLL
NLTSTFELVRCK,IPVGPEVPGAPS
GAPAGVEASRTP,PELVPACGPSLE
NFIAAATLNYVL,LLTEECAQNGVR
SVVGKLLGQDNP,GIETPDNRALKE
CGDSWSRQRAPL,TLDVTAGALTSN
LGMELKNKTLGI,EAAGAVGHLVQF
PSDDPYFTSSPA,NKISRNRSSLSR
TTFSTKEEMYQA,LGASIAVDLSEA
SQIAKTILASRS,VAERGTVPSPSV
PNLEYIVVGIIK,GQNKLFCRRVSS
TAMPLGAMGLDS,FDMEKINTAIQA
GEVENVEFNSDG,LEACNKGNVITL
RFDRPCICLALQ,WREMGLASLQAL
FCREWLMSLGMK,QKRLLKLFRKYQ
EIHLGMQEDFGE,QSIKKESESSAL
MNLLPRLLNRIA,GVSLARTTGLVA
DAASSTNTATVQ,GAMQTGWFWDKA
DIPIMLINEAEK,NLCDVLDYINSL
SGTIDPLTGVNV,DQPISFRSGANP
DLETFIISWFVP,PDLLGRKRPLPF
LMLVGFVLYRKG,VAGTLESMSSCP
YHANYLAFAERA,GERADGVALPRD
IKERCGYSELDM,FPFGVVAADWIK
SINSLRTENPID,DSILNFPSHHPW
TRLARILGNKDL,HSAKLPPGSLVA
VLRAELGDERKR,AELAAMSPARVN
QVFNFEPYSILI,QPVFRPFRKPGP
SFIDLVNENKIL,AMKIYDTLADLN
QTSILSWSYSLL,DAEGVNLPARGE
AETPSLLDSANG,EGEVYDPEADYG
LPVSLQTSIRQA,YSTRLPRYTIPA
HEESKTQWLMAN,MGGSEPQLFSRS
HKVGLFDSEPLC,LPETVALLEDIV
YFEALVDALHQL,LAAIDAAGVMAD
IGAGIACGRMLI,RMGGKEFNAEWY
PPTVIQVRDFLI,GRFRMLCSSGEN
EVPEDNLLDPET,QHLTQIAQIENI
FARYQEQKLFLK,PPGTTVEEDWLN
KSEPLEMKADGL,VMFFPSSFALHF
NKVIQQAETLDN,AAHFYEVFAQSP
LEEFDKVIMRSQ,NYMERNYNISKV
AKARQAQSAYAP,TTGAAPGFFCLF
FLIWYGYSEKST,FIGGTFLWDRYG
FSRSAFQLLHPF,VNALGIDFITKA
PVSTPSGKKKKN,ARTTLFKKLIIN
TGRRGRLWRGAR,QAWIRDRLGGLV
NERLEGGVYPPN,TTNEKEDDTAAE
GGKQAILKRGTF,LIISWDEISRLE
GVPYEIYLCKLV,MKYFMSWEAPQT
CDEFLEEFQDWI,HKEERMIPCAEI
FTVQENAGSTSC,SGHSAPFETRAA
IASFVAPLIIIG,AVPFLLISPNAR
KTGIPYSEMLFF,LYLVMRFADKGS
AVMSGIVDQPAD,LAKQSGVVQDKM
MLITSGILMNIP,TSRAVVVAAGRA
PGKPANFVPVID,FSAGSAKVLAKV
TYEEGVETCQEG,SHQILCAKKSSS
NMRRDAIRNGRQ,NQSMLITGESGA
QSYHELAKVAKD,KKRGALIVIARE
FCKRGVGDAEHQ,LPKTPLNPLTTS
MVRELADRLKNS,VVRILTPISMPT
ATLPFIFRYLAS,EVRRDVDCLEWR
EATEEPEVTEEE,DVMGLDDTPIDL
MLELFLYASPQK,ISVKMSKNEQNS
QGAIEFLKYVFT,TPSVAVLSAEVI
LSHSLVSSQYFL,CKVNCPNFFAAA
RSETMSTGRLGD,KGYGFIKPNDGG
PDAAESRPQQTI,LESIRADTEESR
TNRVRRLMREAG,ELMKAVAKAYSR
QPLLSDLATNAR,VRLLNAVERGWR
HAAIDYYIIYLD,WQAQYESCSWYN
FPCVAQVSTHAE,LVAPFADISVLM
AAHQEVSTILIG,DPHSRDFLEVEA
LTDSGAKKDNFH,KGIKTFGKFLGW
IFQPYQRLHNRE,SSSTESSKSETA
GRNTGYGFGIEF,INGSVTRIFPIV
IYSPLIMHNDGL,YGPVACRPLAQR
MKLRLLPLVCSI,DLANEGITLRFI
TTNLAMTHLLPP,GQLQATPKGTLR
FPAEVSGKINGG,QKERKIQIIIST
NAYPYLQPLLVA,AADITAGTNFET
SDYNSIVLPTSV,NRESLLRQLEND
VGGQSAQIQRAI,KAYTGPQNYPSE
KKLRLKRVQLTL,QLTDLLEIHFLN
LGFSSYSRAEAR,SLPNPYVRNPHQ
IKKEVLMKTLWG,RVGGRIVVMDPY
LLQHHQPVGVIS,NSRYLIVSQYRR
LKALAGRHRIAQ,ATLAFTDPSIDG
IRVIWKSDLIPN,LYTVLQSDFGFT
FPVANLALKHLG,ALTEHRQVIGVD
REILLKPGALTP,SALRNATYHLFD
PCEPLAIAGDVP,KKLLADFGLTMS
SLRSQLLQWKNK,CSIYFIRILWFC
PHLVYGYMVQQV,QIHSLALSVDTW
PGKAAHVTIAFA,TNYKRSGAGAKA
YFPSMKNLTTVC,DPIGLAGGINTY
LIYHSVVRQWVH,LDNLDNARYVEH
GVPAYLKMMIGI,MTISRMGTRYML
EESPPSLERSLE,VDAAKALFGETR
WPKQKTSDWMAD,GADINAKSNKGD
TIQRIPQLQGVS,EGLEEVIRSLEL
TLILSRICPGPQ,TTVERTFYVVPN
AAEWATVEAVSR,PAMAQGTKSGAT
VLLEYQYRYPNQ,NSEISLQSYFLN
WVHGWLVLVLLA,ARDRKLFRQAGM
TMNGQPLNKQLR,RSGRAEGQRVLT
EIFAVGFKMPLS,HLVKEMNLAIEE
NVYAFVFQSFLD,IIRRGEGVPDKM
DFWRSEETDITK,LLKGHDLAGDVI
WMSESTRQQLVH,AIIDGVPKTYTF
ATPGTGGQFQAR,AKLKSHSFFSTV
LDILLLNLENSN,ATGKALEDAEKS
KVLNKSSLKNSL,DDPDEHNKLSFP
RGAPRGPRPSGR,KLVGGSTIKRKP
LVDAVFIFGSVW,VQKLRLPFVVIQ
LPNFLCDPTSCT,RLLSPFGIPLGA
KQYFFGNGLVNA,VGKEAKSSPGDT
SRRRSSSASSRD,DTANGSAHHPRH
SSRPRSCSSPAQ,VAIIAIVFLAIA
NSSLRCYPAPHC,GAEWALLDNHQV
IVIRKSEDIPHK,VLFKYFRHIASA
DYYELYDADIED,DLNPAQLALARV
DCARPERYLATV,EKAPSSGKTCFL
IAGSDGGGASFT,LYDQTKKRTNVS
KFDHILLKEGVW,SDGAVKEVVAAL
KVLMRIRIEGEE,RQPRGNGIPTQL
STDARDQTSLKA,PVFYQRGQDGSL
MAYDRYVAICFP,LAQDAPLHLLAA
KSKLSRILAAIS,ALRGDDTAQRRA
RRALAGDSENYT,IPSASDSIIPTS
EVSKGLVTLPLH,MHSALDMTRYWR
VFSYKDDDCGYW,DHELAGDLEALP
LKLLIPSILARL,DAADGGLVRRFE
DKSGLVFGPMSA,GAVQTITISPTG
LKQKLTEREAQK,LSIGYGLFLRSI
SIDTEHALAIAL,FLDLLAVFVFTS
DLFGQGFGLPRK,ILDEPLAALSVR
HANLISFVELFH,ARLHISTLVCPV
DTTFLSRTAMLL,AWPPTGTFVHRN
KQDMEKNTMFDC,VASLSHPADSAR
FSPSDVPGLYDA,RYGTVDYIKWVN
MSMATVYVDGLT,QTTNGITSAWSS
GLKAVFFLIIFT,PSGVYDEFSYED
QRTHTWEKTCTC,IPMIDLQRIHKD
HAAVGMLGANGP,LELLCNNRGVDF
ADGDIGGKGFGA,NNDTMAMGVVEA
RLLHTKLDQLLS,IKPNERFEIVIL
RIQDAVGKSLRW,QSRPDAVSAPDA
WLMIYIAVADIL,VDEESQKRIRSL
MASNSSQDSQAQ,EELSPSADIPAG
KITGKRLVLWEN,AFFTLLVIFLFF
VGAPLPQSSHHR,LINISKFLTVTG
EDIAENAFKLPE,ISISSMGEMTTF
TGQQCVDEQHAP,QNAAAAPPSSNR
WCDNGFPRLVQR,RQPVRVNPPSAI
NSEGRDTSDQRW,KKLYVLEQPLPA
TLHVPVPGRTNE,RGVHMGMKMVFM
FLTLVDVDAQKG,GLVHPLCVKCQT
VNSIFFWLFRTY,NSGLIKEWARGD
YQDTKGFVFRNL,THAESCKNELRI
PKDLCRDNIHLN,TYQSTRHNYRTF
IMDTPGRYIKEY,KPFESVHLLARA
VRSGQVSPMPGP,DSIALQFTTYSM
AGYYSYKWAERL,HLKAVTGSGKVR
RKVKVFGAKWPE,KIYQDAEERNRR
SAQRKEMVNELV,YDPMGLPTVKCL
SEAADKARRPDI,DYFYANRILSLD
LVALFYLLKRKQ,VGLAAQWLLDEN
HVTLRIIRRPTM,TNGACGDFSCKE
LFFCLETKEPKI,NETYSGVISKFG
LVAERSVTVATA,LNTQHAAYHWHY
HQIRSHRATWLA,DWPDHAVDPLQS
IRERVARSQGIN,EIFGNLKALNKK
LGADVGVADVDV,RNELHPAKDGLY
KQVAAMLAAGII,DWNSVKKRFIQQ
NFESFLEEQTKV,HEPGWRKDGILQ
AVAVAVGRLFEG,IDCLNGKTVDVY
QPDLSVEKYRLA,MHIDRAQSAEVL
FPAATGAPANGR,TCVMKKMALIDG
TDLSMGDEVPRP,WLQEHPGGASII
PEIPTFKQNLKA,LNLLSVGHQLPG
VTALGTGGLKSS,EQTDVAMQPPYM
PDGTATSQDRSP,KNCYPHTDHWSA
SPDGRKETLAFL,PESYLLIGSILN
EEEIEMETRRVI,IWFECIHPIERP
LFEHEVSGGTYV,PEPSVSTPDEAA
KRSVWAMGYYAV,GMTNYFCIDANV
ISREYPYRVLVS,AHDALRQCQKNV
IAGRSYRTVFSH,EWLLGPWVRRAQ
VKRNSQSVKVDV,GTREARNRRVEI
GAVAYQYESWYN,DLPLHLGDPNLD
RTASEGLNLLGA,CSLLESHQLDRS
YWLKKHENTKIK,ETGSWRHLRACL
PEEQPENIQPQL,PYAQVNEWSEHI
QKSTIVNLSLLL,LSRENIMLNPDM
GLDTVSNSDLKL,PSSVTSSEEASE
QQREAAAAAAAA,KFQTKFPSELET
AGSFERLITTLE,FFLLGIRSVFDH
SPAPLTRLARVK,SLNDLFKGVAEF
AVVLAVPEAVAA,VYEGLKTQLNHT
IVSLITGLFLIA,MKFKNIPEYLEE
LPEAVYGLVELH,LMDRRAEFEHLV
METNETGFCSHH,AVDRVASPKVDA
KHPRHDVAGKRG,TASAATYQTDTF
GGGELLLGGQLD,RPPMQQAQQAQA
DPLKTQSESHPG,MEASRADKKQAP
KRFKPTCGLRQG,VPGDGNDSDWSD
RGSPDLVSARPL,IWRSGAALFHLI
HHMTSRANLLLL,AVMLETGLRPEQ
SSASLPGECDEV,GGLCFSEIRCAY
KRQIRPDKEVIY,RFLCERGLKVVG
DAIKRWGGSVED,VKEVETLLNNRY
ETELVHLSRAMA,ADLMKKIFADDP
APPGSQHKSQVL,LAMLIGLCVYGL
HSNHASNQHHTP,SSLTSILLGQNR
LALLLLGITYFF,APVDALDAACAR
AAHAAAADVTEE,GNYSSNGSTYRA
ISFLEGDMCRAV,REERRRIEQEEA
PEKPMPKKSKAK,EELTLTLPISFV
PSTCLFRCLLLH,KDSENENLQKQC
EGGEGDDDEEVD,TAGELPCRRLWF
DKSDSANLERAF,KLSTINDSGVYL
AMANSMAMAFGS,LVKVFILGCRFL
ATFALIGMHIIH,ISLALLKFGVWS
CQFIGMIIFAVF,LVDGIWRVGWAP
NTNNRRTNNNSN,LARETADLGRDV
IDKSEYNGFLEF,AVVKATDRADLA
DMVGSGLRVLTL,RGCRGYIRARCN
NKEAVIYALCEN,RRADGVLLIVRE
ASTDNVSPWPRI,YLFVCFFFCVFN
GIASQQAIMPLT,ISRQLTVINQIN
GEVVIVKVRWNG,NEDGTYRVEINE
FRDERRRLRREP,IFAVLAQFHAMV
GDSADVFAGVIR,SCNSIMEMEISV
KLHELSHPPVSP,KEILGVPEDVRV
RMPTLLQSPLPT,AAGESVAIRPLA
GAENMAAKLFRE,TTKAVDVFSVLS
YDEGEFRFQRGW,SRAAVALPRKAR
EGLSAAAVLERF,LLWAAGAGITLH
TTATVTTTPTST,TLIINLAVSIAQ
VVAILDCCHSGS,LAAYNAGEGAVA
VLIGRVWKNWPQ,DALETLLKGTES
IQLRNKVSVGLI,HRRTHRGERNYP
FVHRGISAELWL,EHPTWHPVAHYA
LNPGQTVIVIIA,RSNSRSNRPPFD
HGIGTVRRTVPY,DTYQNELMLPPY
IRAARAFLPAAW,ENGEKSTDALFD
VEGIQEVSIEKD,NEFISNITHELK
AWVLDNHGATPI,YWREDPSWHFLE
FTVKEHIELSEK,MDVRQEECILLG
LQKLQSDVQPKF,MCMELTRRGSST
IPITKRAKQVLV,REYEEVPDTKGT
SANFNMRHCGID,YEKMYEVFPDNK
LAKDDFVIDDGV,TVKDFPAFIIVD
NTFILPMNMLDE,STWKLKIKQVKE
SKSDDRSKSRKS,EGTVEESTVAPE
KITKIGQDCYER,NVPGRVLLNTYV
RYSFNIKMTKCV,RDTAHQIFFLQF
ILVLRLGYEFAH,GRYFIDAVSRVD
DVLRIRRSHAYL,DLFFDEETRKKA
IFLILALGVAKL,LAAGLRPDPPQE
PSYFSNPSIFGC,EFRPPKKKITSL
TRNVRIFVSEQC,LLEAQLGSALAL
SNQTKKKILKEV,NYIEAFFGCLYA
ETFQGDVFDASF,ELISEEKKVKFK
KKILTVTQQVKE,LTSRPVLEETQK
AATGMIFVLAAF,ALVLLAHSVNYS
KLLKPEKEIYMR,TTERVAAELTVE
DIKMVGFDDIPL,ISLKYLEQLVRP
AAPALKDVKPSA,HNNLICFLSERK
DKKVVYDDSEPH,IETGSPTPIKPG
KGSLKSLASRAR,SFSARKEELIAN
KKYKTYKFSKTN,TARRLKIVGEGR
HVMQSNKIAILN,ADQTLENTADYI
DRRERPPLSWGA,SFSSKALECSKG
LLITSASVFAAN,SDPRCEKANGVF
EKTLNRKVGVVE,HMLAHNLATAEA
EAHSGYDTIVLG,SGNLSIKHLQIQ
EGDSVTGFTEKP,EKDVEQAYLEAF
GLSINLLKASSA,LDGMFPGYGFAG
RRALQPGAESFV,VYVGPGSKSRPV
DADWYMYIAGVQ,GFDFLILDAEHG
VILVQLALTLNV,QIIFINIKVIST
WAAYPFMSAAVN,EGPYESVGGLII
KHGNETYMKHKL,WDDRFSVLLKKN
SVAAVMIPSVPS,VLWRYFSSHFGE
EDSDYPTIAALL,INGLGPDTPSIF
HAVDTTQLSKRS,PQLLLIVLRSFL
RKNRNLASFADV,LINVTGWWLDVP
LMAEVLNRFGRL,FCAALERYRNQS
KVMPHAGKGESA,IDIEELEDEEEL
LTGTTRPYGNEL,SAGLNYQGWVMT
ERLDVIFTAPHP,GRIYVNLRKLEK
GVNWLIDQGIAD,VINSSNSSSENG
TLDDIPNNQCGA,AGALLPTEVAVK
PITYNGXVHSII,AAPGTARFDGVA
NDQESGREVITE,GVHTDAFSGDNV
ILINNLGVRAGS,EKAAENIEKGAV
TPHVTGSAALAL,GLTSHFCFFFFL
NMQVGDLVIASG,MSERCIRVYITG
YFLSQKMEFDYD,NEFDIVDISFQE
RADRATRSGIRP,AVLKSDGTMISL
FLHPLTHRPRTT,NNLISVVPGYFP
GSAASTAVSTGL,SGSANFSGASVL
ADARPGQMPEEL,PFSQSLDGAGID
LALGHPHGYRPY,ERKSDAWIEWAN
PPTTNILSNFGW,AFVHCDLSDGKS
SSEDVEPLLGNR,NLGPYPVTPIEA
WEQLPFYRRFCY,VILGWNGAQDRH
GLEQMRRQGKPE,INTISTNGSTIL
SPCLGEHTEHIC,KILIFLLLINIS
EREKLGKRTADG,IINSLDYDADND
GEALVPWLSFAV,SLAHHFSRTVDV
VALYYTKRYENC,CCCTLNAIESMI
KIIDLTCFADQN,RFGGGSRGGFGG
YELMHSRILGEF,LNFTLPLQQIFN
ERRIYTTATADP,VGGAATAATQAA
AVGKNLQLFIIV,PAEEFVPSNIYS
EITAMAEQLMLL,DTFWDGNFKYND
WDAEGREEANEF,ALVIGMTSGVRG
IARTLLKKDMDS,QQYGYSGEYLVV
LHMKADELDSAI,EGWNTTGLIDAL
ELILYLAREKEK,SWRDSSGTLQVL
RPFKQLSEQTEK,KGKSVLDLMYEL
MNEALLLATMYI,VTLEKLELDPDL
ASHSMTVTVDWT,EEDDGSSWLGDR
TGTTGSTTTHCW,ANIFKLNHNNDF
TVYDDDDLFEPS,TLANIRGCTKHI
EVTTETARRMGL,RKVIHLKGRLTF
VVSAWGGGFIVD,QIASLQVAPVRT
RQAFQTPARFLE,AQHDDGTPIFVS
VNNRDNPSSVLR,KGEVFAQDRGTK
QTCREEHKKKHP,VLFKGRAPKEAG
TRQASETPSTIS,KLKESENLETNR
ELIKYFLDNILE,HLMILMYRLQTG
CLECHGVEHGSE,IVFYVAFWVVMC
VFPAMRGYFRLY,INGRHLNKLYGF
KKKKKKKKNRRR,ANTEKGYEKVIS
RAKAKMLEKIHG,PEFISPCGYRET
AITVRLDAFMRK,QTKTLLALAMSG
MRIFLMFLACSY,ELCHGDLGLFSP
NANGTFSVQETF,FLMMPRDQAQNF
KSDFVSVVAHQL,AEAAERGLITGD
DVTVAAPEAYQI,LKKLENLKEKVG
FLAYVGTGAVII,IDRRSRYANALE
PCSPHPVGGTSS,SFGGEGEGHPYD
WPATQTQWRDFG,VSKVAGELIVKD
KKALTLSIMFYI,GQQSLGLGGSGF
LKYIREMYGDSL,GQPVQTYVHIFA
ISAKEIVGTISE,KIKRANPDAVLL
TMLLGRITWRRK,PDWAAMPVVIWM
VQGSVDTKPFLQ,PLTPPSTTHPSQ
FAHRRRILMPET,LEIQYPEEYIEL
AEIKCRHCADCN,RPFGPGQGHMFT
PIIAVLFLFYGV,GLSDKDIATRLQ
PDRPASPDRQAA,LFFILSLTRWGV
GELHDQEWEDSF,FCDKYIEISKKR
PSLLSLGLVPEL,VVVLPAPSSSSQ
AMRWFLQRANGG,GKSALALALMKL
AIAGYSMGGFGA,NIVGQIPLEDMD
SGSQYLGQDTGA,SELYHSEVKNLA
SSMLAVLADIRR,TARLEGAAVAGV
EFSALVPVEQYI,NDLEYLEKVLKE
EDFTIQTHNKSG,IDDRPIPRDLFR
RIFRMQRRGSGL,SNVATSLGYDVE
AADQRRPAQAAA,DVAVPVLSMYMQ
DKYVKLFQEPGQ,PSTALSPLLHRT
VIEEVPPNDEVV,LKPAILPLAVIL
LTIKDVLQQDQL,LDSPRGQILIDQ
AAADMDFQPLAA,EWVREVNVSVSN
GKPAKVVRVMPN,AGYGSTKMIIQA
FVRDGFHGASTT,YIENLINDLTKD
GDSQMSRVEATA,FPIKSMPFLERI
QERRRSFNQGIT,ALRRYQQQNLIV
RDPHFDGIIDAD,DIGRTPQGLIVQ
EGRSAFSPSGIR,VTADVTNAERVP
AAARSESAHVVE,ATISLQQLVYGE
PGIGLMDWLGRH,TSSKIESGVKAI
RGLMKLPPNRRC,RPVTATVYSFVA
VEALSDEGGVLS,EDQIVTDDELTN
LKQWHFESEGDV,DRLPSIVVEPTE
NNTGGRTPPTLV,NFNESNTIIKNS
TTEILRLLSCLS,SNHSTSILVQLQ
WEGTSLTREAEI,NEGIVAPWPQLS
QVYEMKGHYKGT,VLEKRDSADPKD
SYPVWSPDGTEI,MKLDTDPGRARE
AEMMAAPVGVSS,KTKTRVKDDPFG
SSRSQYSYLDTD,LVVALCSPCSLT
FIYHDPYGVVLI,EYINFQDEKVRE
MCVNGSTIFLFF,TAAPGKPYCNSH
SAKPDGEIVRST,YVGLATSDMSDA
NHSNGKEEHQFI,DYPDMQWRSDEV
IEEYIMICNGIM,PSMVSNCARRQA
MYGNGNGDILAD,HRPYQLPQNYLS
AFLASLALIAIP,LEFDYIFLADVI
GLTHLYDLTWLF,EAAFLFAWAVAA
HSLKDTRYYDVL,VILLTVMGLLIF
TAHGIGPDCRSV,TNGAAGLYRAQL
LLNINPDSYKLY,RLLKGGHASCSY
PWSDMSSAVWTK,AGSTEYKSRKIF
DVVMVIGVDENK,IPDACPTNPQAE
PTDQKIVVHYPI,IVIELGKDIRKP
MIVMGQPRSRRR,PFTNNQTPGTVA
VAKPRHSSSSDR,RRKIKEMTVCEL
ECIHMNSGIWKT,HFPPRRPPITSL
VWMANLCALASI,DDYDGLRALPDS
PLLIFLLLHFLL,PAHVIGGLSSRN
NRFTKDMAIIDD,HGIIIGGIIDET
LWQLLSARLRES,EWFVTNYAKANH
AAALVLGVLFPQ,ALPLSAEADPAR
ASWNLANAGAAF,LADELFIMELDW
AVTRMDDHDNLY,LHTVTMTSSGND
KKDVLIARLVYA,EHVDALEEPCRN
LKFVKNRNMLLP,AGLVGLACTTYL
LNRIHTHREWAS,ETTEALSDEDYS
QFKMYPNPANTD,SPLDMFPKNNIW
GFAIPVYFSLVI,LHPDRSRARTEA
SIDSKPAKVVLL,CRNTAYEDIVLI
LGSRVLLCLCSM,EGPVWIPQTTRS
FYKLMLEYGTPK,HRYGALAVTHVN
LSEFPHTVLNQA,PNNIVEYELEIE
LSGFFMIIVKKI,ARKVSKRNGGGN
SSYRRENSVPSV,ETILKEGYSALA
TQVTLKEETPKK,TDPNLADTDSDG
AGERVEDRTLFD,QLPNPSKKANVD
LLIVIFTAIIAV,DQRDSRGNPDRP
ARTVPVFGDPNS,DALTQGHPIKLF
NTRANARRDKKG,KVNPQIKIITYM
YIGTFSGILTEK,FAEADTTAMHEK
LEFRSSPVDPQY,VVRNAVRTAGRI
VGVPNTYTPYSG,RNRVYTPSAGVV
AGTRRVFWAITL,RRVFDDIDIRYL
GSETGDTYGRQC,MKHVSLLLLAAV
VLLVLDSTDERT,IGENTFRTAAKA
YFELQEAPNEIR,DQRLSGLAELSF
MVLGVDEERVNE,DIANMHKDKNIV
LTPSAQDAFISV,NAAIGYYMAKKL
PSNPFLNFNSFT,GRPLSPERYPLI
PPAAHIIFCGRI,YFNDAFLSYFND
ENAMKNLTKPNK,DAGEATIAFTRA
YSLYKDQKAKIG,ELFLNTAGVWTT
AEKVNKSKAVPA,HKELGPIIQLQV
AGDTVFAGTLNE,INWEDVVKETRL
TTSRQDNLLALM,NKEYFGELRELA
NLAAPFVILVVA,SWPGFELAVKVD
TSGVLGGVHGDN,IREILSGTGAAT
TFSFITEGLETA,VSVLVGIISGWY
NSLHAGHRQPVR,PFNQYFAFLLLA
KFADCVKDLRAA,RIPAAVRDMVVR
AKLVTGFNYSFV,LATDTGADVMAA
LMQKTGLPQDKL,NAFSVWGWYSKD
VNGSLSTDSNGN,KSYENVKKEFEE
LSNSRQTKRKLP,AWRLDQQMDQQR
ATFDPFSSQPPG,KLADGSPLTIDV
SLVYRQGMRNGK,TVQDVIPPNLQY
SVPTAPGSYLTM,AYSPLAGGILSG
WAMGCVLYSMAF,MRVLRVMYAITI
LRDHPCGRGGRE,KMRIEREHVMML
ATTDQSQPIRAS,QYIKPTKGIDGY
AEYAWKEENKFT,SFAVGHVCYLVL
HSRWERKIDIYM,NNVTLDFWTSMA
MRLTAWLPIALI,YPLEDYQWYLDL
EYNLNPLVSKSR,RVTTEERYQPRI
LLTIDKNLNVLW,RLGKTDFTVTMG
RCLNHLPVRTTG,YLGDLQDTKTVL
RNSSGERETTAP,VQDINAAIRLLK
DGAQRAKWAKLR,PELGGIDINPKP
AGLAAPTAGPSP,CRERAEVVDIDA
LQFFVKKFKGFR,GQQAAGEVPRPG
VAGFLDGNVLDA,HDLLTILCPANE
FFSTSQALSRHF,LSESVGEDVAIL
SITDYYYPMNWH,VTNLDTVNVTSA
KKESFLSSRLNP,VYRLTKQHFGSH
SAPGIGNLPVAN,CNINNTFGPGTA
ELYTFSFTLAHF,LEILEGFDKTNL
QEHFLGRDNARH,LVKLIYGGVKKD
VASDHNKLIDPE,KLVETTRKDEAA
GSRRNRRISSHR,SALPAALVEAQA
ILTSPKYNPGYD,IGWPYHGSYQFQ
AYCGLACCLCSH,KFRIGSLYMTYL
RELIAGDVTAIA,KEKKKVATKNRC
RVFSPGFSLSRL,LGIGHMGIHLTH
FKDAVLKALWER,ALWDMLIVKPLK
LRLFVYLPWLAW,IGAASNGWTNWK
GNRLSEFPLDVK,VPVIGVIARTKR
FARIKPTIFYNL,SLNTLAVSSKEE
LNDYPNEINKIA,LDKKAMYVFAVV
ASLEMRFQPSST,RAAVEGRLVYTL
TAWKSAIRTIAN,VGFIAAWANWIA
IQSRSQEPPGSN,SKSVLIILTLQS
DTSVHIFADFHC,ALKRAYPGLEID
SLNRILYSIYSV,FEKNINLLEEKK
TRRAGAEGPRLQ,QGWFKQHNIKEG
FDYQKNHDFLLK,VQDPEVTSRGIS
GLPDTATGFVAK,RVQHAMDLLNVL
KDGSRPRTYCLA,LWTRNPEESIVD
IGACEKDLFVKD,EKNMNFPQFAYH
PLRERIIVGRKA,KLDERIPLCTFR
LTLDAVGSEINL,RRSRDFLLALSP
LLRDTFAYTTVP,QQKDIGEMLASS
VTTGSALVKSAG,RTRLLVVDNSAL
TGGGNWQQAQRG,QDVRIQNLTTEN
KFVNSHNSNQIG,KNYRFNDILQLP
TLCTSVMTYVDT,GDDPGTDFRGMG
MDELIRELYGKP,LLKAGVVLFGFR
DMSVADVLKELD,DAGLRHVVVGFE
ATVYLEKYLGNP,PSLRRWTGLPRR
QRPSPNDAHSQI,FGGGGGMVLVPL
MTYMGFGPSWIL,ETVMDICYRVGA
SLPGGFNDSISS,VVDKDTGEAYAM
FETGKISFLMGK,SVKVVDDKRKNY
QAWRNYSDPEVD,IDEKTWKLLPET
RQCSARLSVGAH,QLTYTWLGDGIS
IHLIHFSLPNNK,LSVAERRTHLQA
APSQRPSWNYRK,VLSLLSLGSAAL
LLDPYGASFVYG,IVSAKAGRPLKP
MHPSLGYKTIEE,DKCEGKLDFITI
DLCFIVKIRADI,TTGSTLIECRRA
LQRHHTFKPFAK,DGVLVDSEVIYV
APETLMRVALSL,PHVEHTVLPHGG
FQGRGAFESGWG,GGSRRSPPIPGG
LNWRKRGWISEA,QSVHQSSAAATP
RDGKYVVRYDRT,YVAYFGIIQELA
YHLSATPLSNAK,PGAATPAPGAAT
TTIAGASAQSTI,DQEEKTCLIEIY
EGTAMALRTNQN,GEDDRTQRLEHA
RDYLSSAMARSA,DFDGKDKEIGID
RFPTFNYTKGNF,KMRGRRIVVLDP
DFLGDRHPLVER,YAGAFDHGWDRW
LSEKRVQTNLSG,LNIIKYALAFFL
SRSLSDLDGDVR,PCRLPLPPIPAC
IRVPEFEFGKKR,ESKKTLREAGLK
GKTCSDVLEELK,FGIRASYNPRLK
VVIVLFIVILRQ,NARHVQVPSHQC
VFLGESNSEASI,PEGCVGPYDSDS
QEAWTNYYRYFF,MCEIKTEKPAER
RANGSRASTART,LTRGGLLHGTLG
ILGNQGVTESNM,DTYDEREKELIK
YGSIDEAKLDGA,DGVKQGFDIELL
RSVVAGGRSDGT,KLELKIFSFTMT
WTAEQGGAASML,AQLYIDRTSAVQ
WHCLDDKDSFYV,KAIVQASSEDYD
TVKVSGSGFNES,KRNQPVDSSSLS
NDFLTSNGYQNG,FENTRDVTAAAI
MKQGKEEFKIVK,NGGIPFAATLAE
PDMNRDKYAIGV,CETNNGKPLIDF
SVEVPQSSNSTA,PRSVVPFTALVA
FAAIPTQTRSEV,FLNFRLGVEVSI
EYLERRDREAEH,DASKGIDKFCKN
KIKWKINEDRNN,HDLTKLGPISPT
EANMIYHVKQYF,IGVTAVMRVVVM
KKQHHKVARHSS,AGLATGVWQSPE
ASILKDYGARVQ,GRGVGKALMSAL
KIIERGVSNEVK,NAAAASELNTVA
DVVLAFNQDTLD,GSALAVAPDIDD
SSPNIMLCQTIG,EKPLTPVVECET
KTLNFGDNSTEF,EKNDSPPGETVW
DNKIYAVTMDNI,EAKKTTITARAT
NLWAFKGLLSKG,ADTLSRAWQEGT
YEGPLARNGCDT,YGVVTFYHFFSL
LSDILGDEDAFG,STVEQPIPESDE
FKKIFNKKLNSF,ELTDNTGYRRVN
AKPVAKRLVPVV,GFKELSNSLERK
SNLFTKQLKKLS,GSTDMLGKGSDV
GISASPGAGADV,LSLTSAMPAKTA
KSIDSELLFLNK,RKIVDEMGFEKS
TAKALTELYSDS,SSKSLQNYKLVQ
LLRAALHPASKP,TIDGYGVNRILK
HLHAQNITMFPN,DDRNGNDDIFGQ
LAATSLMGFGLA,FWDHHGALFLIC
KGKVDMAIGNII,ETPEAAEAVLHV
PAIIVPGLNILH,DTLKITVPLMVV
GNASQASADNTV,GREPKKGFRIDD
PSSKATRLLLDQ,AILEVKKTREGY
DSLAATGDTLHW,GVCPVVAERTAD
PTGTREKRVDCL,YWDNKDFSEQSL
KASKGVGNLAHL,ESNQDKHLCLEI
SSSQKPKEEPFE,FCGVGTMLIERN
EPMGRRLFSAPL,SSFFLVFCPCHF
DSDWAWIIEDDA,IQRDENSYQDKK
QQTLPQYRLSGL,LLNSCYLALSMR
SALVEASTAYSQ,SPSNSALLTSAA
LTSGSTWHAAGQ,NAPELNDLLEID
QCGNLQSGSKEP,LDIPILGQFRIF
LGWYDRNPPQPL,EIQNVADIISNY
ASVMLSVVLVAI,LVGMVKDTHKFE
RWTKENYHKHKD,AGVTKARIGQLL
QQVIATQRLEGL,VAAAKKTGHSAS
RLRRIGVALAAT,GLSRPPAGSLYS
LPFRHTSKKSND,YPVLSETVLCLL
QCPYKSKQQNYL,TIPDGVKGIEKY
SRYAFSIYGSTC,GRPEELNLVFIS
EPSAFVVQGYGD,SEIDPMVSEVLE
VFDLTAQDLPML,LKNSLPVGKFHL
TQSSNWERKKDY,AMYREIREDEKQ
PYGQQPYGGMPY,AKIIIETQHNPA
VEWEASLGGNSQ,LLSECRERVKFL
WNRSPPVQANEA,VFEHNAKFGVRI
YYVTGEADFILI,KNKVHDLENKLR
FDQGGYADGKGG,DFCIEKDGKTYL
TRSSGQIEEGPV,DAARPLTSRGRK
PSAAPSNVSTHA,AFLGGQSLTDII
GARLEQTRPPEA,CLPWNDSFIILS
PQQQCLKSSLYW,TSNGTMCYFFDS
IPFVLLGTNNTK,KNFVIIFLSSYV
IVGAGIFCVSAG,ANRCRNVMAHPA
GNGQEFFSNPAR,NAQKLFSLFIEL
NGFVLRAVYGQG,QNKNVECKHVVI
RQRPAGVRPLHA,SSFFISSQTSMR
LHEGVAVAMADG,GYQTGTAETFND
EEMVDGKRQKTG,KMIRIVGENEMI
PVAEAKPTTPMA,SKASFLLLASGL
MHFSASFIFELP,LVAALALTGCNK
LCEMIEARALQT,DPLIATGGLVLG
LLREERGNVRFS,ASKCSKTRDGKN
RGTSLPRYYPDD,DSLRGLPGAYKR
TDYMVLGDSILS,SPVRAKRRTPHK
SYTGAIEYIRIH,SNSCLYGYRRQC
RLQILPAGAHPG,ITLQEVALGVFP
EEAYGTYRILDM,DEAPGKPDIPNQ
RIKIPACAGMTP,LASGPKPQLLEA
PSLADEVTAVFG,AYVLVSLYVLIV
PAGRKKCLDAWN,NKLRAELKKIYN
TSSTTAPVANSY,DSVRRHYYRVEA
KLYTFASPRTGN,AVAGTCTDQQRA
SPLALYALFSWP,ELGELAHAIILS
APYDDEAAAGPE,EATSRAVSDMAA
WSSVRRDLQSLQ,PTGTPAQPPPPT
KKDTRKDFLESF,GMDERGQPAPIN
AGRVRERHPEKS,VAHKYPLEIDWS
LKAHYFFNIDNH,QTSLNSVRVGDV
GDFGSEMATALA,LEITHSNNNRYN
SDCYAFGTIASV,LQVHFASDVVAG
LLLRRRRKKTRG,RPCDLGSLARKV
LIKISRNPYYET,QSSDALKNDLDP
HHHQASCCDSDD,ARLDKLADTFDL
LFYLLIWGLVFA,YAAPGPHVFLMV
KIEIPNLEFIRL,NMPLTEVLQDQG
KGFSAELSEAEA,PALAFCLSAPTR
RQISSSPQKFAR,TRFDGLTEFFPE
DLIDQRLADAID,VRAEDLVARARQ
FGTFALSFGAAV,FSMWLTLVSITW
HPEHFTCYVCDT,RDLQTLFWIGKY
AGGCVQLWQLDL,FHVLAMNMVLGG
EGVKQVDTHDLA,DYAGEFVMILRT
PSNYTPVPPARP,AASSATEISSRK
PFKFDKEVREIL,MNQKQGQQYDHW
EDDRDFDKENDF,VASHSQGLRRAL
REPGAEPAEVAW,ELSVIVSALTRV
ERLILGFVPNSN,FAEITKYMKKGE
IYNDNVISSLQF,SCGSDYQAVALL
FESTDLIKWKHI,IFLSVTALLGLG
AVEKETKILDGF,TKIRNSDSEGRY
ITDAIREGRLAP,MRSGRQPRSGGV
IGATISFTNGFI,AGAASAASGGFT
DGTTKNLEASNA,NDMNWASYFASG
PLHLLRTSSWVD,RTHTSALSDAQK
SAQESTDLAAAD,MALFDDQKNTVN
RIYRAFNRVDQN,VNDSTIDIKVGV
MTLSGELRQVAF,MHLHWQIGVFLV
DWIYLAKMLLPF,WFGGNLQITAIV
KGRSVAKASGLK,TGYLLLAGYISL
DKLPSYEGKDPF,KRKAVDKTTFFD
KSRFPRYSVRTR,FSYAAAGASYKM
ERAPSAVSVVVG,RPFDELVIQASV
FDFGGPYRDTTF,DELVLFEDYTGD
KSFLDNPTLYEG,RVGWFYRSHARR
PSTKDNAPVQYV,SLIEHFNLEGEL
ELYSVLLMQCDQ,YKFEGVGSSKGV
VPSAKCGARKLA,DLVLFYDFVHMS
FPGYGQGAQGYG,QEASAALRRERR
VAIVLNTFITFS,CSRWSFALSSSH
LLDNFEWATGYT,PFSEERFNEALG
TSSPRRIFNLEN,SSVVNVSQVFTV
FNLQDPLKPNGQ,CPADNVRCFKSD
IKDFYWRKNNDK,DSISDDICGNEI
IGPKASRVEDNS,TKVGADVDSKGN
LIQEVKVVKTDG,FGSIECKLPYSP
AMSDTFARHLNV,VLMANRLKLVRA
TPLQRTNAWRKL,SLEISLQFLIFT
TQQTLQSFIIFD,VWMMTELDLVAN
SDLHAATAESPA,KKPVGLLSLTFA
VENFMKAPLMGT,EHGFTHGQPGHG
IIQEQESIVCMV,NTVVTESFLRQV
WIWIQGDIGIRV,MVREAHDDVLNK
TSNGLGHLEIVP,EYMTVTAGGVNT
LPSHLQLMPKSH,PQPTREARNKIA
VGPARHSVVEWL,LKRDPSHKPNFY
QYTISPLFPSSC,QLGRVRYKLPSG
DPAQVWLVELAP,TDRISVVPLSGA
FLTEDDTRPSAE,KKYQKHLIVPMT
KRFTTEEALRHP,ILSCPVTNLLVQ
TCARYGHDKSLC,VKAAIRSYRASE
GEEEEETFQDSR,TYGVWQVLKSSG
DKNIRQQAHEVR,MRQGAETLKRVH
AEAEREWLRETR,AQLRVRRKTISP
QQQQQQQQQQQQ,NIVFGLKKSGAD
GDILEPEGAEFG,KRNGGYDDGASQ
LLIAVVGAMLWL,PAAAPIAGVIAA
SMMAVGRAGACT,VNLEKTGEKLYF
AIAVYTPLLEHF,PPPLDLLERGTR
ASVAANAATDTY,SPWIAEFEKMVD
YAERTVRYWIEK,EENLKRLKETLL
ALAHVPEPKQRL,AHGYSVTARTAS
VRITDACIHAGI,TLLDTADARART
ATEQEAMESQNE,ALVGKGITFDMG
TPAPVGTPTPVR,YLNKIYEKLPIA
AYLNRKLLDERR,YKFKGWQVITFQ
LIGLPTCVLDSK,GKLMFSPRSREE
IVKKVIVSILSF,EAKAIQDWKTPL
ENVARLFAMTGI,GLVKAGEKTLTN
RALDIRIGCYYQ,MSVAGTYNTVVK
LNREGTSLCGQM,MGERLVADMLGE
ESFNRAVELYHE,DNNILSKMNFKP
HVVTNSGPDGLR,GRDKVARQPGYS
TAKEEIKSLNLG,SWGLFSTMKPRN
YNVHRREPALLV,HFSRNVMDMDEF
VLRAVENRRQDF,LVGKTGFYPGVF
CLGIAPVFLAKS,RGEALPGLRPAS
FQIFIIDTYHGL,GLGSATHGSHGS
GSSSFSSGGGSG,PGDVIVFASDGL
RYSYVVFKKGKT,LSPRNKELHRAA
ALTSSLALKAHR,LSADSSDHINFH
YVGTGDLICDTE,IHLTTYCAILLA
QNDAVCIQTLRP,DSLGGPDRVNNL
HDMMHKEKEVYV,GKPKFISKTMKF
NPPVTPNNRGLD,LLISPHLDSYDM
DFKIVSIKEWLN,PNENITPHESAA
FAGLRQLGEKLC,AAEPPRFAQAEK
ATDQEQTRDART,TPMIFNASDQAM
STRSHPDHTLNG,FGLEGKDVYSER
DAFYKYFLSMYK,RRWLSIKAIRIF
ITEPKLREAAAW,ARYYIAVGPGIL
FDEVTLVSVEKI,YLTASCILILSL
AAWSIFSGNASA,AVIAAVTGILMY
QRFLLYAPGAPG,NVASKAPVTASE
GYVIEIDVGNES,QNRLINELGLRD
SSLTTLHKTIYK,VYCEGLRTGDLA
RSSRSPYRDRYD,YLEAYAMDGVTK
GYKNGDLNSPVA,ANLLCPHMRIQA
ASGQTPKRTLKL,RGARPFFPAGAP
YLTTGLTMKCTG,HHQRLEQTINQL
AAGDPDAIAIWS,RERTSLLVPLPN
HAGGGPAPDDVT,AGRRGGQATVVG
IGVAESQARQSG,RPQRGPFSPVPL
SAASSEMEQSTD,NGLAEAVGELRR
TVGDKDDEYVNK,FVFPEQGSRQAV
ADAATYRNGAWF,RLCNKLDNTNIK
KRLSTHSKEKVE,EAQGDASYYQRV
DENDWDGWKQLT,ESAVIHFKIPYY
LEMFCEGQVCKQ,ILFALPVLGVWV
VRSGLAQAPTLF,RVSRRGLLAYGS
KTLTTVQGIADD,LLVPALAVRILR
IKPEFRPIYTQT,DLNNKISVDAYE
VFALLHWPADIF,RPHIVHFYQLSM
PLEAVAGFTHGG,STTQGCKTAFSQ
SHCLSLSRCLNL,GTLGQGVSCAVL
HKHGARFSCIRD,MMGWQLLTFATD
ARRLQFCSCRAL,IYLQRLLEKGGS
GDISNDDELEAT,SGPIPPNASALL
NFSLPVYPQPLS,GLGTTGLGTTGL
NREYILSGVIAQ,AVADRGEHVTLP
CRLAADIFLPRP,PKYGWTDIRGEA
EDFYDSDNDCFA,TVPREPTEAMYL
QALLTRLFDKLK,LGDEFHQGLPPW
TDLELAAVFVDA,NDNFSILRGIDL
VTLLVNTLLMPA,ELTWRLANQSRA
EMKKYSSNNEFD,EIENILSDQETS
RTEKDSSMDICA,ITLQDIADSLGI
WLGLPPEAIPAG,GGEARKQGVADL
GRLKSNGVIEFL,VLYQKGSGIDYY
RADSAACLSPVS,ETGITREGLYKA
GGNRRSVTVDGS,LEGFDYIPSINL
PYRVIRVIEPGA,LVKGATPMLPEV
VAGTAYVCRNSL,QRPGAVFLLIWP
NPKLEIFGLYHW,DDEKIESCGAHY
VYWDKFGIPNHG,PGSRRTSLTFEM
VDVIVGALRPWA,SFYLQSQPWMDY
VVAVCWLVVGYG,NLKPIYFVTFSL
TGLSAAEMGDDG,SKADDNLLKAIF
FAALIWLAVTSG,QNWVIIHFRRAK
CHYVDGGNGTVL,TMIKPRREKRSR
PSSTSFPSPYNM,TSIFTKADFNIS
LVVRRQEIVDLL,GDKEEIAKTLGN
TLSELSKAVEIS,AAVGEEVLFRFG
TGRHSRPAAAPA,RRQDLCSKKLLQ
VITSNPAITSKP,RVQVIDAPTTVR
KINEMLKERNEI,KIWDADQLKSVE
LKLGSLADQYIN,AVHSKEADGQTL
LAEEYSAHTKAE,LDSLSRMHASTE
HHPTCSCPSWRQ,SLFSSNNGSVSS
KYNNARTSSHKL,VIHQPFVNFGLY
YRIHAHMGIDSD,VLENNHRAGSRH
LGLSIAKQIISL,SLLADLKTMVET
PSPLPTAATHKV,SEDELLSEFSNI
PGDFNKLHAHDS,LDEDEIKHLKQK
SLDLSASSVAEN,KLSMAQEELAAN
EYLTKVMRDVHK,RTGTPKLTWDRP
DGLNEKKKLIDS,MVVQAFMFYPLF
DLDPSAAAQLFY,HSLLSASEINTL
AATAANGTEDGS,TKNRPAHRSGRY
FKQQSVSQRMLQ,VLNSLAAGIPYL
MIKKLGSGIRDK,EKDDKDREKCAI
EEEAIELVHEST,QFRTSVHVAISK
LMPLMGEGGLAW,EMKKRQFNNMNL
ANNPRDFTFKGD,MGKPSNGIAKGL
DKKLSFDHVDCK,DVLRVLSRQNKS
ERPAAEKYVKKK,VNDHRTFDELKG
VGLGEGVECLAT,NYPDVSNNLDYH
EAGLVLSKQVIT,TPKMKNRSNLLM
VFDHLWTIEEIA,SLESEFEAAQKV
LFVGSSLMEIFP,TGIPTELIEDSK
ARAPWNAPSLNA,ALPGGDAVRVVH
EGTAKFEIVKQE,AKILTYLGTLPF
LFCPDAETFATK,QSSTSDEIKTEH
IAAMIPGIDAAQ,AGTHRPGSGPRT
VLIGPRIVRSSP,YLAPLSISFALG
KSDYLLSAQFLF,NEESALEELFTE
IFKTQQKVIREA,HEHHRERVRAEL
DLLEDGSCLPPM,DHPAIAGLTGLE
CEYCQEEKTLHE,LLSEGSLASNLC
KEKKVDSKQKYQ,HDEIRIILHQEL
TNIYANNVLNIK,KLVAEGGWCTAY
NPSMVRGIIGYE,IRATYGSTPFHL
ENFVWHSAPGWY,RLAMLAGRDLSL
TLIFGIEDSVSQ,ATNIYFQTTVPA
SEVVGGAAAVTA,ERGIACLKRFKT
RRVFTFGLIAVV,GDSDDAAVGQWA
EQGLEFYAAAPL,TYVYSKPNVTLS
LVSVRRKAMELL,SLERGEHEHALD
YQEWKSQQKDEP,FDSMMRNFSINV
MGQLHNQLQSLV,PVEGPVKGLQSI
PNGDGTENSEEI,DHQRRAADSLAE
MPFYRKVVSKHT,QAKQKHKEAKKS
ANRASVEARYWP,GKNSSWREGRTE
TLVIPKESKDFF,CRIALVLQSMME
STIMIAFQRMIE,DPRWSSAASGWV
LTSCASHTPSDM,RDEQRINEAFGS
ELVEPYLAWLRQ,GKPSEHEKPCYT
HARDKGRVVLHI,GIISPSDIGVTP
PITCADGMQQVI,SSVYSPPVTLSD
AELAKEEQEHLR,SCVPSLASTRAS
VDDTLVCYAGVS,GHDIGQKRHELI
SQVLGDDGQWHQ,TAVFSVCRSDFP
RVNNHDFFKVGK,SIKPKNSKKVLR
RNTDDVPSKPSR,IISMSPYREQDW
SSRKKSAFLKKV,ESGVDLIYIRDL
AAQKEQRQQQQQ,ILTWLKSGGITA
DSSYSHNGKSAD,QNLPYLKPEFNF
LPMVVLHYLPVL,SATPTPTPTATE
DLLVLKTTGSAF,AGATVAVQDSGE
FRSKNQHLRNAC,AGGYRSNLIRYI
TIEDLGLTPPNL,EWIPATSYLLTE
ATVAYADFPEAA,AATMLAATITGS
GSTLAPVDVPGI,DARQPAGQQAQS
IGGGHNYGKALK,RVDEVLSPSIVQ
GKLNALAQKNDI,LFISERCKIFGL
GASLAGHVRIED,RCHSQALTIKLN
GTPNDIQINASG,KLRKIMGKIWNG
SVALANQAAAEM,NLQSMTRGKARR
LADVLEVDRDWL,RGRGSSTHQELH
KFWPQRGLKFST,LAKKAEIEEMRF
NGRDGGSGHENG,FFNPKIGKIEEK
PGATLRRVLRDM,IPYKNYQLDVGL
LSILVCLGFVYG,LAEAQAVARVAE
NEIEILNVSLKF,GTPEPVLKNIDL
WAFLLGLSEAGA,EWGDRLYTNPTL
LNRVLRQPILPD,VNSQDRDAVFVD
EVAPILVGMILL,VVLCEENNDGMK
IPIPLFLRHPSR,CCRIQALLGSAR
KARKITKEERET,GLWKGSAADKAG
PDHEQYLVWLTE,LLIVPAVNKGNM
KEIRKALKYIEK,LYEKMAAEQDKY
DERVIWRCLRAF,QTQIAAASEQSV
GQLVYGYKALEK,LVGFHAYDYARH
DHLPTQFKSYIK,AQADGDAILRAC
HVVPSSHLPNER,VGLDSSLEHRRQ
GTFAMAQQSPQM,TYPISQLKDIRN
SYWFVSAAIDSG,RLSKNDKSGSGF
ATALPKFANLSG,NCAGCCGANGQC
GEQNDRHSESPF,RTNYYRLLEETK
AKKVLKDFGNQV,SGDVEIRDLLPL
PGAPQTAVPPAA,SRRPRAILRGDV
CMNDEKSTMQDF,YKDQKLRLKVPS
GFVAIGAGVLLV,YGRPGRDWGVLG
DRVIHYQVEEEF,DDGCRAASRTDA
LQTLAVRSAPAA,VLLCLAMGASAQ
VSFHTHTKELWS,RSEDHMQADIER
ETLLRASHKASY,MSMTTDDILQKR
MVRLLSNSNWTW,HIWESLRWLRDT
LSLDSMTVSEDN,AFALEARVLGES
LELDPHDAWSLE,FDITVDTVKKYV
KQAHWTVVGPNF,RGVPVMVDHEER
AEDAGTYFCTVR,SLKPAAVIAIPD
SWHLTKFGENQP,AINISTSLYTLI
IDSGKVIEGGNS,LRDGSVERLTGE
RQVLHLVACIWC,MEKVKEKSDANL
LSNSGAAGITEF,DKDVVGPDPKTL
QETLDEQDRNLD,EMTDVLLLLDLD
VIKSLEGHHDGS,IDHRGQGLSGRM
TINAEAAREFTV,TSSVAFQLLRYA
YAPVNGVLTTTT,VIYASDMKPPKI
SKATELSATFSL,KRITPTVYASVV
WDRAQTHSSLKK,ADLVIYSGAKAI
GITRQTIYNYFP,FMIAGARAVQIG
TAAYDVGAGLWQ,FVRCIDRCFDAY
IGIVVEEAPRIL,SYIELVRSMGFS
LQMVTVPPIYPA,QGFDSAPRNFAV
ANAALIDLGTLL,DYGVAVSTDGED
GQALTTWLNATL,TMEFPDPKPSRE
VANIDVEKGIQM,NVSDTQVGLKVF
TTLMVNAWAIHR,LPKFCIPRVFSP
LAVVERAFGHSV,FSSLFDGLDQFI
GRLFRPSLAEFS,VFDYTEGHLVAE
EFREEINSAECV,CYYEDSKQFLTL
LCVVLAAGLVFH,ELKVTAGEMPRP
DFGMWFNGLKVN,SQQAQEEFILQL
VLVYSLFYAASL,DWFRSKEYEEFF
AKKDAETGQTTI,GGGANATEDEHR
IDSLKTDVTMIK,MLTSEACQLVLQ
QPRRIADDVAFG,ESKPIEIPSVNL
IGLRDPEKSFPI,FCEAYLANGHKA
TRQRRHVLQLDT,QDNAEGLNEIFE
FDQRARPLLSQP,ALAGSVGWAAVL
RAVARFLQFRTI,KSDLIAYRTFAK
KAYNSLKEIVKV,PPEALQEVWSRF
EQDQEDSVAPEV,TDVTVKMRPRNM
IEKVKNEIHLIN,HSNAMLPAMPQI
LVLRDGHAQQVH,ETMTDYMFEDSL
TADKLRDNLQSL,GRKVKDVMDTNS
EIIPTGENSEND,MLEVSARTEPVS
ESVPNAILLLNR,ILSVVKDNKKLQ
FFFSFLFFSKEK,GGGGGLYVPVLT
VEDTTENHGAAI,ACEAINESTPVL
KRNKNQCQTVQP,QQEINLLKSTRD
MEYLHSKKIFHG,GKGDKQDPADPL
ESTPAFAAAQEP,IESKVTEFESLI
AAEFQEHSSSST,TGIDVIERRIKG
IKQALEEGASIV,QKAKFIKEDGVG
IKAWHFTIRQYR,LLECGHGGLCFG
IQMIDVHLPTTD,AVRAERDLARRD
PQFAMIWFGAAL,HEILVLLSEIKF
IPSDATCTNRPQ,VSDNLKNTTDTL
AVIDLTSSADED,LNIFDPKITEII
ELGYHEQHGNRS,KLLSADEVYLAT
QLVYVINQNGHP,VGQNLTGFGRFG
DVSTNLTYVLRQ,PMFGRVEAILAF
NQGLQDRGHEMR,AQRENVDDVEAG
QGDRYSEQYRSA,DDSPDPGRCQFA
CSINNSFNFSEH,HDHLEALTHLSR
SSPLAFLVPLAG,GVITIGQMEKNN
NDALDVATVALD,LKNKIIGNNAKE
FVTSDKTCYCQV,PLATLNEYRKGR
ATQMAATAKWVV,PTLLPEHTSRSN
VLQGEEEEHVNW,VDPAGDEQTIDA
HHSGFFCGSDIN,DRNAALVRAAFE
GRHNRYFRLDVQ,GNVRSLLLTPNE
SDGLGESLITLR,RSRIFTYRQLFT
MKEKSGKRLITQ,SSPDVNGLDIPS
SWEKILQRVLKG,EGSREINPAVFL
PGASFSPPDSAA,FEFGMVALRMSL
NWGSRNATKFSL,NRLYDLDNVMVR
INQCVGFFLIRN,DQWDDTVVPYLP
APKGASRTIYPD,ARSMRSGQFGTL
QNNYSSKSTQVN,ITEYYWAPNSQS
VTEKQKEAMAEA,ARVPVADVIAQL
NRTLYPGLNFRF,YVYHEVLTKRER
SVASLCGSEQMS,CKRIFTVLIDRG
QTFHDDDVVGLQ,AKAEEKARKELQ
KPTFYTSNYSLN,EGSRQERAQTSS
GLIAAADQGTLF,PVEVSVNQVTLC
RRSKHLIRTEGP,AGQLYVIRSGNN
LPSDISESKELI,YGLCALAHRINS
GEKLAWHERLRG,AVIFMFWLLTFP
QLAPKQSHCSVK,FIDKNFIQYSLL
HQHQHQHHQQQH,SIRFRFRKILSK
EQYKQFFSGHAR,RTADQVADEPSH
ASQGELLAQPPL,YKVENSWSNYDM
CSSHLEQCKNDV,HSFALGWGSQAS
CVAIAPKMLAIF,SPELKSDKDFTI
KISASLGSRWEN,FTDTLGLYMRVE
KGAQSAAFHDPS,TTIMVPTLVSSN
YGFDLVNGKHQK,VYWSRCVLGDLS
PLGITFRICSTP,FAPPSVMTAYSL
MVLDASGISWNT,SKRIRTRKTADS
YFGAEDGQKFII,VIKSRDGKEYII
FANTTLAMRPVT,CAPCNLAKGDRT
AERLASGSSDLG,ATKATKPKKEES
LMGIIALILGTA,PPSLDYSVGTTP
ALHFIARSGRED,VNDDPNTRWAGY
APAVPRADVAFA,KDPEGNPIGLVE
LENPNIELEPEI,FDLQAARLLVPS
GWGFHGVHKGWK,VYKLVDEKINNK
AAAAATATATAT,LCVLLQNHCLSH
NGGKNVEGLIIA,QLEEGAVQLDRM
NSAAPKIAMVFN,VHKLREFKSSAL
SKENTTILLSPA,DDHWWVRRNAME
EILPSNESSEDE,VTATPKSDGNPA
YSGFDIDFCRAV,ADARPRSTPRDH
ALTIISDIIGIL,YNIHFLIYVKNL
ISIIYFKQLHTP,EAPGGEEESPGG
NAETETGCLHFI,LIAQARCGNLEN
DASTGEDMEKHE,TDYAERLRYRDP
PGCNNHIDVRLT,NDVIHRPSASFI
VWIVRVERSALT,GFAVIGVNLDEN
AAAFDQWYALDI,KPNRFTDFCMHD
NVLVETYTPNAL,EDKRTRPSPPAT
VNVQFEQAFPNG,LALWEIHSDQRD
IGLLPTQLRDAY,SPNLDPMYCYML
FMSSFSVINALE,AKTSNCRYPIES
VLLEVGADVHAA,ENIHFDLKYFSM
GALFDTLKGGLA,DRKALIQEEIDS
LERSNVFSDVIP,WIKARHQDGSSG
NEVHAAAGHGQP,LYTGPPSDPNSK
AGKYVRILISRD,ADAMDEIMEQSL
LLGQGKRVLGLA,RAVQQVPTSGRG
MDVDVAARTGAR,CIANGNILEELK
SGGVVGGLNKGG,LRIETAATGHAS
ASYGRSSMRSSR,ILRSYDKGTRSA
LTKGLLTARGRV,FTIPYWLAFLFI
PSAASASCARSR,AVFAQPQDRGEG
VPPEYFIARSFT,RHIYVPLAEVGG
LREKDPVTSHVI,EYRTPELHAAYL
GNVVWEKTIGGT,ISGDKIPTIYVS
QKYKEEILNNTP,AMEALAALRLAP
PGAARAALPGPR,VICYALAETLHG
KDRDAVRMIPRY,TIVRRHARAGHA
QILELLSYGLSN,IESTVAAAKAAL
GEDFTFKHVFNE,WSEYKKYVDDAM
PSSTFLKGLEEG,YIYQFDLSMISP
TTGLHASAAVIT,ADNSLLLIDAMR
KIFDENDKESKT,ASLIYTDEMLTE
IAAYYISNGAFP,SPSTVHNLEHNA
VVDISSSQNGSG,ESNEIDLGDIEV
LELERAVQAFKR,RSIYSYSSHFII
MSTPILAKRLSR,LIIYRGTYIRKK
DLRGNHLDTLPP,ILEAKKNVRLLK
YIDLKRKGKKKD,IEDGEETNKLET
KEHKVYSFNPAA,VWFEPVGDRDQG
EASSLLEEETIL,LTQTPLREFYRP
YIMKRTAKVPIW,NFIIITSKDLTF
FLLSNENRLVTR,FTDITVTPASSY
QGGNIFNGPTTI,VVLMGFTVTQFA
ITEARGELNGVQ,DKIGASHPFLVN
ILFEEQKSPAIS,HPDLKNDIAKEF
IEEANAAFAAMD,FKKSVASFVVSP
EQIRLGEDLHNS,QETNSLKSIVIQ
DGTLLDSEPLWG,KLFSSVHFPKQI
KIGKGGTSTERR,TWEDVTRMKLSR
QRFVIVYGPHIL,AARPEASFTGVE
ATAGLACAAVAP,KARLHRAKFLLR
RAPDPERAISRF,DFVVTELSGLLC
LDQLYLENQRKQ,YNLKDCLKNHSL
WFWAVLVSGALF,SLLATALLLLGS
PDPTLTPKLLKI,LVALDLRRQSPP
YALVRKNEMISG,GYRLLNTENDAD
RTSIIGIVANVL,SATPSYITLILT
SELNPYAPLHQK,QVPPFDNTAVDG
TTKNAEILSTAD,LHGSALAQQPGV
KALEKRRKISGE,SQLMKNLREGKL
GIELIILFVTHV,FKFINLHFVDYV
AINTAMRQRCNV,WIPGRVAAMVEA
EPKPRLMITLSK,LYRRMQATEQLS
SRTLRCVGHFTV,EDRLAVGTLRLL
GFHLYKGDKVCL,VAFAIIFVCLYI
LIKKTEMLTAFD,IWVLWLVSTIES
KGRPWRSKGGGM,MDLSTWAYIIFT
MMDAEDADKPMW,LVTGSSDEKPRL
KLDSRESPVSNP,MLINELKQELNG
AHLGIDLQELKM,VTGALAAQPSKK
APATSDGLNTLA,KNKSWILIVAAS
AVSVCATDLFRF,MAVYYTICRLLF
GLIGEIDETPVG,DEDSVESRQPSR
YFAWGVMEYIWG,QKSEKDDIHGFS
LIERLQAVDTRG,EGEVLSRITEAF
AIGCFQLARLWQ,WHSGVMMMRHLS
KVYRLYATTEHD,LEQTAGSSGDVA
PGVLAFEEEVFG,TVLLEQYPGSLQ
GNASLARSMPTQ,VVIVRFAFDRTD
LCSKADAGKTKS,RALEDAQKVGKV
FLHFRDLYGNEI,IQVNLASSEENT
GFSVEAVKLLIG,AQSSFESARDQV
VIHVEPGDQAKL,RTDVALSGNYAN
SKPWLVASIAYH,RRGRKSLKLSQE
ILARGGGSHRIT,PLGLHVREVLTH
IKACLSYVITRA,KKTSKTQSKLTS
QGIVGEIVHLAR,KRHCFLNDEEDD
KYLEMNQDCYAL,NCYRSGAGCRSD
EMKQYRDLGIRN,IGFTAFVTVLGT
RRATWRPWLLLA,SMDPANTPASGT
NAIRKKLNLKIE,FIDAAHSYSMVK
LAAYPHVLVAGT,VWQTYSSKPLAD
TTFLAEFGDRTQ,AAAAPSSLLSHH
PHTNTVITLEGC,RFAESTAQSILH
LTLENLAAQLQE,REVYASAIRLGA
NGEPDLNLDIEL,GPFAPNESRFEK
LEMTKDVNTFDE,YGPNLNETGQPA
VLDNHQAFNGQV,ISYFEGGNEQWQ
SLVFEHAIGSLG,CPDVMPYHGEAP
DYIGGKGLGIKY,KNIHVMNGLKVA
DFFVMLSSMTGV,RKHPAWKEILAD
NSHLLPLLRYNP,SEAFFDWRLFWI
EFNDSGTLVLEG,IAQYHIKQWLDD
VSHNPPTKGQEY,ADHHLLPVLVDL
NDVTGCNSCGSL,ISFVSIDTLKRK
FLRVSSRSHLHS,FGLVAIVASMTL
CGGLASAEWERQ,GGMPTRDVLMVL
VAEIGGQIRRGS,YIKAILRSEDGA
DKIIDAANSKID,YVLDVKLTREVY
STNQPFEERKRD,VVRAEREELVIP
RDYPAHAKELGR,QHDDGYDADRRA
NSTPENTAFRNA,RRHLRRLMPSNP
SGVNIREKKSTS,KRDPGIDGVNEK
CKPSTRWLSRPS,SGNIAKGDDRHA
PASTRLGFTTNK,SNTGNRMFKRYA
ERVITRTKAQQR,NKRGYLYGKNAG
FSYFKLRAPSGD,KGVPEHMVIKLH
HEQPQGPGSGSG,KLQLAQEMNVKF
FRAEVDTLVQRY,IIRLSRRMYVEP
KKKGLSDSFRYP,ESQILRVRMAKY
LPSISSSSADAF,DLTEIQPQQISA
KYFYFFLILVLA,KSESNCFYKRKA
RAKMIKGGVFRM,RELNTYRRTVFG
FTYAWAEKRWWT,RLPSVEPETPPS
TPIICWKGGGAG,RRLFFCTGIAGQ
RKMDSIQRTRAS,CFMEKKTESEKL
RALYWRNEVATD,SDPANWPQLLTN
ASPRSQSAPRAE,AKQQVSLSESSG
GLFLRICVAANP,AEVQAGYPFAAP
LLAGRGTRTHVI,FPTLHIIRETSM
CSPDKEEGRSHL,VVLYGADSMPSF
VLISDPADPRFT,WLQAVIPECNIT
SVSALARLHGGV,KVQQISHKLINI
GLGDPDDGHRHH,AKENGQWKVCGT
LFLRPLDSISMI,RPFKIDFQKSLQ
ELAFAVAAKLGH,EAAKAAFDAFQE
NKGNQSPQGDQK,ASTNDGKGNYKG
DDLGHFARPAAG,FXHWYVGEGMEE
VIVYLKVHPYGV,SSQIFTDYRFYV
PLDENEDIAESD,VGPGKDAVGALD
RTRELYPDLGEA,LASATACVVMIA
EEEKLLPARCGI,HILEELPNPIQQ
RWTTAIDMLRQS,NDLRVMLRMLEA
RYLTLMLAAVQA,EICDSVYASSIA
ADTSRNGKTQEC,DHSSQIIDCFVP
EENGTESGEVRV,SLPKRKRAVRNQ
EADALGVLGDAF,IGKVHLVALFWH
IKMPKKFNVFEE,KSPQWRAAMVEE
SDSTQNSPVSTY,VERACRDTHDAA
IYLEQSADTLGI,EGTDAARRQRIE
LNGIHKLLVYAD,DSGLRQANKDGF
KASSSEALIQRG,RLRVYEYDSDYS
LEVVGGGLTLTA,GNQTIAGVKTFS
YLKNATLVASAL,REAGTPVEEVTA
LIARWDYKKKYW,ADIPIVVREWSP
QKGNLAHTLSYL,RCPMVVRIKKKN
LEFSLVAAANAV,LSHYSIGLLGRG
RRLRQKEEVENP,ILLAARRKINNG
IWPVFACSQPYT,EPVETDLGRKRR
GFADDTDLPSGK,EKNDDRLNKFVE
AAGHVHGTTSSQ,TQAVVLLIGPEA
RKLTRQLRVAKL,KKEKRSTEGLSK
FLSHQPNMNHQY,VHVGSAVLLESV
QQHAANHKESNQ,NIGLHYHKTREK
DKDKNKDKDKDK,FGQSILQAGAKT
HSRTLENYVYKG,KLGMVPEGVLHD
TAPIVVCLWPIA,NFFTQIFSQQTN
SQNACQIKITVF,HRGTDPIDLVRW
APSKADRCADSR,TWSPSPRREQRQ
IMNHESEQQQYS,PSIQCLIILMLA
PRVKRTHLQFKP,KHAVNLGVDDWF
GKDTLMLPIQEG,CTDAIGLRLRSR
FLRLNMRNRDHK,YDPIIINKENQQ
SGDDRAPTHNDE,WRFVRNAPVGPV
TWWTAAFISGSL,GATLKAGAGCEV
RLLFMKSGSIVD,TYGVPRPATKED
GGVREMAGVPAR,SFLFNSMAVGFI
LDLAGLDAAVLE,EPKIAEIACERA
TNQRIIPPIPAA,DTGRAEEGHSAA
VRLECTGGARAR,LKEEQRITMEAL
DNPLFKLVGQIY,YNLPFLGPLEHI
KTKTGRGMSDKH,MQTHRFEVGISH
NPIAIDMDKLCS,SPNPQPHHHLPH
LFGAVPLGGEPS,GVIAGYYLDRYL
PEDGSDACTLVQ,SFNFGQLKKTYI
AKAGGNYLSSPA,VTQLKRCWDKIK
RGNNQCSSSLQS,GACPFASGCRGA
LWTYRETNGTLN,SAESTAEILQDA
ERSAIIAAFVTT,KAAELLEQVELP
DGCRPLFQRCRP,QDAGFIGDFGES
PQTCQDRRRTRK,TFVFPTSVRRLT
CSLCGKGFHVPK,PFWCSQCQSIKL
LKDRLLGAVQSN,GGRLDTTNVVQP
DDLEVMKTLDLS,LKFFGGASVMVT
SRLRKINKKYSI,HTGEPRVQNHPI
GDTVTMMAGGSE,ITGQTVHGDSRR
REPSRHFSRGVA,DSKETEKLLGDL
QKISAVFFQVRF,TGAGGGIGRAIT
ESTSNSRRQHRH,QPLDLIKEHSQT
LIKLHSQATTTP,KLRWIGNKMGIK
LNALIFEGVEVL,LGKVSKNAFSGV
CGSDEGCVAAVS,AFVDKKSLVTSF
VDIDSEIDKFRH,VTVMIDKYRLDN
VAYAGNALGTYR,SKTYNLLKRMQK
AKYYRKIYGDKA,KIRNYTVFFAFH
RGGLVSWWRFVY,AGVFVWSGIRPH
VAGGSSGIGRET,VLLLPRQRMNLP
DAPTGSGFWHWA,GLLALCISLITA
EIFHLRTIGEVI,LTGKLDPVPSDV
GIDLRQPEYLHK,LPDKKMIKAFTV
CMALVFDGLVRW,ESDEAAASSTPG
SYGSGGSGNGDL,TLLASAIILALV
VASTTPTTSTSP,CHTPPPSSKPFI
QDPHCSLPFAKE,VGLLFGAGWTPC
SSLALSFLQTTL,AEASAGFRMLRY
KNLLDGDLIKTF,MHTPDHIPTPHQ
YVQACRAFMITS,STALFAQQPSEY
QQKQLHRYYNYL,ALTLPIKGDYLQ
ESILNGEKVEIR,RSGGGRKSRSVE
FSAAAKFLYPLA,ASSDIPRSGQEK
LWGISLELGSQL,EMHESLLAEVKT
AGLVVYFLAVSW,YAQGRYSARDLL
REAHGLSLRQLA,PILPLSSSPSIF
LDRLVARAANMP,KYRYWPQGYSEV
PCLTFDELDKAQ,WNGELASTNLWF
RLDIDSEPRMNN,SLKAEAQRLRRA
RLIRWSDAMLLV,GYLADSRGIDLG
GVVLVVAGAVHT,KSGKNILHFIVA
LKWWITAQPTRF,KEEDKKNMDRYV
FSSRPGGLPSLD,MVILHKMNSPAQ
QHKLEHGGWDYI,QNGVYFAEPERL
HPWIHSFDSKNN,NLEQQAVLLESR
ECLLPLELKNLK,MGARPVGELSGG
WLKLGGLSGEIH,VSDIIDDLAQLM
LRHHYLTHTNEH,YEKGYMQCSLVK
VGLFVRDPLDSA,KPIFNSKKQTKE
PNIKLDINGNLV,QIRQNKVKYADH
MEQELDEALQKQ,SEPKEPEVTEME
FILGLDVAGVVD,FDVKFFCVVLLS
DLKIAPSDIQAV,ISDASTLPGGGG
VEPEVLVERKYF,WRPFARDLAPDG
TKVSKRLLERSD,IGISELEVGRIW
AEFFKCDIEWLA,SDRPDGDNRYVN
AVGAVSTTVCGP,STSLFARDYIVA
SKPTMISRYATE,KRIATTDEEIRQ
WGVRLVGWIIDS,IQSKLLANLLQN
GYFRRSFDFFQL,YRHTTDPAIRFR
GAPAVTNAGNGV,LYLSNLYDDKVI
PYRVQRHAANIR,NPEPSKNLSTMT
LKAPLNRKNYIR,AIQLYTDACEIL
DTDPMDTNRPKY,YSEKPHRFVVEL
CAVLIATGKIKI,TRGSHEEGPDRQ
REVKNTKHTKAN,HGDSVNEHKNIE
SFLALGPDQVDD,LPAGLAGAVTAG
DFFHRLLEKFDV,VLDLIVRRGKQE
MEISPLFLLTHQ,CQERITTRLRVY
VGPTALSSLLVQ,RERERELKEGNM
VTLFHMLAQLST,PYALLGSFLGPG
VFPSQESAIIQI,FAIKVFLEIEIQ
VFDGECKPRETV,IFLVLFGACCYV
GLPILGYSLDIG,ARFSEQDAASYE
SGVSAHPGNSSS,RPKGGLHMQTGG
WVSIVAMLGLTA,SRSTGVSYPAIN
IETVPFVEIPAE,TGENVAWEKIGV
YISCLVCGRVYG,IIRSELELWLQN
LLTQYPDARLVL,DGHMLRDIGISR
QDKSYWNSDQTP,EDEKVISEFIKE
YGTWRLPNAKEV,PEYGQPVGTPVS
ERPELYHNYYRV,ESKGSLKSISAA
DEAVKKMVESAD,ELRVVNNAGSVT
FSILTGSEVEFV,DIPELAAILNSA
ALFIVYLGALLV,RLRQDGAVPSSI
GEALRDALDPRL,TAYHFYPNIPLH
LTEEEKETAEAM,GMRHASLEVAGD
IFGGLTALIVFV,GSDGRAAEARAA
HIARXERHFAPL,NIFHEHIGFHSL
EPALHCWNRILS,DMLQIQIHEART
RRWRRVGRPWSR,VCVGERCVPLGE
VDEGGVRGEFEG,LPIVDQINNEIL
DKRYKAVQDKLS,VHLEMEDEWFKK
ARRSEAPAEEVR,PAPSSARTIPSR
SNAIPDREFSMA,RLARFRDSHPGA
IKKSDGATLYMT,YASSEGEPVICQ
LGILTKALYNNK,NFNELYRMTVDR
GREATDDEINLV,DYIVTVPKRGYK
ARIDPRTAAEST,VAGGSYILNTFK
VVPDNLKSAVTR,TEPIELLRSARR
VFYVIDARNKIE,KIPSYAHDNDDS
AGFTLVPSDKGR,ADFGSSERLGSW
GQGVRTMIALFY,MEEKRREKERGK
ATLFPSRRLAAS,EESNGCGFGIKE
IPGDEFLLFASI,HLKKYLDLIDEG
SGKAFSAYRLDA,NHYLIGMVSGSQ
ARNHPKRSPYAA,GAKEEAAKAAAA
YVNRLEGLNYMK,MYGRLTHMNSLN
AGGGAAKWRIDQ,GGYWVALHREKY
ILVHKDIKTTML,AAILGDASILRI
PVNKVDNAHIKR,LAEEVQRSLTTP
LVCRALISSFVY,LYLWILTLGCIA
LSNQSELVSRLS,PIQDLRAQGILE
KHQDWSGKYCPH,QFEDAVDSVRYA
VGSILSANGISI,DFIPFYVILRNL
WQIRPGTCIGFL,TLSEIMRYSLQA
FASFCEQNRVQH,RSFSVAAIRASE
GEILQYGIESDR,VCQYCNTQYQKT
ESVIVIVSEKLL,QKKKNEELIKER
EEEIKHEYSEFE,HSRHFCPGQGPL
LLRTDATLFSFR,PREKEIVALRTD
QLPLPWYGILPL,IAAILAVVVAVL
VSGMLYLTGTIM,TSKNPYDPNPAK
ALMPLLLILLSL,RLWLTWKLDISS
DELLRQVHVNRL,RAQVKDVPEDKV
ECIERGSRVTSL,FHGMVAVVANRP
ARVNLLKFDIEA,RFEQLSQVSGGH
AYSHEEANAAIG,VKENDESRHIPQ
VQSDAHKAFLLW,PATEADLKETVL
HCQNHLHAIGVC,KPRDKALYLHRT
YAKEFRDHKYRS,LATQASELGTLI
ETDRQHDRQRRS,SFLLRCYLLPLV
VLIAFWPPALAE,PVRAIEAALAAD
QVVGNLYGIIGF,DWDLDVLDRFED
LDISEKNIDYVF,APTLKMQHSLEG
AADLDAYRERVG,SPGAGWRNGLSE
MMNWVAIPCSAK,NVPQIFGPTVYP
AQSELRFISTGV,SPSVSPCGSPKQ
IPFAAPAYVIPP,QANRYTVTYRGK
IAYAEEGRRFFR,ALTVGKIGSSVN
DSDLCYKERAFS,LGLPVGGDLEYV
SSSSTRTGAAQT,AHPRGQAGRFTT
EMSKQCGSLDNT,AIWARRRIGSLS
ETLRSFALTLRP,SPLGGTCGGVTN
NLGLIYIDQKRY,AAQTTGIIHLFS
LYTLCTDLRLLA,EALRLGNTVPGF
EDSVVQPDEDTM,TVKGIIPFYPAN
GDNVHVKHRKLG,KIPAAHLPPPAV
AVGEDDIGDAEL,LISTKYTYKRNL
NKPDKIEVLSLI,GYADRLRTQFSF
VFAITFLVTISA,FSQLERLELNGN
NEERIEWELKPL,QKQRIMIARALI
LTMMTGELNYDE,SKNVEKLLQCDP
LFKKTILYYRNE,PIGSVNARLSAD
LKGLKLGPVKIY,YYIFSRDDDNFL
TRRIGEWRPIEL,LTDHVCNFTRGM
LERARSLRPRKE,FDKAGYKGGVQV
RMRGFFNTNWDE,MVCSSVQYAQTM
RKASRGIPLRYL,LLGRSTLSSPDR
SFEGCTLVSTTF,MARLREMKLIEV
IIGYIALGTVAW,VSALVSQLEESL
RSNGLGIGSDYP,KSWFTATTLAIA
RRSKTKSVGTRC,LICNEIKRLMAD
LSLQAFTAEQLA,NDVPILMKYAIR
GRTWLSKGHLPS,KFTVGDGTSTRF
SGRLGCDSEGSC,GPDLPPPPVRRA
TLKSHGPRTLAA,AFSGHGRSAWKT
SSVAWIKEGNYL,GNKLSCNTNSLN
NELTNRGRRWNV,AKVTWKRICMNE
TYAAASTIKLPI,ATYKLLEKMNHP
LIVLLVAVAIFI,IVWLTFLGSSLA
AIFHEPQPYVPS,KQEVEAVTIGIT
NVIDEKAADVVH,AALSRDRAGLMA
GWHSAAVTAGGV,LLIRLTSEESAT
EFLDIVHEGKKN,RRQWSNHSRQQP
IFLVSLCPYEYI,SISSFGKDLHPL
FIIVSIILQVTL,PTVAYPTTSNDY
DEILTCYLQCPN,PADIRPSGGRQS
ASIALTKASQAT,KYNGWDGNWEYL
FHRHHHSFLPCP,VSTASTTTGDVS
RVERGLFAPSTA,VEFAQAKERAER
ITTPTYFYFTYF,APEELEQVRAER
RHATAIGGTRQY,SPWSPAGLPLGA
LNGIAYTHFRSL,PRHSAEECRQKW
GKRPPLAKAYRF,SNKSKHNTCYYI
RQVLAADTVYLD,EEHEFTFEGSMG
PLEQSIWAVKGP,VKKPNLRPIVKP
LLYPDTELKSSL,QIMYWQPHHIQV
ILTCMVPLAAES,PPGPYPSIYDYI
RGKGARGQRLPS,AVFAFWYEISWG
SWKDVFCGPRND,AANKVNTHQSIF
RTVYETLRQVES,LALASYELGQQD
DTNWQVLGMTED,TSSKASETMEKK
GLAEKSQVRIAG,AGNLGAYLPLLL
LDALAREFFSPP,DVEGVWWIAIWH
VIDSLLPIPLLL,ETVFVSKSPSEE
EVSGGFFVNKEE,NKFVKSLNKRAL
CSGSNGGDVEED,PDTPVVFRKVDP
VRNELCDEDDDF,IIWVIRIVSYPI
RKLSILQSKKWR,TNLKTCKLENDP
GLMTELRATTNR,IAKGQKLFEQTC
VAGAVAYLAYRI,IHQDRDDIDSLA
ALGASNVSKALD,LFFNAVFLFFWN
QDLATVKPAVDR,VGESIDRNEWNV
VHSQWQSDSQNV,KYSHLFYQLRDP
GIENDEDIKALE,KPVSVVFMELFD
KIFLFKKGLVKT,KLFLVKEQLVFM
NYFKYKIKKLSD,RRSDAGARFRGL
RTVLPPGAFQQR,CDNCDEDIPERP
NSDGSDWRHEPH,PVPVPVHTPVPY
EAEALDRKAETL,FGAALAEDDTYK
LKAALNFVDQDH,NADGTRFYDHDK
SADLLADMDARN,QEFGLSGKLTLP
NANNDTPNRSTA,HTWLLAATASAT
KLTRYSLNREHG,YSTVPTYGYAGG
YEEGPEWGLDGR,LNQRTVHGRLLR
VTGRHPVRCTAP,EEVLAVGSDGEP
FKDSVSFFNPRF,ICSFGDYHLNFD
TDRSTPLSSYSY,FGGLWPHVQKPL
KYAPVELWIFEA,FVPSVDRFNEES
SCGVNEMLRRRV,TAFRYGMSWMSS
ADPLQKRQTFLL,RISIENFYGIEI
IGGDEVKTDHWR,IVPKAQPSQIRD
YNEWAEAKMSMW,LLVLALRRAPVH
RQFEVTSRCDEN,GPHRPRRARRQR
CWSFGFMGSLWR,FQFSILFAICLL
PRESHREDKHHR,SCLHTLQQRYAA
DRGRLGAVQDLD,LNKQKEFVKQVK
RARFPRPLPLDE,NKYPVGCYQAAL
SLAEAAAAPHEA,VRRFWPASERQR
CSLVSKLHRLKL,IEGLKLVAYDVK
LQAMLFYTPNWL,MFDGHALPTDEN
GGIGSPKKIVLP,LHDDFFLVKVTQ
VETPTPKKKKLS,RPIRGLLTTAAA
VSAGPMEGQAND,LNSIYTLVQLTT
SHKISDKHTYSL,APGGRALVGEEG
VGMYSFLAVYFV,ALVVQSRTFQLA
SGGVGNSVNKIR,IAALRALLVAGL
PAPAGVVSGVGV,ESDHRRPEPRNA
QSGTYIEFHGHI,LDTVVMGRLDFG
YESHVNRPLFAE,LRYIDEVEADQT
QVQVGDIDDRES,FKSKGIFIPERV
ELGQERGRVDGL,KQSKAGKAIQYG
ENGFEALLGSTT,RTLRVIEYGESP
GYSKDGVGSPTL,ACASTLPTATAV
AAAVDHIRRDGL,DLNAAFVESTAA
PASPYVQLKADL,ENFFDVKNGAFA
DGRFAKMQEIIR,VFQGSVMSFGGA
SVEMQLTRQRRN,RYQEQRQTIYQS
GLKTWEIPESVQ,NGAALATVISMS
MLHLSSGSCITL,VELLSVVHQQID
VTELREGRQIIE,QRLNLKEQCIDL
SAADEILIGSSG,SGRFDVSRFNQV
ADPPDPGHPADP,RMKLTKHGKIER
IKNDSADNALRF,QNNATFFKPDDT
CGFIYYSRDPEA,HTQKEEQSFLNK
LHQVHPLKIKLG,QMGALRDALERF
LRLFRDQNLRKT,YITNYILENHKE
VKELRAELGMAL,LDYKIRLVEQEI
LNGSQVGRRGWG,RTHWLLPRANGH
AVKLSESEKQIA,VGQRAGEQWRES
RGPNLMDFLSRW,MQQMLFAAKRNF
GLFSLNIFPYIN,NGFLPSHVVSAP
ARGLQKLAVTLE,DLATSGPTRQAM
VGHVIKAVGIAY,SSTGGITGSTDI
EVVLRVGPRTVL,RVYEPLANAELV
GRVSEDTKQLIQ,VRGPEGPVKQKP
VDAVSSIGDEVV,IGYIFLLNRTQL
AEATAKNAVEAR,SDAILGQMKEPL
SSLTSPCSICCC,RILEFLAEPDRY
LALGATLYSDTI,KDRKLLIITPAF
DLAVITGKEPGI,NNNNINPPPRIP
TKEKTRGTGLGL,QQISKTLRLILV
KEIDQQAKRVAS,LSALLPKRFEFP
VDEGICAFYPYL,TTDNAGVVACLF
LAIDCADANDKL,YFVFHDNNSEKY
ALGLDVVPVKQG,MPLLLDRPPKRP
GNAVFENELKWY,PGTAVEDETRRR
DLLINIMKQSNK,KKLCECRGTPPV
ASPATPSAAMSP,VNHRERINAKSA
KHLQKAAPMKKK,LSLLHQSGQQLA
WYREKTQEKVLE,PTLDKWKKPRKK
YPWLAATGNPIG,EESFVSVWAISG
EEKPPPVVEEER,TKRSNWNTSRYN
IRFEKVKIFLTS,NLDLFDSWSELY
IQMWSMLKPYFA,DLEDPPLEIELK
NRFNALGTAEIV,TWIENNPQYIDL
FFTEERGIENDT,VRGDAESSLKGG
CVLPGGGDRDAL,GEYENRKIWSNI
LDTDEHGSVINN,PKEQSMLGNEQH
VNHLRDSKDPGP,TLYLKNEGMIHF
DVSSRFLVVRRP,FTVVPAGGGRDR
AFEALMAALRWQ,LNYSSAKKSAID
RRGDFSVEVLSH,KVQIFVTFYGLL
DSYLGTAGNDLP,DLQLRYGFMSNY
LQNVEKKEFSLS,FIADTAFGAACN
PFELRADEGSEK,QHFLHAFCQPQH
AMQQRGEMAELE,KRGPNNRSARRE
GLISSIEKVSLR,LLLPTQQRAALL
DVGLIEVDDVER,SAVVSDALGMAT
AAALNAVLIAAV,EERGEPGTLALV
QILLYFAAFLKK,SELQQVQGELMV
CNRGIWRCLCNF,EALKPLVNLKDM
FCGDPNKLIDYA,AMLKGGSLELDI
VIGYIESGTNYI,CTCKSRGPVKNG
DKCCKEVFALRS,FQSVDKNKPKAS
LYTLAAPLALCG,ICTSDIFQGKWL
VKDHQKDLKEFK,VDSQRQALAELM
FRESLLVRVEQA,SLIYLPIIYCPA
DSSALHVECSCA,VLPLKQAVSNFL
SGIPVEVSYIYI,TLWSTDPSADLS
GVEVEDKACPCG,AQCPREGCDGSQ
RPAADVRAWTGE,STSCLSPQPRSI
LTISEVDAGKFE,PIVMHVYLTGGF
IYTARDEINVMR,GEPVVELRNSVL
QMEDVYDHALEQ,IYTYIKQLKKEG
YLSCLSNLKLER,AMSKIPQQRRSV
EGQLEFVGVDNH,FNVTYLDRSRVS
FCKFINFIINEN,STGGFKSHRFAM
LIPAGTGMSRYR,KISIIVVIISFT
DNDIVIVNKPAE,IEIHQWFLCISS
TLYNSETYSRLI,TVTSPCSGITSL
AVLDARTNWIRF,RLQGDAEAFRTV
RGSSHSFPHYGV,KRLFDDGAIDRA
AWEQFQNPPQPP,EVNHVLTKGQAI
YLCIKPSVLLLY,LFVDAALDANGT
HIKERHPEDFTL,DTYITLVGVPIA
MIQQFICKNMER,PFKEKINMRAVR
RYVEEARELGSS,GRYQSVALDIGT
KVKVSLQPIVSK,YALPVAYFAPSF
KEDKEGLINSAK,GASDHLSDLIKA
LPDPAEDNTVKV,MIAYLRGGHQEA
GSTTGGGDAAVA,SSNKKFDCNLLN
AFLTGTGFSGAL,FLPGSPVFSIAT
ETARCTSTNKST,KPSFYWRHLIPL
YEKMPPVEETLA,GEQREATRGGQA
LKLYREKIIAET,ELTEEELVDTMV
ALCGVRIGQSLR,TQRYVVVVHRAV
IRVWCLRTCAPI,LGHARWSVSPDR
KTIAEMAGYGIR,INNNNNNTNNKS
SDLLKDDHQEVL,LLTNNIFKDQQR
FTQPKGFVFVPS,RTDPAVQAFARV
TDVKQYMFDACI,AAPGLEGLAEQM
AAFDPMVTPKGL,TQVFRSTDGGDM
LGVLSRDVAEHS,VLGTIGQQAPTA
GDDATIITANPA,DRVNGIVETITE
LKFGTLGFTVGH,IGVLLEEKSKEK
QETNRVYNLYCT,YTIGFLRAAAMM
FGVASVCLSKKS,ETRLLGKKAICM
TLTMSETRSDNI,QNTEQNSHGKAY
CAIKLMKKPDAD,TDITPDEAQQYL
SHSKIALSTMCF,LVSETVRSMAKP
LFAGMCNADDTI,FYKSSSLVGRSL
GSKEAKAALKTA,LVSRGRLYFFLR
WSQGVYFVTVTA,FIVGTILALNGG
FINAIEGFVRGI,STLCQPYAGISQ
LVEDEFRAARTL,GSSSPPVALEEG
QNIGLENVIHEL,LVRPEALDPAET
NLTPFTDRRKSH,RSSFLADSAPQQ
VAETGVDWLSVA,DDDDEDCMYEDA
TYNVYLQDWLTW,ESTTTGSPVLAV
FKSANAITTLVI,SGSKKTTQALSR
GYEFVKLFARDG,HDKPILVDFWAE
EHGRVVAREPGA,ALETLTVEFDHR
AKTFYQLLGSGC,PECGFIIPLMPI
EPVSSLLFVAGV,ADLVGELVFDDL
TPTIPFQFLADL,QETAREIKMCIE
LFIECDLYYLTL,SNNVLSVAVACS
VIDPAFAQNISL,FDVPFAFGSHLG
VSMKQYITVVGV,DFVKSLEQHSIL
GDTGGDIAALKN,IIAVVISFLGLV
GVFDIGLGDIQS,TKAAMDKALAGQ
DYFFIYKQLRIV,RRGIWRYTVLPG
GSAFLSLALLIV,KLAPREKKTNWL
LPGYLEGLRILH,LPISVVHDKIQP
ADFSKVNLRTIQ,RHRKGPLRRARE
MLEQLYVLFWFP,CGGEQQFADLVV
GINAVNEKMALE,TIPVPGPSPDPS
EEAERIAKEEAE,DEDVILEASIAG
PGFTMALFDSLL,SANVNSGVKLGT
SHNWTKHPLDTS,KKTWVQFADNAV
GVVQIKEANNLK,MGFKDLFTKKNS
NYAFVVPPHYLR,FSAGGHMASMLG
IKIKNVEANQKQ,EAIKEVKDMEPF
HCMMLNLVLHGI,NHYQPLTSTGRG
AVAKSQLTPALR,EITDGIEAGAHV
TSYVFSRKDWSS,GNFSSAGPQNSC
TAVVYAAVILFC,INWEEYHHISLN
TVHLMREGASPL,KKIHKKVHFFLM
LFGSRGPKIEAE,APLFGVDFATST
DVHSLLCNCCLC,DKLVHGGSFVAE
HNQLCTFKGNVD,SSDNNSLIPSEV
GGHGSGGNGHST,HIEKLVTIFLNA
AGRPESSRTTRT,DIAVPNRGTSVP
ALLGLMINKDKQ,GGQAFVRGINDS
RAMYLELLFPDL,VSYFLDFIEANS
ILPLEQDDIFKI,SNARVKFIQRAQ
HGGEIAANDKEY,FIGTSKAHASAA
NLLYVVYVLLHS,VSGVRKSKAGHR
AKPVVKAIVGRS,KASDIKIFRRDL
YSGGYLAAFLTV,KRRQAAEKAGLE
DDYILELGVFSC,TPAEFIQASRAG
PSVDFEGGVRTL,TLRATDPASFKQ
LIRTKTSGKTCH,EKADVYVERLVT
AVPVGLTVAVGQ,FTEESMKLKNPC
DELLGGAGADTL,SIFVVGFWVLDL
SSGWWKNYSFIE,AANQDATEEKKI
NPGDRELGGSRV,GPGKTWYHNWIF
LVILLISYVAHV,SAERFFVAPVVY
DAEELDTFGLLA,QLSWSPIGAIMG
RLDWDALSSRSD,ADQEFEVVAKLR
ADAFLNHRLRDF,NATMASTSAVTA
FGNSTDLEYFYV,VLNSIVKTEINN
LGIDMEPLKHSL,NAACSNMSRTSS
MLDKGRQNQLAL,KGALHLRSPALH
RDAIAYWEANTC,IQPDISREVVAR
KDLHGDKKHPFK,PVRAEQTPAAPV
TYMEPITTKLSG,GNVVDKSSAENA
YKKVLDIEHRYF,GGNKLPFVALPP
SVLGVFETDDVC,DEVKKYYVSKIE
DEEARKLKGNQQ,NPFSFAADHDGK
NNYTYYFHEFEV,PRLREPVTREAS
EVYIPALVSAFR,KVLLFIFIFGVL
FTIFCITLVAVL,VKNSSKFKDQTW
LQSKLGLKLHMK,DASLKAMAFIEG
QRSKKEMQLHVN,NLALSEMSVNAW
NSLLRQVSSLLR,WSSKHCRRIHWS
WNDFSIEFSHLS,SKNKKAPTTEAL
DEEMVLLLLNCL,PINPEVPYNFPE
VAGVGTEDAVAA,ERIATGFGEHYF
KRYPETTLDAYS,LYNGERPWAAAA
SLALYSDFFFAD,GLIILLAVQLAF
PFQIQRIMNTQM,LAYRISAAAMRS
PNPNPRVQALLK,CRKLDYQYKIVI
NWSMQKPAHLNI,GWANALNRFHSN
VCCVGLLVGFSW,DSGKLEEQLKAA
AISHLADTPGTG,RSRVAGQHAAAA
KFAALSLVLIAP,ITFGKDGRQEIR
HKVAVIHACLTG,IAVIVLVIVAIM
AIIIDIKHGKII,RETLAEAKSVHL
EKHAKIINSNAL,EDPNSPDFYELS
ILISVVVTSFVA,GAPRQPSPKEAA
RLSVDLGMLDHP,VSMYVPEPTFTA
LESKWIMLESKK,AGVAKRKAHSKA
LGSMIGAGIFAA,LPAAAPAAAQTL
AKLARAARNATT,VDDDELFRELLC
SSLSLLIFHFSL,VKAHYTNGLALE
PLGGCVRLAGDG,NKELSTFTEMHN
TVDRLQLLNTVD,NFSQLERLVGDL
GLYRVVSGCVTL,EEDAVSEVTVQV
VVLKRGYKTRRD,DQSKTSFVDSIE
RTSTNIRYYTDN,VTLPQVMRTIVG
TVADVHRKTAAS,QIEQPAPAPVGR
KDVHPILVDFGF,GRTALFHAIGNY
YAAESSEIAKQL,GPYGPNLEITDR
SGIPDAVVLRMR,RKASSNYRSHNM
IAGAGASSYVLT,SAVLIPLIESSK
MQLFAEKVIVTG,VRIGICCDDTYK
KTQLLNRIIMKK,PYKCTLLANLRY
DTPAVRQARATE,DRLYIRLEVDKK
ILLYRLTSNFQK,LPASASVANKEG
SYSNLLSEEKKD,GVWHLWTCEAGF
SFALTATVSGTQ,RQSIFRRCGGLY
SVLEEKKLPQSM,SIENKMISKIEG
TNTNSPTTTTTT,PIYLIAGSNANS
LKHQGIHELLYL,VDNGIEFKTHHT
RNLPARSLTDAM,GILLFLLGLLLA
TGFLYMGEDGCP,VYAECSALTGDG
VTIPYLTPTLYN,RKEANSRGGDDD
AEIAIQVKPKYP,QPQKLLLQFHNF
DSSIATGCAEMF,AERKHRGVGRGN
LNSKRDKSLFCF,SEFRFIRLVGEI
CCRDACDAEVEE,GLGPTPDDLSAE
VSDGLFSPSLYE,INEEKHYMIEVE
TAILGFAEILLN,MLREHPYFTRKR
YGKLDSSQHSDS,TDDNDLSYVKKK
KYTSKGKLSLDF,GLKWSDEEECLI
DESLFQELEEDE,ISLTTDGRPDKP
RVGVGLVLSAIS,IIAVSTPGVPKF
WMALAGTARHQA,NSSVSDKRRNRV
VYDIGRGCAVSN,GQTIGNRRPLRV
LQSMIEAVGYQD,TNMPLDTTGTGD
SELDRVRKQIEG,FDAXISVPKRII
FVALAADSDTEW,LSARSGVARLVL
VLVGPAWCSFLC,TPHNKEAAGLII
KTYLITKDTDTQ,NITNHIETHQLD
QLSEGSISGCID,QGRTDIPLNDTG
LKYKPGDAVQLK,VFAQCIEQHVDQ
EKGLPTFAMELG,CRPAVLERKFCE
KVFYVDENKIID,LTTDRHSSPTLN
LLDENSHPRVRK,TTEKIINRLPEF
IQDWRQAFTKFK,LSLFEEMLPTTW
VDKSMVKEYERL,VTLILERLSWMD
IKKMELKQEALD,EKGAAFSVVGDS
PELLRPVVQAGS,RTTLVVTVIAAL
VCREPGCDFVTR,TRSRATDESGSV
FLAFLALAVTSA,VIPFFFGVTDRP
GPDRQQDSTTDG,FLDERKVESGDG
EDEILANEVELE,GYPVRPASRRPD
AFKEGNKCQSSV,NQQSEEDKEQEL
SINSDDIQVQES,REDLLDPAIVRP
EDAYVNIQEACI,FHAQLGQAVQEQ
KDAEDNEVPQAL,GVAIAPARTLHP
SLKVGIVDQIPK,FYFRVLPLCLDT
LMNTDDIVEELL,QNLNETCAQVSL
REHIQEAATKLW,GPLLCAGSALIF
EAYISCRNVATT,AATSRLRSKESS
LEGRGISLQRYM,GKDVVRVLNFSA
ELQHTLEDLSAR,ELRVRVLNAKGE
EQAAVASTAQAA,SFFGGIEDELLR
ILPFDIRDCRTY,IPGGRDIEYATL
YQFGVATTGDLI,NWTAADRETLGR
TRPLGEVNINNY,VKFVCVLILLIC
LKAYARERTPSP,TRVLRCRCGFQL
DGELADLLNWML,DAGCGEVDWICN
EGRERIRARMKS,VSHGENILHMRV
THELADKINRHL,GCGAGGVSLQLV
VQIPAGTKKGDL,CSAFHDAYGSGF
GQPSTAQSSRIP,XIRPTHSHLVSA
KKKIRDQQSLLY,ELCIKDTEHRFY
DDPFKAHEGANV,QKRAIFTICLAT
LCEIVGEAKRGG,NLLSSAGAHQVK
ILQNMRGTSVLP,IGISGKLQSRSY
LNHNENGVVKQT,GAFAGLADDAAK
ADLPDVPSPPEV,KAGDIVQNVRVV
IDFIAKIKKLNY,FAADGVDNVVYM
SADEMKFTNPRT,NKMLHRGLAGIK
RFYHSERHLLDI,GYRDDFLTRIPE
RKKNSKDDTLTS,QTTTLNASKPRT
ATLEYVRGEAVG,FYLDCADVFIAL
FLQNFVGRSSSS,INKESKESLLLI
RSVITSITLEYS,MTLLADTVRANA
LCKLLLTEIHDI,VVLLTFNGFILN
LSARFRLPSPSY,HDCRRGVDLPHF
RVYGNGAIEIKG,TDTDQVSRDPVH
VAFRTAEGSTQG,TEQRRKSLEGLN
LCQAGLQQVAIV,CSATYIGETEFS
VVVAVPGAVAAT,AAERMALLLTEL
MEKWSQQKNKTH,QFHDSSGTLHRF
TRLHDKCCRVSL,LSYVRKISDVTG
HVARQKKKSEEN,TFRILITAFKCI
TWGQLISWAPSF,AIAGPREDPEVS
KTLGKGKLTTHG,RAKILAKQGKRL
ALRVGDTIERTI,RFRNVAPIRIEA
VSVIGQVTEQGR,IDKRSKEKYASQ
HREYLVGGIAYA,SASLSSIGSMDS
TLVIVIHVMMFK,NVPNKYAKSPRK
APVTRALTTATP,SLWMILIPVFFV
AIDITIPWSNGS,TSAPRKLSEMNA
TRNKKPPKSVRT,TGASDDPLVRGI
IDISVRMFENIN,AQQTVATGKIVL
RAQGKWVMNAKA,TQAGQHHGVDTR
ELMNKVFPNLRN,ESTAGGPEATME
DSCSGGSYYFQY,NFAVREATLAPY
ILCEQTAEATGW,EGLRVFGRIEKT
LSTLAMTESGNQ,EDVVSACRENDK
SGHEIASHGYCW,ENVSRNATVKGA
VVGALPDTAQVG,SKPYLGDLSSQI
MNLQIISIIARR,ALNNAETDKKEA
MSWLHVTLAFMN,TTSAARTGAYPP
CSQEERSTAMGV,AGSCLFLQPPPR
DRPQDIYTGVAE,VLEELVERLGLD
DNYMIGYEIRED,VLQPTGGGGRGV
RFRGVLSFTDAA,SDRPPISRGISN
LHRAEGDLWNAN,VCRMEMHNDQNK
ERALSDFFTLDV,VGCAGEDLRAGL
SSARSEALSAIL,YKIEDDDFRIYY
FVDVKGGRVKSR,HVNTVLEIPLVQ
SPAQSVYVRSFG,HVDGKSYLIAID
GFTKKNTIKETK,MAEKALGLIEDI
AGVTSLDFRVET,VPPRSSLSFPSW
HKYTRQWSLPES,GAASRPDELGLP
EQGIPYTSQIFS,RDEKKAREVALY
IGGSFIVENNGL,DRGIIIRDIWDD
LHRWPTGRGESE,TKQGQDALDHLK
TSNADVATTLSP,ITEPAPRGRYVA
FDPLLLQSIFHT,TSGNTFSLQTTA
SKVQGQHNQNNT,LINNEISYLNNQ
FSFYLPRGGEVR,DKFYEKAPTAFD
VFATYGKLRIFQ,EQHGVAVVVSLR
SPAADNPRRPRP,EHASDGVQLFAD
TGNHRTQYQNRR,SFVVAASAQAVS
PQHPQGRDTDYE,SVAAICKMLRGN
NINDNNDNILSL,QSKHIISCVPYA
YDAEIENLQEKL,FTWNVTYGTISP
NGMDWDRLGETM,STKTQNTDASED
KTARIDPAWYMY,QAADLLPTLTQS
ISKKSKRVIKEG,LMEAFLGASSGA
VLYILWCGQRTQ,RECRTTKLNAKL
LNRRIRVFFGTS,LAFQAEQAFLRR
SRERVAATAGGR,SQWLLAKLNQLS
LEAQLAQTTDKL,RLYSVGSVKVLD
PQLYCGCAAINQ,LKEAQPFKVESG
AIKVNTGTAHRV,RNCEECQRPLPL
RYCYSVWMRHLI,ADGQFSLTVRAY
FTDFPVYKNNAD,VNEFNSIFPQSA
KGLVDFDEFKIR,PSFVLCFSKARM
LGGDWQNVDCHP,RHRVSQRVGNVH
VVFGFGLDELAQ,QGDAAEIRLGGV
TDDNTWGYLGSY,EFANRKIHLRPT
PQVVAVTGDGTN,IPHTNRHFPPIA
SGTTCTTTKSSP,YDEGWPPNSVWR
DDIDGTVFGDDG,LLNLDYEGFGFP
SEGGSQQRYLLK,VIEELGETDAPA
SAPASTAFLLVI,LTPIGELPSFKP
STRDAATTKWIT,AKKKRKKKKAAK
LLESDDVEASSA,TERSCAPGFQTR
SNRPLQLPLPLL,TCLGISPPPSLL
NCVTSCGGVKVP,HGSGNHNHGHGN
LESAAAAGERGL,IVNGLNSRGVVW
TLTNVSSRARIV,DCLPYQSYKPTK
VAAVGGKVLVVK,LAKLRAVNVDIP
PPASSGTLLGSL,TKQLGPQSPILP
TGYGRVHILDKD,LTGATTVAAIAA
DDIGNVGQYNFA,ASSSPAPPAGPS
AELEAMGQAQPP,TKLRVLNAACDE
NCQYESPLSFRN,AFFIRKRPLAVS
SLFIRPDTPQRV,VEEADYEQYSGK
LSQSTHQHKPRQ,WQNIADRLTDNM
EDRRGTGAPGGR,LRASRWFVVLFC
ATTLKKDKAPIT,IAMTLTGFLVSH
TTVHNGNGLAEA,PYLFIHWRMEGV
FKEYLEAQTAAL,IGSVNKKLKEQA
VSAMRQAPTMQD,TVMGAGIIALAL
KVELHVIARKFK,TLIKNKVRNQGK
LVTIWLEKQNEE,RSMPEWSSEQPV
VPPANVTFFPHD,LFVHTRGEPIQN
NEQLTQLLQKFW,QEKQKKENSCIL
NTVYLKAREGEA,LKMDNLATALFE
TSIIGVANDDYE,LVISAANGVVGF
FVETPAIPTSSD,NLHNKLIVKMAR
DDLSGSYIGLSI,REKDTYGKMFTS
NRGADARETVDA,ISGLPEGTMLSA
QRISELETKNAK,IQGLLDIWIRWQ
LSKPEPFTDYQT,GHYAYCRTPQLE
VLHDVLINTKTT,LRRMQQADSIEL
VKPSENNGSVIT,HPIVRADLRADK
SEVRTSADSFWQ,SPRDPPSDPLPE
LICVGACRLLPL,SPAGACTDAELG
SLSTADSLTFCF,WDKDRLEEALKT
GEDENDLPYKID,GAYHRRCLDESN
TVTAADADAAAE,VYRIYANRVKSF
AGGATAAGLGGL,LAPISIIGLIFY
GPTGITGPTGIT,CRTRILRFGDEI
VPKDEGQEFAPR,CDMVNTQLSMFN
YVFAQIGVNLSR,VYCMPLLPPKVI
IEITVSAEQDLS,QNAIAXGVDKAQ
ALVLFIVDIFAM,LGGRFEDIFSFD
SDNISSTTSVSD,IPSVTRPVSWST
VNMPRLCGALLH,AILQEIAETPQA
TLMSSHLRKETC,FYTWYESKQVYA
HYTELSPQEKGK,VQQNSGGNLPGF
QQPVAMPQQPAA,SETYFVRAADAL
SMMKFAKELRKE,DYGVQQDDIYVP
QSSDTLVTFSVS,CDDFDSALYRAR
SLSQLSDITPEE,LSKHPNWQLRAR
QMRADEMTRLED,REQIEADLAGYV
SNQPTSFNSSSF,KLIKQIKATAGN
GLEKGLKDGLEE,QADLVPGGEVAG
EWWPAVLLEGVA,WWLALGARIFEV
PQRAFFIKESRG,SAADDNDFHVCL
AAVPVAVAGLLV,NAVGGTLVIVMG
HSQAHQVSLNSG,AVLRPIATDGFR
GGLSQSRVVDVR,TCLPFFVLLILN
LPAETVRRIDLV,VKSRALGKDLNR
HAEVIMEDYDVL,VNELGHEMALEQ
YLEQVEKLGSSK,TITAHQHQAPPN
PGRVFGFDVVMT,TLSFEGLLTVIK
GAGRTDGDAASY,NLSEVVSEANLV
LKWSESISNGKY,LRSFLEKPLDLG
KPSTHIMYMDMV,FYYQQHNLYKLP
GWDILWWLPTDG,NFEISIDNIIKQ
GENDGENKDKKE,GLALDGIAYQIT
NLQEKMKSYRRQ,GHVVHHGGNRLV
RPEDRDVFASDH,KGLSCLIKLEQY
LKLTNNISDKHG,MKDTVTLITGAA
KAAIGRVGTIDE,NVIGMLLSLVQL
QQVRYENARWIA,IGTALYTANMAL
IRLIAIAALAVI,FFMNTTPGIQIQ
IILTSGATSYAA,KGRQTHFSDPGN
FLLQAKMNADHG,TPNSPDADADAD
DIENLHEFSLMI,WLTNSVAAVITT
KLGYENNTQSDN,KKTIYSRRKFRV
PDSVIEQEKSVY,KTALGSDTGTNI
QACLLFYWPRVD,VAFPKDRRLLKW
VFGDGQGITHKT,FTEEELLKIEEV
PVIQDTLPTNDG,ISIMTAGIFAGI
YSTLGGRLQRVP,DRVDLNRRYLSP
QDVVNGFDFVLS,HDAFTEPFVWNK
DLNRAIAMAADA,EATLIGAVTPVL
PAPTVAVCDGGT,FFVEPFTYPFMQ
KFGGGALGSAYP,IGSYEVWCPKEH
LRKENWTSNPAS,VYPYYPLLGIAL
GDRAALHIVERT,QDELLQIDCNED
IMGRLTFETKSS,FNRMSMLWTVAQ
KREELPPPRFHD,DREWKKEKSFNK
KAVSSVPEYTRS,EKRATAPALPRL
VWLILMILLQLV,ELFADIPKIQWP
ILAQDFNLGKWI,WRVDFQGNERRF
PAAGLLSSFVVA,KHNMFWARVNGD
AAAFQHQGNSET,FEEYVAMMVPEL
TTRWPGPFPSSS,LKSYPTWDAGAA
LIQYQSEKVWIR,NAKSKNNAYICL
RHIQMLRKHPIQ,VQETFTDMRVGE
INDVLDDNLLDW,NMTRLGSVLHMA
VCFREVLDAGDP,RPGMAGEAVGGN
AGLLLMPAGFAL,RPPESGALALPE
ALVAAQATVASP,KSLTNAADERVD
FKGFSDDRDQVI,QISRNEKQWKSW
SFAAKRIAEKII,TTPLILGAEKNV
YQGLPSGLGQAL,EPACFSGFRSNK
AVRISSAFGGNV,SNLFFPGTTFSS
KEKEIHAQYVSL,PAAVDSANFDKI
EPQVGLLCLSRS,LSDTQDPTDGND
DKNKRVEGGKEL,QIYSTNFCSSLS
KREKLSALVTAD,VVVRTLADLDRL
ITSNAGRDKYDF,GKNPTQLSAKQV
ILGLHFVLPPFI,TTNGKLPELDRA
TAYTATFLFFQT,RAKKLRTSYKQD
LKISNANYVHIC,GEAGCPASVSRV
FRKPFFLQGGAF,ICLIASGHLPGE
TGASPTVLNCAF,MEGLGVLQSVGD
KNCTVEEMKALI,EIGGLEHTVQLT
LIQRLGVKSAVP,ENTNLKVSDILI
LTDWHKSGKFFE,LAALFAQVLGVD
EVTLVTMSEFGR,FNVFEDALELAL
RTRGSSGRRAMD,QQSQQXQSQQQQ
TTVGDNKRRILS,PNLDKCFWRKTP
EAVPFAKTGGLA,VFQVAATIFACS
SPSTTSSKISIK,TRLNFISITEEI
GIDEFSVRSLKN,LDSGRQWLADYA
SMTSTDAKMLYD,GSYIFAASSLYT
YKVQRSSENRFR,LDFGARSATEPV
FGLVDEQVVSQL,PTKFALVVNIKT
LEADDDNPHILG,VATAMCPDESIV
GTHLLNQTAEQT,GTMTYDKNTHGT
MCFVFGRKRNRI,ISAEKVEAKADY
PFLNVQCKESTK,RNKYSAWTDKIL
FNEILLALRLEK,TELVEYTQEPEK
DSCLSAEDKELY,LSVRGVNDPGKT
SFFEQHHHFGLD,LKHRLEIMSQKR
NKSTLINILIVI,EKEIHVLDILWF
SFNITMDHSRHD,DPALASITGLIE
PGIISIILFAIG,VSMPCSRTVYVE
RPTLVSSDRRFS,KDVVSEYTFYAG
AGDIDLTYVRIS,PQTARAQGLHQS
YVYVFSSRRQTI,KVNDEMMKKISE
IKASFNDIFLHQ,VALGVPLSLLLA
KYIYDNGVSLSD,AEEVSDLPLPQP
TALFRLDDAFYK,VAASEHIGRAGI
GHCGFYRENPVE,QNQQSLQQIKSP
AGQLTVFFSYSY,SKNIRESDIFGR
ALDAGFVGLSSQ,TESWKKKSNKTW
HQAHFQTTNFNQ,TSKVKRGVQWSP
LTLVALWNDTPR,LTSQLLRGAVTK
AIGGLLLTVSAP,TTVNFGFNGTSS
FSPCGRYLLYVA,CDDRGAWYWDNY
IIEQDGGQSHYF,SWGATVWIYTAE
ATTASACGSCGA,HRTNLASVILQM
QLQISRRPIGKA,YKKTDIYSLGIT
KLSKIIQMVLCC,SLPTCDYISLNR
PINHRAEAERLL,IILNANQKQTDA
IDNVLNPLNPNL,VAPPSDTATAAP
ISDRHPALLRSV,LDRFSRRQAMLY
QFDQILIGIQAK,VIWQQKDNQQFY
DKKTTGFSNAHQ,DLSDLDDDVEIE
RATRTQPLSLAR,KELRDDYHHDLR
RIRIGYNGSRYE,VTLGITGALAVA
QQWHGYLHRQTI,CAWWGGAPKESL
RRHVVFRRERKR,FIAFKLGAYSED
IISNLKRFYREI,VFGLIQRHNAFQ
QSFSDLTEQVRN,VLKDEAKVGAIA
QPAIYKDGQLQI,LNEQNATISNPT
PDETLSIGTLSQ,LALRSLAPRAGC
KASLVVLGRARQ,SCYACMTIRKRV
ALWMEFNQGRCI,DGDKIIIQKMFG
LGESLAKRKIKL,NQKAIPIGKNPG
LATSENYTAKNG,WTVELLAKVAGM
EEEMRAKIRARA,EITAEMGGSPEL
AAPRLVVNYRNQ,ECKQKSEEYEKE
VYIVFTYGLRVP,YCAATWGLTGTD
ELRKVGLQDKLN,GARGFLPKSVSA
KERVTMINTYLA,VLSQVQLQESGP
TCTSASRTNLLG,FNDDFTQDWTKQ
APPALLIYLPRD,QPFAVDRLLEEL
EESVCLDDESFT,ESVPAANIVENE
EEGAPKEHVAEL,LMIDVRKMGASA
VNDVIGCGVNLA,VELAGAVKAGDR
KIKREAYPFSSW,TVGLCFLVALAK
LTQEKCAYLWKR,SRQKIQLHSKLK
TVQGGIGILNNP,DSLNDDKIHQHS
SDLLLIDDRSEE,VQMGKALRLMRA
KPPVKKLPPYVS,RSRSTFLPSCTL
VMYFLGWIYNTI,AVKSCTQNFNER
NYTFPFVVVLYL,AIKLRKEIPIFV
MVWTSKFQQLNH,SFLVPVGIILTA
KELQKINEALNQ,SIWLDIEKIVEK
GRQFAPGAATVN,GAGQEDFVSMAP
ICPLNEAGKPIE,GFSHGDGVASNG
LAALASLVLLLA,KSILLQDLNRKL
GDDESARALAGG,WLVFIIIIMATL
AGSESVRKGAQV,ATKGEVYYENKP
SPIFELNKGIRQ,ECEECVRMLLSD
ILKNAAANFECE,EDVDLIGRTITC
CNQAWLASHGHV,IQRLSDKFCYFL
SLREIPLQELLP,WIDLDPIFGIIV
KARENVKQQNEA,LYLRSGLSLRGH
LTYFFDVALVFR,RSDDIPQTVSTP
PVIAKHFAGYLG,KKDHDPKPAATQ
SNSAGKKRSLPI,LDLEDVPQLDIG
AFSCYYAGNFTG,TNWQVWKEQPER
TAEAAESPLHPQ,GLFNELKTLREN
FGIGIGDWRLEI,ISYARHSHNIDL
EDALIWDEQVVK,NEKEISTSTNLF
DNSAQVSLRRLI,DLSEGVSKEHFL
SRAVQSPTLSAS,VIDFPVPPMVIQ
RECSECLPFLKI,YFWAQMILAGTL
GPGGRERLGRGC,LAAIGSSAVGAA
DPSNIPYCNGTC,ADNIPNKLNTKP
PRDNFQFANRSF,LIKPITKKTVGE
AAEVEGKAREAL,QNRYCIENRAAD
ARFEKFGCLPDG,FGNGGNATFKAP
GSLNLLFSTCFP,LASSIVLSLACS
KAEPEEDAEAIT,LELVPLEVRDKV
EVIHNAMFLCLK,NHFDVTLVGDGH
VITSIEDKASIQ,IVLRAFSSTVMS
GRAAAKAGGVRR,AMRFVHVPKGNK
LDPDKGDMKVVS,EERLLSRILERD
DGILQVNKYFNF,LEHDASHTSWGE
SLSDVIINDDVF,FNTKNAKKIMHR
SEMCHADQVAIR,NEKMRRSHKGQT
RGYGVSYIISGE,LAIALELKLEKV
YVHTINLRGDIS,PSPTPSASPTCS
PAKSVTDAVRLA,KRKDLWYNLDVM
DVLLLIPYSVQS,YDERSIEAVYRV
LNKLVYSARNEK,HLSFWGKRQDVY
HPVELVLWHVEL,ESTHAHMCLLRT
ANPEPESEPSME,GTPGSQTDCGRV
IIILGVLLCALP,LLPGTLTAGLHD
ASDGQPQASTAI,GKFWWDAWLNDL
RMILDPWLVHRD,RGHRMPGEVSRR
TAGGIQAFILLG,RCLGRPAAQARG
DNSYTSATAFAN,SDERSLICDLFD
TIAEATQRHQAR,SITEALKKGDTV
QVSTSPNRKTGL,TTLANLPVYANI
VQDIFLQLSVFL,LSVIEQEDSIPL
AFQDLNVKCETE,GAGSNTYGPALG
HSKVETTATKTL,PTVGAKLYTVAV
HKYHSKSLLKKP,APQPLSERSKRV
NKFLNKNIDNLR,ATEAAGRLAFEE
FDRLFILNLANN,FRGVDWEAGAHT
PDFHTFCRALDT,PQQADKIRDVIH
VVMVVSCIQASA,DFDKYIEELKNE
SLFDDLSDTREL,ELVNELMERGAI
KSSKSGKGSSKT,WTYSADNGQAAI
FQEASSKIKENN,NQEVLIWKIAAE
EKLNRLDANSKI,IKLKLRNLQQLF
SLIEHFCWAGDP,AAKHRCLSWKLS
IESDNIRKHKFS,MYFFNPDFIIAD
AWQKRSEIMTLL,RELYDMLDPVGQ
LDVAAQIEGEHR,IFTNEDGGTATD
SRGIHAARPTER,VKNPLLEVIRED
SPGVKLEMTVRN,QTAVMLDLLAMI
VFFASAFIWVAV,TAHSPVNVYPPL
IAATDLTFANPI,PNSESGAVSRLS
DDLVDIKVTATK,DRLTEDEYTKLT
KLHIGALNYAAA,VVLTNTYDGPGS
NEDEDEQTILSS,KPIIEVSSVIVG
SSLVTDESYFLE,YSEIIQKGFKCL
LFVELDGLDART,ARDRSDDVARYI
LSRDLDLESENS,IPVKLLHEAAGH
TILEGNDRLVVF,FKLNVPNEDSES
PGHIQRLMEEVA,TNARLDQAECNA
PSEVKVELRFVP,QTVLIPDEGIDL
TGDNVPLRKLNF,SWWRRCLEQSFS
VLTTLWRDDPSR,LYFYYQHEQSTV
SVIQLTPDDSTR,AMGGPWFDRVIA
AFLPAADHAPGP,QHQFARQFQVSQ
SGWLSLLPQVLA,NMGQLLSVPFFI
ASDDTQPFDPIT,AIIKIWQISDGH
LAGNYKTSFHGS,LTVNTTGDCNSG
AADGRPVILFQH,YYRKVIKMNPPY
EELFFRVKWPAP,VEELDQWSTELQ
TPIFVRATDYEQ,LDEYPFEEGLVA
LLNAQTPWSGYY,EMKDVSKQYPAV
GMGIGLSICNSI,ADDYFDAMQRKV
PPLSPHADHRLS,KTGNTIRYNAKR
AEAYLVGLFEDT,GYYATVFHELSH
DASEAVTFDSGD,QGLRLQAELPAS
FYSIDNLVSIDI,DGDEVFKKISQR
TPAGAIEVAALL,DGIWATHTWDII
VNTTTLGMNGAG,HLSPTLTVPFSG
RPGYGDGRPCGR,NFKGLPIDEALR
GVVPIILAWFVS,KLDNGARLMRRP
LVQLLEQGSKPL,GKTALITAETLG
YEVLEEDIYVYV,AAGTASIAHCDG
GAPVSEEPASAN,IGIDKSIKIEIL
RKWSPADDEVLI,GSGSASPGVPRD
NSKQCLTLLGCS,TEEWFERAKHDI
KAGKEKQAGLPD,TLIEPPPRRIPP
VQAGSTATQTQF,LAKSLNLIKVNC
NDPTKESVTTPP,VAEVGTTAAIAA
NNRRMLCLYTSD,DVKGYAVDITRI
LLAALTALGLTP,ARGTPPRAQPPR
LEHIWDNEDGLV,EAQRPAGQRVRA
TIIFLYMFHIST,RTDSAVKRAELA
GCMNEEKERLGL,RPGKKPVTVHEL
RKNYNNHQGQQI,WGDLDAPYERTK
RPKWSFHGKGIW,GISGAAWSNIHY
LIIGFSLMIVNF,GLTGKPVRVKLK
IMFHGATQIQNH,PTIQTMFRHLGS
LAVRQFPKPKTI,RRNGFWFENVYN
QGGDQAETQVRA,HVNAGYKFFNNG
RLVAKLLELVTE,MFNVISFFLTVN
RLWLPCTRHAFL,GHMANFLIKKRD
IFLYCHTFFNHD,VYGAGRIWSVDC
QSRVYHSADRGR,TQTGRTETGSRR
SEMAARGLPGAD,VDNPSDTIKCFV
FQQIWKMNTSPK,ETSEPASSRVDV
GAGGEPAWSNSH,LTNSLMTAVLCL
GILQAKAMLEQP,LLSVSLACTVKG
TATGPTEATTGA,SSLSTSIYTKFY
KKYTTSYPVAGH,WVEMLPYAANQC
NSNLKDTRLIVC,IPEGERSPPSSG
GTQLTQVEAPRE,GHLFPSWKQVGN
IATGYLSSFKLV,AAVDASHRSEQR
IPAGLIDPDEDP,RSSITASSSSLM
IGAGIYLLSGYY,VAGEKKVRLTTK
STYYAHLKVRSV,DTRAQKEFEQGH
KNNVIDYISDNR,PPRPPLGVPSEL
LSGSGKENKANG,YENISIILKGRI
PAESIDLIITDP,ATAIEKMTKKGI
YGGYNEYGECDR,FAVLNELRSEAG
KENYRKKEFSYS,FVFDEGNSLLFL
EYHKDFVVDEDG,KAEDILIEYAKT
SERTSSFTEISN,KYEEAAVQKRSC
FLASNRASNKDE,TQQLKEQQYARA
TKLRLRKASFIP,TPEQASCLNDIL
PSGERLAVLMKG,KEKLGSKVYGEV
QASTKIECFGTD,RLYAHGFLLLTP
GTNQSSFLYEVA,IDATLPVTRLLA
KAEEIRIAQEKL,VQFSALLLLQRM
NLRAFRERKRLM,IYDVMDYITMTN
ATGAVSGPPGLF,NEENAASTRYIL
ESKQIIADMTPL,SILLSKRKRKNN
GIAGIALQAWFL,QELADVLGAFAQ
