word1,word2
giraffe,hack
ringing,leek
spald,disoriented
burin,humorous
actress,omitting
declaration,abandonment
disastrous,male
spider,presents
information,patient
equivalents,mussel
pageant,salvation
accepter,soke
roam,erk
orientation,Yemeni
typhous,assassinated
unbeknownst,healthcare
dyne,covering
obligated,lyre
vehicles,colander
androgyny,discussions
pheromone,intermediate
executive,strategies
goose,forerunner
consult,administration
wither,kimono
fur,sassy
faring,electron
jibe,successfully
morally,extinct
breast,wade
architect,tyrannical
precision,explanation
struck,judiciary
ware,appearances
drug,act
Bible,important
sufficient,winked
preferable,earliest
attributes,controller
penance,tied
lone,convention
croc,proceeding
hilarious,impossible
emigrated,beliefs
coutume,bawd
smuggle,resewed
exacerbated,notify
jay,lead
interesting,mows
write,conk
sovereign,fazes
effeminate,bark
rehabilitate,pollinators
individual,shit
coop,slumbered
jive,theories
continues,swarm
truly,raki
uncal,experiences
present,aesthetically
Spain,ending
fought,remembrance
recognition,fragment
utilisation,narrator
cat,statues
optimizations,pier
incidents,surrendered
national,franc
combustion,golf
dual,cheep
spec,warp
particle,photography
reach,arguably
lunch,descent
noncombatants,comfortably
exploitative,constant
wheat,boatswain
blend,tool
tax,communications
crisis,leaf
sink,mccarthyist
leather,seizing
raw,flexible
sex,mammal
thine,virus
isle,tiding
soup,vision
wrapper,inaugurated
pronounced,interchangeably
silence,sales
sitten,sleeve
misdemeanor,wear
allophone,tentacle
resurrected,mooed
kiss,representatives
onslaught,they're
guardians,immunosuppressant
environmentally,choir
tocsin,sleigh
commercial,byte
hoarse,frees
grill,cent
curser,Fax
approving,anything
probably,plow
biography,concede
nark,clinically
allergic,rudded
dock,spectrum
advertisements,direct
aggravate,yearned
mathematician,bilingualism
poled,resinate
substantial,sawed
received,impassible
necessity,extravagant
exclusively,orders
session,paper
prevalent,berth
invisible,eat
relation,cargo
potpourri,troupes
shrive,Miranda
rapping,sized
participant,knar
addresses,chew
ho,conventional
acquainted,efforts
depending,cousin
mechanisms,proselytizing
lager,psychic
knickknacks,astronomer
clairvoyants,contributor
ink,se
shield,intercede
service,nighttime
embargo,liquid
seethe,psychological
winze,overshadowed
double,airports
flammable,remove
legislate,campaigns
soar,comparison
CD,cleft
memory,fated
stem,prophet
splendour,boil
sous,elevates
emperor,dramatically
wash,polyphonic
j,Baal
recover,annulled
manners,reliability
symmetric,barbarian
awk,game
jet,offered
hawk,offices
inductance,persons
oars,guys
brut,codling
attracted,senator
bot,emerges
apprehensive,studies
crack,architects
pastime,pluck
reporter,twinkled
intellectual,heal
paralysis,sioux
sake,reeks
Montana,errs
bogey,decree
commemorate,devisor
fore,berries
found,instant
mandates,wrights
slimmest,dissemination
drumless,complicated
coolie,palaces
olio,usurious
constituents,bold
Greece,sieve
airs,annual
tulle,resemble
unusual,batt
location,proclamation
approvisionneur,missus
rapidity,idiosyncrasy
bench,beaver
forgo,experiments
justice,steaks
enter,deport
would,configurable
menaces,talking
emission,manageable
transport,racket
distribution,removed
character,tomatoes
lung,bay
limitations,dollar
terrorism,pages
alter,chauffeur
constituted,occident
spare,innovation
perfume,greet
styles,comeback
department,during
arm,exonerate
comprehends,fiend
trod,meaning
meerkat,signatory
withheld,chare
residence,penitentiary
loot,basil
chaise,ragoût
neighbour,we'll
tensor,pores
but,hike
sister,airless
curiosity,pray
town,colossal
dents,migrate
fly,predecessor
painted,define
logics,realized
terminated,privileges
emerge,photos
cake,buoyant
provisional,civilian
vista,plaintiff
career,dry
rathe,allege
verse,baler
bailie,paring
strata,archaeology
mandate,yews
economics,endorsement
complication,buccal
torture,rosery
hail,robbery
demand,nought
wended,decided
holden,garden
brake,luxe
officials,brunette
subsidy,nonsense
camp,girt
deciduous,albeit
protuberances,two
knowledge,moral
watt,adjacent
diet,metaphorical
secretly,dove
irk,unforgettable
hotels,glass
commenced,swim
scathe,immoral
movement,tael
verbal,sciences
actively,rigor
Yemenite,structures
bizarre,Chou
blade,nuclear
recipient,exercise
fay,sixty
questionable,gored
shea,sepulture
nay,destructive
barque,humidity
style,unite
attempts,nonetheless
sew,fontier
bureaucratic,slaughterhouses
cruse,radioactive
relative,plural
nickers,informed
determined,rheumy
usufruct,announcement
sad,attendants
finals,impassable
stade,apologetics
perfect,rigors
box,pickerel
incarcerated,appearance
dessert,complementing
mill,faze
manilla,defendants
sap,allowing
monster,especially
stair,definite
baker,community
genes,weevil
maybe,dire
stoops,supreme
bailer,acquire
mowed,nonexistence
preparatory,confides
glair,aggressive
spear,explicated
horrible,psychology
personality,crepe
status,hypercritical
ticks,ruined
management,tour
corresponding,phials
kohl,hieroglyph
racked,fundamental
disgrace,violence
messaging,descendence
escape,decline
wynn,Nazareth
vulgar,specialists
Europeans,circumstances
detrimental,safety
wandered,deviser
refusal,dispense
gased,liberty
are,road
independents,licht
quarts,Pharaoh
whig,already
insurance,perspiration
galaxies,report
taught,impedance
patients,message
tomorrow,siege
balm,utilises
raid,troupe
moisture,subtraction
diverse,kindergarten
denote,revolutionists
thaw,caterpillars
priesthood,feal
auricle,deem
require,facts
based,feeze
solid,scalable
completion,rechargeable
drastically,imitated
export,intrinsic
situations,concluded
terne,recreational
mach,audit
preamble,knowledgeable
then,heroes
instruments,inspection
shoes,veins
copped,relations
seller,gel
excessive,parol
resistor,tux
pendants,statutory
incunabula,kill
nithe,hays
forget,incline
subterranean,wreaks
nouveau,meted
oohs,burd
taxonomic,crater
overwhelming,laches
emotions,charismatic
notice,academy
Jean's,sandhi
prophecy,cygnet
associations,referring
eyer,acquisition
me,this
shale,trilogy
adulteress,ladder
volunteers,commando
acceptance,ignorance
find,centimetre
Thursday,lax
few,respectable
chimneys,pineapple
criticise,formalized
went,commonwealth
idiot,satirically
scenes,fidelity
x,our
oppose,drink
autobiography,succession
worried,murderous
juridical,cooperate
think,symmetrically
wheal,relieved
ayre,ferrule
swine,complicate
impeach,abundant
loth,melancholia
difficult,foundries
campaign,evident
client,tribute
derivative,weaner
supersede,elastic
sandwich,throe
unanimous,erupted
hews,peripatetic
reproducible,techniques
item,adequate
sign,parakeets
appetite,deal
ghost,involvement
disputandum,lesson
pare,content
traditions,toy
involving,coyote
institute,unaccompanied
blende,bone
chance,populace
religion,magazine
virgin,gourd
shave,pacify
described,ironically
operated,chemically
rank,meant
recognize,succeeds
fundamentally,privileged
necessarily,epoch
bitt,mortgaged
culminating,stayed
beginners,literary
lavatory,festival
inhibit,surveyor
sit,possibly
problems,fuze
owe,equality
sower,grippe
pas,poof
parliamentary,retire
mines,Sept.
Britain,opposed
endeavour,parlement
subsequently,OK
emmet,gas
actions,refuge
p,shade
torcher,phat
exactly,banned
triggered,inevitable
thinking,votes
block,socialism
monetary,scripture
abortifacient,harassed
criticising,discovery
establishment,wrote
favourable,assent
downloads,per
elude,dammed
conflict,makes
offensive,arrested
basked,incorrigible
shoal,dead
convinced,apron
cozy,attendance
guilt,organize
borrowed,potential
equivalence,relatively
simple,deposit
patten,seriousness
persist,cents
calves,staunch
lich,saccharine
beginnings,leisure
knobs,around
piu,copyright
nail,assume
democracy,interfere
perennially,tows
fate,declarations
belligerent,editorial
leaped,unify
satisfactory,minimise
shope,reigned
libel,surrounds
ideologies,visit
diabolical,essentially
blamed,eyes
thresh,pidgin
diameter,reign
slaught,earnest
bier,products
rho,bean
calligraphy,slim
nee,priority
painter,villain
reports,lust
distributed,hatched
sailed,cour
obstructed,leis
quiescent,solutions
evidential,acknowledging
teem,return
tacit,duct
occasional,wrestlers
y's,brows
Giuseppe,reasons
agony,inflammation
says,lions
percent,micks
reported,yawn
chants,indented
believes,alleviate
conquer,calculate
pubescence,diminish
salary,adore
councillors,remittants
whys,tragedy
Odyssey,traditionally
sepulchre,board
pours,wright
surrendering,dene
noes,students
yolks,body's
reunions,gin
torpedoes,professor
ram,careers
trays,weak
document,paraphernalia
barrel,coup
addressing,paten
resemblance,sewn
wreck,inns
declare,negotiation
number,preference
shoe,fellow
snail,cognizant
absorbent,pejorative
edit,defender
move,indictment
involves,uninterrupted
continuing,aberration
dispatch,want
depict,into
rex,frate
resolved,irreplaceable
interminable,councillor
industrial,lynx
sold,emissaries
fallow,unbelievable
shriven,abbreviation
pere,indulge
adversary,queue
jinx,privilege
resolve,political
basal,infallibility
sacrilegious,perceived
capability,observation
especial,lithe
slowly,cumulative
syne,sang
marques,responsible
my,lively
indefinitely,motivate
savor,expeditions
Israel,patience
attempt,consideration
milch,address
pencel,technique
k,batch
obligations,levy
honourable,baud
functions,agent
fother,volunteering
epochs,loan
holm,nobs
decomposes,level
fined,magnet
Boer,overrate
watched,waver
protest,implementing
counsellor,galaxy
Tim,fennel
main,specifying
caused,sty
prepares,alarms
caries,spewed
consumers,bill
guessed,writes
sculpture,consonants
incorruptible,intensity
shone,sowed
reducing,unmistakably
tomato,dreary
take,logger
missionary,temperature
zero,saint
stakes,wrap
sewer,undo
hell,benediction
plight,scholarship
ru,peninsula
yellow,arbitrarily
verify,noted
many,programmable
passport,metamorphosis
destroy,contemporaneous
seaman,consummated
niece,hydrophobe
dozen,administrative
plater,canvases
bergamot,vigor
dance,syphilis
exaggerating,exist
pall,mews
yourself,instillation
specialized,expedience
bays,given
nonoperational,tourist
occurs,missiles
program,obligates
bat,anaconda
entanglements,friar
insurgents,eighty
charred,bi
technically,blouse
woo,raise
widow,currently
weekly,Gauguin
educate,might
elves,obedience
cannon,crummie
married,wreak
enmity,visual
project,indict
wrests,miniature
travail,cellular
sees,irrelevant
again,hair
subtler,absents
burning,divination
canyon,fighting
incessant,response
minors,prophesy
plains,repeatedly
promptly,maize
republican,armor
period,parade
planer,legacy
oar,chukker
districts,caching
reformed,fuse
offend,rebellions
test,wok
palace,aircraft's
calculation,tutor
ales,complemented
Roman,daub
damned,lea
coaled,learn
consternation,council
diphthongs,babble
connived,importance
holly,glide
myself,palette
compare,protocol
salver,knuck
pummel,swear
puritanical,wringed
plaiter,guide
reversal,port
peals,loop
plainer,containing
lament,intended
captains,ordinarily
paused,analyse
Oct.,owes
tight,penny
conferences,interred
aspect,whale
defence,twelve
plant,Johannine
multiplied,forces
theoretical,phantasm
recommends,beautiful
quod,December
troop,physically
saving,India
attitudes,criticizes
prayers,mail
themes,shows
bidden,fluorescent
archetype,melody
i,anti-
for-,weaved
bit,repentance
tentacles,deserted
receiver,wander
reservoir,pass
capable,sharp
putties,manoeuvrability
presume,immigrants
bury,jaw
whored,supposed
ascetic,dancing
beleft,equipment
lifetime,whicker
beleaguered,wrang
artistic,fold
whelp,bosom
hard,gote
ad,adder
arrest,thawed
tents,chemistry
must,accessories
theatre,occupied
exploit,cook
fell,ryes
penned,governor
pursuer,barred
extensions,Russia
whirred,held
yielded,steer
buried,shadaloo
wail,segment
dew,preceded
twilight,repertoire
actually,mouth
born,drachm
ministries,estimation
existed,characteristic
neighbors,hearth
poisonous,leaked
gracious,decisions
neighbourhood,scenery
Italian,awed
military,essence
Tucson,tix
posts,encryption
smart,planned
antecedents,making
famous,shimmer
valley,gnus
fete,temptation
lumbar,marten
grieves,boos
circuit,yar
beer,autarky
continually,state
meting,elect
ensconced,sea
mutually,twinked
chic,twig
bellow,discourse
calculated,alternatives
novel,rowed
whinny,fowler
clammer,price
aborigine,deteriorate
violate,commissioner
pyxie,chaos
resembling,nuisance
booze,bullion
thorp,deaf
loner,shovel
person,derogatory
classify,dissolved
friendly,heaviest
grains,pseudonym
colours,demographic
poison,study
ring,braes
grays,influenced
performed,purest
cot,excerpts
may be,produced
whin,shifted
gaffe,documentary
Ne,historians
crop,ratio
contemplates,carve
objects,studio
aggravated,sport
kitten,adventurous
coalesced,typically
wine,quiet
impression,conservation
bishop,acid
citing,modern
jazz,assault
certainty,stimulate
babe,waving
switch,exiled
allude,Guatemalan
requirement,oke
dowed,consensus
chuff,khaki
order,consulter
sepulcher,continence
temperate,journeyed
distinct,confine
contemptible,proffer
synchronization,clinic
highest,attempted
rumour,yet
mediciny,pure
mesne,began
liken,slight
opportunities,levees
cinema,arch
suggest,characterise
differentiations,pole
pawl,specifically
reeding,gig
exemplary,traitoress
controversial,enameled
dette,reinforced
tragic,provocative
effort,compatibility
horizon,preliminary
fatelist,aes
Nuremberg,brayed
strategy,stink
opera,extension
wined,terrain
laps,preys
connotations,loots
profound,limits
grille,jeans
lodgment,celebrate
dissidents,founded
coordination,comedic
roses,special/especial
sole,planes
baloney,accommodate
tenner,we're
effervescent,recurring
trouper,cellpadding
anticipation,bin
z,teal
perfection,residential
ax,false
baching,contaminate
Buddha,instinct
biology,accumulated
wherry,passing
entertain,protection
wound,approve
aurora,slew
monolithic,nervous
promontory,withdraw
abuse,liquors
suspect,slue
omnivorously,Halloween
nice,cover
relevance,backgrounds
trumpet,touch
planter,instruction
realty,flack
practise,raze
China,allot
departments,tees
warriors,anniversary
persecution,precise
accentuate,octopus
feign,sacks
dissimulate,oppressor
war,calculator
following,racquet
indignation,decompose
wares,symmetry
bleed,bloc
brown,admirable
bated,café
beneficial,idealism
objection,fain
indisputable,saluted
rural,discrete
interest,pick
ditch,instance
real,congress
seat,furs
Niagara,barren
secede,clacque
relieve,flyer
review,resews
vegetables,popular
execute,context
Catiline,adapt
pretend,we'd
precedence,invertebrates
pod,anticipate
try,yores
hose,gallop
whey,else
protective,goal
pupil,cups
blue,hoisted
recognized,provokes
treatment,errant
amend,burying
levies,caird
engineers,support
guest,mast
fie,moves
imaginary,diocese
peace,artillery
properties,dependency
mucus,good
elephant,innocents
fathom,overdue
ways,abilities
caisson,gator
attentive,base
suppress,transit
Earth,sovereignty
notion,fare
practitioners,yon
eels,canals
wind,add
university,mountainous
purity,extend
compatriots,peer
hew,tobacco
bruise,southeast
tis,gays
could,yack
psalter,lame
tolled,occurred
deprevation,whining
parameter,sorrow
obtain,receded
symbols,assassinate
ear,muscles
freeze,grammar
calcium,lay
festive,chordate
symptom,bombs
fetch,agents
halve,responses
being,specie
waiver,equatorial
thing,lede
combatants,him
honesty,hench
reveal,clause
hight,supplemented
confusion,country
wracking,bœuf
house,basically
receiving,lei
atmosphere,clearer
quints,pearish
fat,milk
libertarianism,appalling
diplomacy,abundances
kyte,public
primitive,respiration
limit,magnetic
principality,rudder
amount,cited
surreptitiously,odd
hart,travel
accidence,sighs
sacrifices,constitutional
butt,impose
colleague,reevaluated
pollution,advertisement
specks,roughly
inspire,kraft
remember,ingredients
airy,work
briefly,wrings
generate,excellence
forme,beholden
prospect,dominion
welled,hypothesis
mot,scenario
column,press
historical,rende
quietly,condescendents
admissibility,sunny
flecks,gilled
Catalina,summery
infect,carbonate
sensitive,criticised
benzene,carnival
almost,contribute
rouse,trap
Austria,thief
sighed,shoos
Nullarbor,executed
apologies,installed
inaccessible,rich
pseudo,talked
complimented,queen
slippery,vulnerable
alimentation,handkerchief
pearl,divisions
momentous,Friday
personnel,concedes
inherently,grade
preadolescents,neighbor
identical,worth
affections,diplomat
knee,regions
gilt,braise
programs,lens
criticizing,chimney
literature,stomp
peels,venomous
complex,bush
constructed,propagates
sight,accommodations
occasioned,foreseeable
nostalgia,griddles
lets,play
gage,zone
banker,harry
note,carotte
determining,pudding
counselor,chaudron
sync,membranophone
preceding,infinitive
promotion,formula
disarray,rob
pouring,rabbet
idyll,handmade
upcoming,allowed
corrosion,boar
tails,haft
wrung,banquet
flow,sanctions
architectures,estimated
serge,specially/especially
tare,bailor
dream,auger
feat,tenser
jinn,dependent
regulation,strange
cartographer,summer
intuitive,tributes
Napoleonic,immobile
visiting,sigh
sofa,place
birch,foot
thread,sights
equator,apéritif
hay,Internet
reseed,shitted
thru,wracked
Cox,hammock
pocks,irony
vertical,wife
dispute,include
compromise,coulee
coliseum,sense
infringement,costs
discover,torturous
permitted,group
surprising,efficacious
bassist,agreeing
staid,warn
furore,varieties
crews,needed
ideology,fort
Lew,bandwidth
buoyancy,knit
rode,eam
hung,terrains
inaugurates,penitents
reclamation,only
resistance,liquefied
pouffe,caudal
sclera,caterpillar
ritual,rye
ninety,retarred
coral,trayed
smeared,glid
occur,electric
shank,coy
official,read
resited,adze
fountain,deceased
complement,insisted
jaguar,furze
undetectable,current
reckoned,gammon
slumber,anoints
phases,stiff
filter,similarly
jackknife,prepare
environmental,purist
anxiously,sung
instead,impotence
principal,fortunately
camara,kayak
occurring,smother
ambience,native
boulder,adolescents
peat,ophthalmic
targeted,decorate
hare,develop
plum,leid
ground,symbol
unnoticeable,rehearsal
physical,mined
typical,title
foreword,proceed
scents,rackett
when,capitals
limb,no-how
romance,mammalian
passed,reigning
torus,consultation
handmaid,I'll
sticks,dependant
veil,negligible
casque,hammer
prose,nightfall
radical,rococo
eventually,defense
celebration,providence
acquaintance,post
nationally,liens
adventuress,teet
nose,villi
stared,recent
device,weir
marches,hardness
vigour,cheese
gneiss,button
continuous,background
reflections,Letts
hale,gradual
disappear,formerly
grievants,pleasant
bowed,regulators
slime,assaulted
bank,whoo
vendor,caméra
Arabs,combined
krona,month
seed,pean
teams,statements
floats,creation
habeas,lifted
ticket,tung
rheumatism,won
matching,sone
defining,beat
tough,accidents
negated,urn
leys,commercially
worn,ode
Queensland,anthropology
despair,where's
assist,baby
companies,unavailable
behaviour,unconsciousness
core,bitter
every,balled
soliloquy,confusing
copper,persuaded
hissed,experience
marriage,consistently
premiered,associated
egregious,surface
orally,deprivation
organisms,revise
such,pedals
eve,vigueur
wove,abstinents
rarefied,complimentary
started,pared
accuse,eyelet
stoop,dull
remaining,chock
Carmelite,emitted
oxen,seceded
correspondents,rewrite
vast,swam
incorporates,culture
rid,flora
equipped,rotted
Chinese,ethnic
arse,feint
imbalanced,eunuchs
grief,behold
also,brassie
aggressor,television
employers,clamor
signatories,half
succor,wastes
revelation,bettor
prison,shred
Ithaca,guanine
stunk,damn
stress,lough
completely,marque
compulsory,interpretation
t's,superior
yawned,preoccupies
analysis,absorb
crummy,achieving
east,domain
turban,g
amendment,extra
artificially,beet
wasp,foreward
same,envy
salve,cared
prest,too
buyer,demon
pieces,ceramic
Peru,yachting
carnage,noble
surroundings,twinkd
simplicity,responsibilities
grizzly,ade
elbow,verst
fraud,describe
recession,confectionery
supply,bailed
confuse,excellent
items,extant
administered,linoleum
timber,shifery
pact,renovate
silents,camouflage
conn,levin
compensate,protuberance
rest,vice prefix
roll,pop
frieze,chyle
unpleasant,erratic
fishing,infrastructure
mice,terminal
echo,prise
exploitation,violation
absolutely,mariage
stream,upon
diphtheria,witch
marry,reck
affair,radiation
chose,trodden
condemned,marching
dinosaur,idol
seeding,seek
hydrogen,cashed
serrate,weird
alphabet,ray
adjective,attractive
propagate,ok
gripped,swarmed
skating,resowed
money,seam
stark,resolution
mercenary,crossing
illusions,months
attract,excluding
suppressed,prepared
immense,implacable
pix,hold
hundred,gardener
torment,guttural
autograph,possesses
ric,riggers
breaking,sectors
suite,hated
generally,dominated
recruit,bed
precedes,breach
Russian,manila
efficient,lakh
Carthaginian,introduction
beachhead,primary
statesman,baked
assistant,innumerable
kernel,moving
monuments,separate
satisfy,spew
prescription,please
admitting,accomplished
seven,stable
xi,fakir
cordial,application
rock,fungous
emerging,great
milieu,decide
evil,junky
e's,wye
flourish,wailer
coarse,omelette
columns,distinguishing
improvements,passible
services,fatalist
Caesar,rigorous
hindered,texts
tract,dynamic
superficial,pail
detached,will
alms,vassal
controllable,decidable
allotted,omission
leopard,erne
imitate,kay
announced,mien
misses,mails
stank,musician
chord,circles
repetition,unique
forty,amended
Tolkien,transactions
chard,illegally
converted,Italy
stirred,troche
pistol,succulents
hom,matte
chews,advance
renewal,lethal
lute,hollow
formal,sailor
everything,moo
quarantine,appreciate
colonizers,proposition
jabb,repentant
innocuous,hopped
mathematicians,ancestors
deposits,border
capture,stirs
expressed,clabbered
slag,mackerel
settler,kyack
autobiographic,aunt
aligned,loath
thousandths,approved
ringer,rebuilding
modem,multipliers
corduroy,frays
distinguish,overdo
vane,entrepreneur
pend,cum
directs,volunteer
repartition,enlargement
severe,hoofs
graffiti,suing
for,unreel
reigns,lake
pained,archaeological
preparing,debate
equivalent,manors
vale,differentiate
escaped,guidance
recovery,statistic
dying,environmentalist
exorbitant,gasoline
serous,encyclopedia
competitions,phosphorescents
ridiculous,lamps
I,contents
chili,tack
effectively,exceed
reciprocal,TV
there,urgency
Psalter,allophones
champion,sealing
production,damage
instantaneous,assign
metallurgy,enhancement
cawed,losing
crystals,Dane
bid,story
implications,operations
commitment,alleges
bonze,cheat
colony,shown
rapper,thrown
agile,synching
collar,proportions
inadequate,beach
volume,cirrous
belle,tournament
males,genealogical
starved,islet
shaman,bred
vat,coin
offal,ambit
elicited,patented
murmur,wheel
excels,affiliate
options,initiation
values,cast
standard,princess
education,rack
cruelty,primordial
Palestinian,designed
stolen,balcony
cantor,medal
casual,wyrm
vain,faery
indifference,fish
genuinely,riot
eruption,undecidable
prase,align
sleave,sufficiently
skirt,fizz
code,ash
sack,pubescents
observations,solidify
Hugh,disapproval
razor,fays
productivity,tambour
douce,judo
sanctioned,communities
tailer,favorite
favour,waded
colour,reviews
singsong,saloon
utilised,phonetic
industry,warm
adopted,respire
major,employed
chilly,another
rise,scientist
earned,publicity
myriad,furrow
grain,ohs
photographer,obedients
higher,spared
ambassador,plausible
heaved,election
medical,vacation
action,increment
coma,billed
negates,roe
miserable,turn
span,vigorous
solely,nickel
notably,analyst
Sikh,drawn
Fay's,environments
seethed,courses
tact,ascent
warrranty,carries
conquered,dimension
clairvoyance,registered
tribe,shooed
govern,ternary
vegetable,sunn
expresses,tank
sphere,economist
therefore,augur
sidereal,wants
pest,drenched
abstinence,affirms
testicular,hoven
third,radicle
abseil,proves
presumptuous,produce
tremolo,days
peninsular,saw
slay,reduced
president,mild
Catholics,unilateral
necessitate,recommending
gated,acting
coincidentally,approximate
blind,silent
Christian,cerate
degrade,tuft
fiery,necessary
raps,presence
satisfaction,thrashed
coward,spin
landscape,introduce
precisian,antarctic
accommodates,holey
rings,justified
guardian,editor
malice,com
wig,processes
parole,oeuvre
motor,mints
arose,laser
Carnegie,knew
bee,bound
off,filthiness
algorithms,interior
crank,metals
sleighing,drip
reflect,pored
universal,peregrinators
octahedral,yeoman
swears,legitimate
toad,carrel
mucous,plucked
settlement,forms
apart,kilometre
identified,son
q,disobedience
invite,ess
presser,mathematically
jell,marshal
chrisom,competitiveness
cole,conduct
further,feasible
shake,bore
that's,permission
tyrant,tranquillity
pottie,promote
commences,ayes
palms,rained
gratify,ides
aroma,openness
egoist,slayed
dow,dough
phosphorous,dependence
waits,aspects
owl,stainless
misspell,referenced
field,economic
sacs,debatable
anxious,Dravidian
architecture,mall
controversy,stop
Mediterranean,beginner
evaluate,metaphors
participation,memories
phasing,valiant
counselors,axe
upgraded,pique
Mississippi,send
kneed,observed
reluctance,vocabulary
severely,choral
assassination,secret
neap,strenuous
majesty,express
hear,excludes
boy,stere
proportional,separatist
honour,green
spend,helm
criticize,unauthorised
acceptable,rung
crude,correspondent
torn,identification
snare,pectin
intuitively,defect
specimen,categories
doctrine,circulation
wrist,drunk
weapon,fazing
subordinate,marketing
yawl,prairies
ample,to
accordion,rigour
fey,nationalist
humanity,blair
harp,constantly
flood,individually
later,moment
versatility,reel
prince,trafficking
doctrines,plantar
El Salvador,embarrassed
circus,collective
reminiscent,apps
limited,archeologist
fraction,penitence
used,nectar
wile,nous
appetites,tennis
servant,rabbinical
particularly,jam
gene,lichen
sparrow,sol
leech,depend
perish,qualified
cream,prejudice
mirrored,alienating
substantially,files
entity,contemporaries
played,linnaean
draught,monasteries
spirits,extremely
throat,fatiguing
carrot,covers
proprietary,clamber
literally,spiritual
moth,battalion
catholic,click
credits,brother
serial,salvor
manifestations,begins
phenomena,captain
ridge,possible
couth,freed
gofer,incorporation
nesting,maintain
guarantees,urban
indispensable,contribution
derived,auxiliary
instants,chaussée
needing,gay
agenda,love
wich,bailey
spoken,levee
stealing,personalty
benefactor,demolition
articles,intuitions
lore,roles
fictitious,episode
qualities,propaganda
elementary,quote
dictionaries,operating
flew,mellow
glorious,exaggerated
combat,groan
rash,ariel
sighting,impressed
mathematical,premillennial
insist,impressive
leap,magnanimous
mules,bate
underground,initial
district,finite
censure,count
European,row
toughed,shining
eave,international
initiate,recruitment
reversible,lucid
resight,spouses
criticisms,applauses
demonstration,directors
instrument,besiege
curiously,elevated
graphed,rebilled
hood,surround
silhouette,colossus
metre,uses
balloon,sneeze
braking,discount
legend,yard
rhythms,doughs
picnic,swallow
intention,knives
floating,tendency
come,remark
thistle,rule
correction,additionally
roes,apparent
funds,abhorrence
criticism,package
florescents,rake
girded,religious
bleak,whoop
lasted,maintains
exempt,Bernoulli
gyve,packs
achieves,parallelly
circle,constituencies
sacque,evaluation
gone,Wacs
catholicism,Godunov
crosse,formalize
fairing,satisfying
future,equal
star,suffering
sections,rot
electoral,heeled
Marx,assassinates
perforation,riposte
cocoa,descendent
entertaining,controlling
nasalization,dryas
acquiring,goals
consent,wight
confidents,honor
exclaim,ay
guerrillas,diverged
mizzen,plaque
electrical,organs
relaid,fields
muscle,divided
tempest,saner
mussels,syllables
distances,uniform
filet,pile
Japanese,stretch
boat,purse
film,reckon
provide,liaison
wiled,territory
lice,miners
root,utilize
spade,tart
fowl,meal
ideally,influence
abbreviated,integrity
noticing,Christians
representation,occurrence
know-how,toll
art,predecessors
deliberate,specialise
Gaul,forebear
significant,supposes
arts,ton
wore,steered
variety,stadium
resighted,performs
on,knuckle
submachine,nutrient
woven,galvanized
competence,circumstance
twist,involved
mouton,rhymes
consistent,ten
tail,pronounce
four,armed
yours,wrapping
vilification,sculptures
tomb,right
chantey,Paul
rap,the
points,reference
yield,archive
anonymity,dreams
ceding,football
quick,shilling
chocolate,pros
scarcity,rigger
encounter,continents
band,languages
accustomed,discussing
peal,brays
fest,bored
steal,process
heart,intense
reunion,manoeuvres
operate,throne
poney,courtesy
tower,thrash
best,terminates
dapper,mécanisme
aerie,confessed
nowadays,tremendous
Messiah,frontiers
stricken,hoop
burred,league
required,exam
confetti,singular
pompous,historian
determine,putty
freak,publish
install,limbs
mariners,marcs
forbade,cash
conservative,emphasis
weal,explosion
atrocities,shamed
engineering,he'd
actor,beneficent
sutler,section
those,exact
Arabic,missal
assises,realistic
unfortunately,whorled
mantle,arithmetic
nix,wrack
proceedings,parts
church,caucuses
within,announces
feminine,here's
messenger,invent
declares,transfer
correspond,tame
potency,slurped
parred,Palestinians
thunder,universities
circumcision,debates
grave,security
spitz,restrict
cause,diminution
leach,regular
ads,sashay
smote,statice
irresistibly,varying
coquette,disco
suede,tuck
sere,hacked
divorce,airline
northern,combatant
colonial,rapt
confidence,inefficiently
qualify,attack
inscription,citable
incite,indicate
dimensions,usefully
medieval,illogical
mineral,aloud
pealed,wit
acrobatic,provisions
aid,devel
lope,moose
decoration,knits
bare,concert
discussion,Guadalupe
special,decomposed
yarn,interruption
exerted,teach
creative,meadow
lidden,shears
kame,weld
tit,plans
doc,structured
property,zee
poring,elicit
picks,idiosyncratic
sow,cadavers
Sanhedrin,sponsor
swat,levels
depends,turnkey
heterogeneous,lux
settlers,reservation
disappointed,world
mama,transcribing
generously,decent
comport,birth
France,mustered
resiting,obbligato
shabby,magistrates
cadaver,infiltrate
feted,do
rout,pleas
twelfth,Brazil
horizontal,regularly
stroked,burley
directed,pale
accordingly,frank
useful,list
ceremonies,clarity
pyknic,persuasion
noticeably,passenger
od,rues
speeches,intervene
Chile,oversees
tongue,stamped
perjury,ha ha
shamans,dahl
served,rump
accessible,shanty
bazaar,reflected
terrestrial,coast
bough,fritz
surly,pried
Asia,efficacy
model,ceil
surveillance,assumed
audience,laugh
sincere,pokey
earlier,next
Colombia,adaptation
atheistic,preoccupied
air,destruction
acts,Arabesque
hewed,tule
semen,implicit
commandeer,retrieve
banjo,coloured
reasonable,adventures
user,proposes
tide,passengers
territories,acre
manifold,poem
select,solemn
politick,excess
restore,Argentine
repeat,prisoner
conscious,rented
barbarians,net
experts,ducked
insensitive,snees
accused,duplicate
hide,staves
calculations,wharved
barber,plaza
accompany,passage
sentence,avalanche
vein,insistence
contributions,strictest
fin,center
elements,reinforce
glairy,nap
Dr.,temporarily
disparagingly,ethnocentrism
inventory,cosey
shaped,connotation
Pharaohs,wide
rain,rudely
coal,customs
considers,provided
admiration,fouler
parenthesis,bise
classically,symptoms
open,chip
detect,negative
strengthen,large
red,shimmered
heinous,exotic
chewed,bait
comb,cashes
prohibit,systems
fascist,reserve
today's,cholera
exploration,eternal
histocompatibility,dictator
attendant,u's
willingness,mammoth
ell,tailor
produces,minimal
appears,three-eighths
June,lick
distance,statue
hostel,chased
Guatemala,steps
ponderous,blood
roomie,expects
leaders,swan
standards,situated
iconoclastic,confidential
chat,farrow
sax,etc
tube,challenged
attribute,swimming
cashing,language
glimmer,regional
churl,exile
shipped,implementation
precipice,verification
peoples,gibe
dishonestly,Fort Worth
simultaneous,ante
least,uncontrolled
tic,resighting
existence,bronze
seized,matrimony
victories,analytic
achieve,episodes
exaggeration,muscat
auk,hae
throng,alarm
brimstone,live
some,architecturally
peel,heroin
processor,hist
side,research
acquires,brief
kor,mat
couronne,chronicle
sleight,pharming
strider,perhaps
cancer,popularity
Lew's,sworn
tye,multiple
classical,freshly
confirmed,grown
quartz,established
lowed,wink
throughout,consults
sightable,groups
counting,hierarchies
conqueror,scientific
henchman,neighbours
adoptive,razed
admittedly,wield
radio,tonight
indirect,poets
eh,observe
ovest,explicates
sibilants,rebuild
suffrage,pervaded
heed,won't
ex prefix,vengeance
accession,culler
Hyde,millennia
Blitzkrieg,subjugation
to thank,haven
institutionalized,name
calm,begging
salute,harvest
indication,breech
distant,database
chances,availability
Skagerrak,chough
though,civilize
illness,quantity
dressing,caring
glory,fax
fact,educated
Premonstratensians,altar
massed,Massachusetts
enthusiasm,cabin
besieged,crime
forward,pencil
mean,poetry
your,misery
Latin,archimedean
mock,peddles
in,abyss
length,officers
concentrate,cete
mhos,cruise
stare,wart
automobile,progress
The Caribbean,quoin
sore,tartar
teil,pe
hock,immanent
commencing,ex
confined,alteration
studying,seer
color,angina
confer,challenging
aught,hire
ninth,strength
extradition,inductants
successive,cense
inflation,temporal
numbers,renters
grievance,scaler
bathe,muslim
faun,coquet
adverb,K9
spanned,shrove
cay,monotypic
suggesting,give
probable,seize
believing,surely
however,holt
chrism,wort
denunciation,crown
helped,okay
unsuccessfully,incandescence
low,wrest
roommate,spectaculars
miscellaneous,Mrs.
stool,compliment
covenant,Algiers
lessen,vittle
dissatisfaction,balanced
inhabitants,step
faille,including
emitting,reflection
tracked,puttee
rescinded,obvious
earn,impotents
pallid,doubt
publicly,legends
court,dine
sprang,-xero
moat,spire
hoc,executes
lance,borne
trustworthiness,braid
virtues,train
yokes,lever
criterion,rhythm
licked,martin
causes,promise
eyre,what
emotional,luce
trolling,misspelling
aficionado,strait
templates,era
fraise,disposition
locally,site
thereby,January
rigueur,hungry
transcendental,bine
bureaucracy,conformity
via,basis
immerges,approval
existing,medicine
krater,sail
disk,pendant
whirled,consultant
sorcerer,encouraging
serve,transsexuals
republics,whaler
hate,absence
pursuits,aircraft
chest,mountain
Champagne,tun
vapour,boarder
kaleidoscope,raiser
Russell,Michigan
tyrannies,boots
surveil,lessons
initiated,tying
larvae,credit
penguin,Morissette
ascension,cites
portraying,bleach
steel,thoroughly
opponent,clean
recked,shame
shouldn't,teeming
Easter,toxin
phlox,combustible
page,role
stretched,wist
quell,expose
midge,members
convenient,descriptors
persuades,bah
transferring,agreed
retain,caddie
observing,ruins
seem,flock
slow,behavior
cues,feminist
saxophone,therapy
humans,mania
had,hurricane
gravity,decides
dispensing,augments
up,explicit
permanently,plebiscite
invitation,previously
fessed,personage
totality,collect
genuine,deed
metaphor,Cuban
consciousness,sues
advised,bailee
millennium,flak
discretion,exhilarating
veau,implicates
morality,invited
extremes,cosy
Libya,piece
profit,raised
hornet,distinctive
sucked,extends
incorporate,achievement
occupy,verb
Judaism,despondents
victim,callous
cant,hen
conjunction,forehead
sloe,kneaded
eerie,washen
anarchism,hic
frustrate,isn't
collector,nickle
reforms,Franciscan
three,eight
ait,initially
mince,death
aggravation,littoral
water,pursuing
rooted,naive
cartridge,enlist
infantile,except
sycosis,rebound
impede,wen
thin,resurrection
acceptor,institutions
resows,tuff
Lent,brooch
primitively,probabilistic
predominately,chore
pois,villus
urged,congratulations
permissible,periodic
waived,impresario
cooperation,influences
affection,speak
lees,visibly
elected,way
threatened,starve
discomfort,domicile
possessing,infallible
comparable,insight
batching,contemplate
men,valuable
interested,mercantile
technical,scenarios
lo,victims
floc,ban
phi,ere
Egypt,frequent
sonnet,tonne
activist,takes
inclined,nest
forbear,rieve
laze,suggests
ti,unsurprised
utterance,destined
formulate,émincer
dividend,hieroglyphs
promiscuous,foaled
navigation,door
paradise,space
minx,million
bankruptcy,we've
spindle,came
criticized,contains
interact,scent
divine,feather
adventure,unilaterally
perspective,communicate
holp,learnt
rabbit,editorials
sparsely,archeologists
rued,merchantmen
annalist,furious
Lett,orchestra
wend,m
krone,polysaccharide
contingent,sentiment
Taurus,meteor
load,local
canvasses,sought
these,incandescents
pharaoh,knock
poetic,colonnade
missed,verses
fever,Whig
comments,finance
commented,Maine
perpetrated,cars
manifest,modes
playwrights,livelihood
centres,offense
east-,assembly
archetypes,calendars
entered,phenomenally
cozen,tome
mutual,buries
mol,whither
build,composed
dole,height
salaries,definitely
repost,grey
panic,cultural
wool,unchangeable
fertility,dose
dealt,manufacture
hanger,irruptive
does,cashew
seas,Giulia
said,scull
properly,ordered
ins,humoral
prairie,reaching
flexibility,decidedly
reseat,straighten
rights,strikingly
replace,sale
infer,corresponds
employee,serves
residents,embassy
settle,postpone
possessed,Catholic
knave,accept
sited,aye
dripped,extraterrestrial
greave,robbed
scroll,opposite
approaches,pioneer
gangster,siting
dought,heir
dimensional,ice
graze,jest
employ,moody
variant,slightly
guarantee,clubs
energy,blessing
felt,passersby
shrine,platform
hydrophilic,calender
form,shear
inform,analogy
installation,gram
authorisation,establishes
metres,make
imposed,senior
supermarket,moroccan
roots,knap
descendents,stele
seems,September
mere,aitch
peeling,March
triple,effect
spayed,explode
regulate,divide
silver,dentist
brutal,one
suffer,rat
gnawing,or
extended,hinder
y'all,scale
pogrom,petition
lee,taste
exhorted,tee
disobedient,affords
German,tornado
wedge,firmness
morocco,technicians
continual,nerves
gold,understood
thousand,crucifixion
stressed,swore
reduce,rancour
inheritance,methods
vial,ride
caulk,reseeding
bowled,surge
pace,particular
bode,Israelis
whereas,servants
factor,instructors
assassinations,combine
toady,feet
,hoard
brilliant,coconut
dishonest,symbolic
breeze,chenil
perverse,humiliation
wreaking,immediately
withe,whiled
yore,monitor
tallow,difficultly
awkward,comprehension
tel,taper
versions,transferred
choc,fungi
prophets,rase
panel,suspended
appear,chalk
tope,principle
cadi,absent
precisely,voices
hues,effects
visible,delegation
inherent,resulting
tooth,trough
statistical,resistible
differences,husband
shepherd,phrase
dower,Ray's
clack,levitating
conquerors,fiancee
canape,grayer
martial,included
peke,stability
prevention,vail
n,tucked
atheist,exaggerates
crossed,sheikh
dun,rendezvous
expressions,proper
moderate,density
swayed,magnitude
misogynist,colleagues
taxonomy,conception
loos,engagement
flirts,descendant
slaying,devle
respective,strategically
division,access
simultaneously,plantation
queer,popery
advantageous,legally
ophthalmologist,quart
organise,conch
junkie,light
exceeded,domination
hie,wayward
harassments,Australia
reconciliation,guitar
mood,despite
mete,August
now,ferry
previous,planning
routine,releases
consolation,retired
packed,capitol
telephony,yousef
establishing,mass
ado,flour
systematically,choose
partial,happen
receipt,devote
construction,mechanism
reelected,become
shower,coalition
exterior,plagiarism
Czech,corral
liquor,corruption
playwright,lama
depression,tort
hoo,gest
arc,tendencies
shot,notes
habits,bourne
jewel,ideal
