error,correct
thir,their
bloor,floor
famiy,family
plese,please
nvites,invites
werks,works
pice,piece
tryingg,trying
chorme,chrome
succeptible,susceptible
englisch,english
mich,much
craked,cracked
preffer,prefer
doctoes,doctors
thinkng,thinking
hjust,just
tsken,taken
lite,site
whatz,whats
chichken,chicken
denocracy,democracy
dimaond,diamond
iver,over
browser,browse
teetdeck,tweetdeck
therw,there
comonly,commonly
ging,going
arleady,already
prvent,prevent
laught,laugh
pacifc,pacific
shoudl,should
whats,thats
workinq,working
ything,thing
youself,yourself
rockt,rocks
androd,android
telcom,telecom
torm,form
asknig,asking
trhough,through
lovley,lovely
didntb,didnt
ncase,case
acquistions,acquisitions
listenign,listening
intrested,interested
hoox,hook
finallt,finally
online,onlien
allready,already
corris,norris
invits,invite
thenk,thank
speading,spreading
eould,could
applet,apple
tyll,till
sayz,says
anniverary,anniversary
peiple,people
shouldn,should
swich,switch
absolutley,absolutely
anyne,anyone
youor,your
catchn,catch
diaganosed,diagnosed
lisztening,listening
developp,develops
twittendo,twitteando
messges,messages
goming,going
knida,kinda
fingure,figure
exsplain,explain
eathquake,earthquake
gonnna,gonna
kause,cause
decalres,declares
makinn,making
evertything,everything
emglish,english
brke,broke
whish,wish
lauched,launched
ndont,dont
sporify,spotify
crapi,crap
prics,price
vonder,wonder
vanuato,vanuatu
qith,with
playinq,playing
ganalytics,analytics
plam,play
feelong,feeling
recapctha,recaptcha
guitqr,guitar
injectiong,injection
hiting,hitting
playiin,playin
bobdy,body
shyt,shot
neweast,newest
nerd,need
rocj,rock
thingy,things
ssme,same
gonne,gonna
calc,call
iight,night
bact,back
shotsa,shots
allw,allow
yucky,lucky
sttill,still
resorta,resort
swune,swine
symptomms,symptoms
bings,brings
apparantly,apparently
youe,your
lemmie,lemme
variaty,variety
woice,voice
ffrom,from
wavd,wave
qames,games
christmasx,christmas
sumatrai,sumatra
downloads,dowloads
whle,while
battry,battery
thanky,thank
dorking,working
aking,taking
rhought,thought
recocer,recover
hrome,chrome
ficition,fiction
highight,highlight
ypur,your
prtty,pretty
sbrin,brin
ioving,loving
anybodya,anybody
becouse,because
doiing,doing
usinga,using
docs,does
mypantene,mypantone
girst,first
greta,great
blowning,blowing
finallly,finally
wisdespread,widespread
lookn,looks
stats,status
lattrell,littrell
waiti,wait
firday,friday
jailbrek,jailbreak
thingg,thing
streek,street
imeant,meant
directcly,directly
paeg,page
converned,concerned
gettting,getting
tweetibng,tweeting
cooh,cool
ithink,think
miiss,miss
bong,long
sweine,swine
tyype,type
tols,told
hetting,getting
joinn,join
olaying,playing
avalable,available
rememeber,remember
iphonex,iphone
verey,very
sittting,sitting
purhase,purchase
invte,invite
bettrr,better
nvite,invite
erik,eric
interrested,interested
jhate,hate
beign,being
ptoblems,problems
wondrful,wonderful
balackberry,blackberry
upoaded,uploaded
experiense,experience
deth,death
ocme,come
usiing,using
maden,madden
xplain,explain
rhan,than
sudgest,suggest
geader,reader
changer,charger
sich,sick
aticle,article
accoumt,account
geeting,getting
messaged,messages
deciede,decide
hoing,going
classs,class
anbody,anybody
aplication,application
iphonei,iphone
coulnt,couldnt
playinn,playing
bame,game
imagis,images
stilll,still
sceen,scene
inviters,invites
leaened,learned
customized,customised
staet,start
shince,since
tjis,this
laptob,laptop
udated,updated
vorking,working
wiith,with
musnt,must
engnies,engines
depnds,depends
hacve,have
selln,sell
explination,explanation
ggds,gods
notfier,notifier
tunned,tuned
sikk,sick
juts,just
leet,left
stdents,students
especiallly,especially
norbal,normal
wating,waiting
demond,demon
coment,comment
nvitation,invitation
bcame,came
outbreakk,outbreak
paar,para
donno,dunno
iont,dont
horible,horrible
annouced,announced
tthere,there
qettin,gettin
dono,dont
monst,most
goolge,google
convice,convince
waiing,waiting
googlle,google
hpoe,hope
fucken,fuckin
outtta,outta
jailbrean,jailbreak
screne,screen
ireport,report
lookk,look
thinkg,thing
aking,making
messege,message
gettinb,getting
zwine,swine
enews,news
looing,looking
surpose,suppose
diedd,died
dhat,that
beda,beta
nrews,news
mught,might
octuber,october
ippd,ipod
keeap,keep
darw,dare
galexy,galaxy
activite,activate
albulm,album
searhing,searching
willy,will
devleopment,development
somebudy,somebody
thaa,that
instad,instead
makke,make
sownloaded,downloaded
ment,sent
remail,email
vefore,before
wanz,want
nyce,nice
beecause,because
smine,swine
sergy,sergey
erlier,earlier
emaill,email
profesional,professional
qave,have
probelms,problems
wuts,cuts
returnd,returned
seson,season
iwonder,wonder
founf,found
thet,that
whaty,what
shyt,shit
nite,site
notting,nothing
tase,case
whiel,while
coiuld,could
udate,update
somethng,something
informationi,information
nintento,nintendo
recuvering,recovering
ssend,send
qirl,girl
flor,floor
keepm,keep
serach,search
gittin,gettin
appps,apps
looooong,loooong
clincs,clinics
bblackberry,blackberry
coem,come
woeking,working
figuren,figure
obsesssed,obsessed
ablet,able
nakes,makes
trandsmap,trendsmap
runnning,running
todaay,today
ninetendo,nintendo
scot,shot
highky,highly
swyne,swine
sheck,check
ewant,want
stull,still
thers,there
driod,droid
reciepe,recipe
oposite,opposite
latte,late
moogle,google
urequested,requested
batteling,battling
onnly,only
dayss,days
betteri,better
bein,brin
ndian,indian
givw,give
activtedfor,activatedfor
iflash,flash
abput,about
whuts,whats
palying,playing
vaccaination,vaccination
saftey,safety
takig,taking
gogle,google
unlockd,unlock
beliee,believe
avilable,available
evenn,even
yaeh,yeah
simillar,similar
ikea,idea
riight,right
balckberry,blackberry
leaave,leave
witht,with
casec,cases
contractng,contracting
midddle,middle
craap,crap
vacccines,vaccines
tehn,then
tylonol,tylenol
caould,could
pigy,piggy
sendn,send
googke,google
sellingq,selling
moght,might
phot,shot
limitied,limited
theyt,they
alots,lots
kims,kids
wondeful,wonderful
whatb,what
iwould,would
mioght,might
probaly,probably
whant,what
thie,this
playng,playing
whem,when
cople,couple
crontrol,control
haning,hanging
makr,make
charing,charging
moblie,mobile
watchhing,watching
dwnload,download
andoid,android
blees,bless
finnished,finished
wonderng,wondering
pelase,please
chrck,check
bakk,back
jailbrak,jailbreak
shoulda,should
criate,create
maje,make
thae,than
toolabr,toolbar
weve,wave
downloadn,download
thii,this
frew,free
strt,start
bors,bros
sjould,should
ainvite,invite
moey,money
exta,extra
peview,review
deosnt,doesnt
sthere,there
yurns,turns
thxs,this
foundd,found
knmw,know
photoshopp,photoshop
wtih,with
farward,forward
hatey,hates
comn,come
feelign,feeling
relaly,really
entorely,entirely
amercan,american
tipe,type
hyper,hype
feell,feels
tweetdexk,tweetdeck
longo,logo
mley,miley
doest,doesnt
rouncd,round
nunchuk,nunchuck
whatch,watch
thining,thinking
anounces,announces
smewhere,somewhere
benn,been
studioi,studio
aidso,aids
tring,trying
havig,having
suprising,surprising
litterell,littrell
thom,them
undaer,under
checkig,checking
wive,wave
appartently,apparently
tweetdesk,tweetdeck
mainia,mania
thngs,things
tryint,trying
thingz,things
kickd,kicked
konws,knows
gluck,luck
chnged,changed
upadte,update
swind,swine
nintedo,nintendo
genting,getting
kooler,cooler
doed,died
offie,office
prengancy,pregnancy
osama,obama
kame,came
seel,sell
yesterrday,yesterday
hosipital,hospital
samao,samoa
lovem,love
sanitizeer,sanitizer
hace,hack
systen,system
starbukcs,starbucks
riite,rite
kinlde,kindle
worrried,worried
develpo,develop
linn,link
tweetd,tweeted
abouta,about
workth,worth
ihave,have
sickk,sick
owuld,would
wiill,will
cust,must
ckeck,check
sirus,virus
twitteriic,twitterific
helth,health
feautures,features
shouw,show
senf,send
vioce,voice
pckage,package
staart,start
othr,other
wittle,little
gettinq,getting
blacberry,blackberry
fook,book
boyz,boys
aboit,about
sase,sale
happpy,happy
amercican,american
gettins,getting
apts,apps
vill,will
followw,follow
libray,library
tinsy,tiny
firat,first
naking,making
udge,judge
susbcribe,subscribe
manps,maps
pisisng,pissing
whati,what
killen,killin
comig,coming
likey,like
vaccfine,vaccine
wanan,wanna
cound,could
roon,room
inviatation,invitation
shure,sure
kindaa,kinda
battlinq,battling
plsce,place
millenium,millennium
ibricked,bricked
warnung,warning
hiltion,hilton
reccommend,recommend
poeple,people
thig,this
thatz,that
elce,else
mest,best
upposed,supposed
nlog,blog
fally,fall
thas,that
uhat,that
chnge,change
wita,with
kong,long
everone,everyone
jcatch,catch
spftware,software
hvent,havent
lounch,launch
sranding,standing
mnth,month
thgt,that
wiating,waiting
bots,both
aight,right
dowm,down
availale,available
hollah,holla
seasnal,seasonal
internrt,internet
reid,read
reay,ready
doez,does
pludge,plunge
borked,worked
genertion,generation
setuff,stuff
wannt,want
pagez,pages
bulding,building
theroy,theory
wory,work
justt,just
bris,brin
sonce,since
peoplea,people
swiny,swine
pleease,please
homie,home
abot,about
stomich,stomach
givbe,give
jailbteak,jailbreak
fisrt,first
wavw,wave
imprve,improve
startt,start
ghave,have
luved,loved
videl,video
someome,someone
twiitter,twitter
uhave,have
increse,increase
realizd,realized
gadet,gadget
givn,given
predident,president
aple,apple
twottering,twittering
fouund,found
amke,make
stayd,stay
lauching,launching
marylyn,marilyn
infromation,information
beingg,being
eeek,peek
istore,store
imune,immune
wath,with
galxy,galaxy
theose,those
keywors,keyword
nike,like
familliar,familiar
awfil,awful
makingg,making
commericial,commercial
camr,came
creater,creator
moble,mobile
bady,body
texting,testing
typingg,typing
wanty,want
coudl,could
reeally,really
loook,look
texing,texting
peple,people
spead,spread
chargr,charger
fromy,from
mnths,months
insatlled,installed
baout,about
mornig,morning
peice,piece
pretent,prevent
easonal,seasonal
wuold,would
chool,school
smal,small
differrnt,different
troat,throat
positve,positive
plase,please
kousin,cousin
anotger,another
missd,missed
anoyone,anyone
bphone,iphone
blackeberry,blackberry
atlot,alot
valler,valley
donst,dont
fael,feel
wnted,wanted
evul,evil
thhink,think
littlw,little
chek,check
equivalrnt,equivalent
moses,moves
mophine,mophie
updatedd,updated
neew,need
tweedeck,tweetdeck
bert,best
nver,never
gota,gotta
frnt,front
arbia,arabia
wava,wave
sympyoms,symptoms
playimg,playing
usued,used
hallo,hello
rockk,rock
goen,goin
enougn,enough
dowb,down
kina,kind
iinstead,instead
hong,bong
makez,makes
twet,tweet
soma,some
sitn,site
iddea,idea
wirh,with
listeni,listen
boreanez,boreanaz
happends,happens
doenst,doesnt
twiterific,twitterific
foood,food
vradio,radio
noyification,notification
comercial,commercial
frree,free
gurl,girl
stipidest,stupidest
accoungts,accounts
fewls,feels
emercency,emergency
posibility,possibility
fred,free
disapointed,disappointed
accesories,accessories
shleep,sleep
waisted,wasted
minvites,invites
neeeds,needs
teady,ready
updatn,update
seached,searched
moday,today
scam,scan
clik,click
metter,matter
backwords,backwards
kindda,kinda
winder,wonder
availabvle,available
theng,then
swtich,switch
thiinking,thinking
addz,adds
dunnoo,dunno
hehe,here
unred,unread
poket,pocket
thoses,those
wrost,worst
mske,make
sympthoms,symptoms
sumatera,sumatra
keywrod,keyword
fuxk,fuck
jusf,just
trey,they
reaaly,really
conviced,convinced
gphone,iphone
tweeite,tweetie
litterll,littrell
tecnology,technology
listerning,listening
organised,organized
mintue,minute
supergluded,superglued
jialbroken,jailbroken
nedxt,next
thanxs,thanks
weekendo,weekend
accoreding,according
vert,very
taked,naked
etsy,easy
dpends,depends
clinincs,clinics
messasging,messaging
talkingg,talking
siad,said
ichanged,changed
chili,chilli
layed,played
invires,invites
selebes,celebes
jakrta,jakarta
hine,nine
anyoen,anyone
symptonms,symptoms
aumented,augmented
figurd,figured
iphonez,iphone
waku,wake
victimcs,victims
phonography,photography
talkiing,talking
thenn,then
playinh,playing
ttrying,trying
givien,given
follw,follow
trynin,tryin
mgiht,might
seaonal,seasonal
hurtn,hurts
charer,charger
bsuiness,business
monoploy,monopoly
hopig,hoping
magnitiude,magnitude
orginal,original
plaayed,played
thiz,this
aout,about
extry,extra
ablle,able
wanta,wanna
commin,comin
newss,news
suped,super
freind,friend
googler,google
enspired,inspired
lookingn,looking
finelly,finally
tranding,trending
twitterz,twitter
allience,alliance
sreading,spreading
birthay,birthday
strugling,struggling
reaader,reader
zeland,zealand
intrest,interest
juss,just
foing,going
hugh,huge
fightinhg,fighting
hoem,home
seear,swear
featue,feature
updaters,updates
glas,glass
ghots,shots
sympoms,symptoms
motorolla,motorola
fukkin,fuckin
nile,nine
phusical,physical
vaccined,vaccines
chilin,chillin
postive,positive
pistures,pictures
accidentaly,accidentally
onlt,only
whenn,when
combi,combo
takd,take
boreanz,boreanaz
conctract,contract
rweally,really
resperatory,respiratory
signu,sign
vite,vote
nmeed,need
mids,kids
sitiing,sitting
nerds,needs
meany,many
transelate,translate
obssesed,obsessed
shoulg,should
plat,play
bacc,back
excpt,except
somebdy,somebody
advetising,advertising
jailbareak,jailbreak
etting,setting
indie,india
ihope,hope
taalked,talked
lookn,look
carring,carrying
donkt,dont
unlook,unlock
photochop,photoshop
kant,want
portble,portable
spart,part
ninitendo,nintendo
bery,berry
headace,headache
resataurant,restaurant
thaink,think
pepole,people
odea,idea
appz,apps
sumer,summer
yestserday,yesterday
doodler,doodle
definitelly,definitely
favouriye,favourite
raymain,rayman
playinng,playing
pwners,owners
thinkr,think
amasing,amazing
postoned,postponed
offcers,officers
kicced,kicked
epidmic,epidemic
trrrible,terrible
tweetong,tweeting
ialarm,alarm
cuse,cause
applicaiton,application
replecement,replacement
vacinated,vaccinated
syptom,symptom
brocken,broken
sundtrack,soundtrack
recaptacha,recaptcha
anwesome,awesome
embeed,embed
hane,have
thaqt,that
tweting,tweeting
libary,library
iforgot,forgot
checkd,check
feelins,feeling
therma,thera
simliar,similar
forgrt,forget
leta,lets
reeder,reader
fune,fine
woud,would
alott,alot
meanss,means
ceace,cease
suks,sucks
stll,still
inpsired,inspired
durinf,during
tryign,trying
dhey,they
clikc,click
succombed,succumbed
anybodyy,anybody
reially,really
twought,thought
botton,button
everythig,everything
shite,white
masrilyn,marilyn
eith,with
oficially,officially
luke,like
bussy,busy
onlu,only
epedemic,epidemic
dswine,swine
wann,want
apears,appears
invitem,invite
swiched,switched
strucks,struck
havingh,having
vwallpaper,wallpaper
devlopment,development
gpush,push
chromse,chrome
qood,good
worrld,world
beginings,beginnings
gistory,history
shitz,shit
reseult,result
loiok,look
shoty,shot
botu,bout
dave,wave
pibg,ping
lazzy,lazy
excitied,excited
bookr,book
diagnoset,diagnosed
echfon,echofon
ninteno,nintendo
chager,changer
litte,little
grug,drug
aroune,around
waant,want
swaine,swine
anyoone,anyone
organises,organizes
dissing,missing
handss,hands
litle,little
tweetmeant,tweetment
prventative,preventative
witd,with
alrady,already
thrm,them
prono,promo
fwel,feel
kate,hate
celly,cell
lsten,listen
fraid,afraid
ahaha,haha
launcht,launch
ment,went
nivites,invites
purchaces,purchases
earthqyake,earthquake
dident,didnt
spreadint,spreading
fitst,first
iight,fight
sucksd,sucks
sprot,sport
unvite,invite
kare,care
stomuch,stomach
notifer,notifier
preperation,preparation
ymail,email
boling,bowling
lovly,lovely
goovle,google
thise,those
stomah,stomach
invitiation,invitation
couse,cause
nubmer,number
takinng,taking
thhs,this
swop,swap
thys,this
realy,really
coupla,couple
cominq,coming
avnt,aint
alook,look
photoshp,photoshop
listneing,listening
iphoner,iphone
paperr,paper
mucg,much
mandotory,mandatory
aupports,supports
meke,make
playong,playing
woks,works
bews,news
exhofon,echofon
whike,while
nigth,night
youh,your
sceen,screen
workign,working
possile,possible
amerian,american
wnats,wants
jailborken,jailbroken
iwill,will
watiching,watching
inocuations,inoculations
ochochinco,ochocinco
saudia,saudi
teeting,tweeting
trthering,tethering
starthing,starting
bfore,before
ffixed,fixed
borther,brother
greek,green
projekt,project
bezt,best
fwpwebhost,wpwebhost
kins,kinds
drilll,drill
transmiter,transmitter
iplayer,player
santitizer,sanitizer
protecter,protector
avaiable,available
gettimg,getting
dwonloaded,downloaded
dave,have
rigntones,ringtones
sendd,send
htis,this
thingi,thing
suppoed,supposed
pwanage,pwnage
daignosed,diagnosed
neededc,needed
whille,while
barnd,brand
wrst,worst
ddnt,didnt
declars,declares
lattitude,latitude
doming,coming
wooried,worried
vist,visit
thow,show
mexicab,mexican
justv,just
kate,late
hasing,having
mifi,wifi
wach,watch
picss,pics
durring,during
uptate,update
paly,play
beforee,before
tremours,tremors
voive,voice
oppsoed,opposed
ofter,after
whilw,while
wnidows,windows
mariyln,marilyn
dosent,doesnt
caze,case
seach,search
coures,course
owrking,working
explaned,explained
virtural,virtual
seaseon,season
nuncuck,nunchuck
evrrything,everything
tink,link
gilr,girl
witrhout,without
wiew,view
christmass,christmas
survice,service
educaitonal,educational
gading,gaming
carefull,careful
tweetue,tweetie
plist,list
suprised,surprised
zillion,million
llke,like
ulimatum,ultimatum
hardd,hard
synd,send
lkike,like
tuturial,tutorial
migfht,might
sporta,sports
avaialable,available
creati,create
sufering,suffering
netwroking,networking
treo,trey
twtter,twitter
happent,happen
bumch,bunch
unloack,unlock
chickn,chicken
doesn,does
hoper,hope
outreaks,outbreaks
precvent,prevent
kknew,knew
envention,invention
reallyy,really
ivitations,invitations
figuerd,figured
thankd,thanks
optimiser,optimizer
reaally,really
heto,hero
wennt,went
peoplr,people
epidsemic,epidemic
tams,dams
everyonee,everyone
accouunt,account
preyers,prayers
aford,afford
experia,xperia
bling,bing
enigne,engine
imortant,important
carres,cares
siick,sick
apicture,picture
lang,land
kante,kanye
anyine,anyone
analyics,analytics
zillions,millions
astep,step
tels,tell
lepoard,leopard
presenation,presentation
pivtures,pictures
thems,themes
kust,just
invities,invites
smaill,small
happns,happens
conerned,concerned
throught,thought
fixex,fixed
builing,building
lang,long
killling,killing
desiging,designing
hatin,havin
thyng,thing
viedo,video
youtbe,youtube
wokr,work
myst,mist
evre,ever
psunami,tsunami
afer,after
makea,make
heardly,hardly
turs,turns
makn,make
conincide,coincide
aniiversary,anniversary
fuckiing,fucking
inti,into
wheather,weather
quailty,quality
buttom,button
explan,explain
nember,number
samon,samoan
bandn,band
coolestz,coolest
updload,upload
iphoe,iphone
geek,week
biyfriend,boyfriend
obessed,obsessed
greaty,great
chech,check
sicks,sucks
ythat,that
clniics,clinics
nintendow,nintendo
thoese,those
twitterifuc,twitterific
mroning,morning
phoone,phone
ussues,issues
ibook,book
whtever,whatever
catched,watched
marrio,mario
copuld,could
otimizer,optimizer
goinn,going
hould,could
stats,starts
tryinh,trying
blakk,black
meantion,mention
simptom,symptom
messanging,messaging
afeected,affected
lttle,little
deside,decide
vogage,vonage
seak,speak
guardasil,gardasil
ealier,earlier
plsying,playing
screenshopt,screenshot
oogle,google
twitteriric,twitterific
infectede,infected
refular,regular
alow,allow
inviation,invitation
getn,gets
peparing,preparing
acocunt,account
shotd,shots
faught,caught
aobut,about
hurty,hurts
whnt,what
fuckinq,fucking
woulb,would
wsnt,want
develeper,developer
pnumonia,pneumonia
damb,damn
availalble,available
receieved,received
dieds,died
possiblr,possible
synces,syncs
makn,makin
optimzer,optimizer
unluck,unlock
gsync,sync
thewre,there
malled,mauled
juast,just
spose,spoke
mintendo,nintendo
leavez,leaves
vimeo,video
jsut,just
dooesnt,doesnt
withi,with
jard,hard
disgnosed,diagnosed
treatn,treat
reqular,regular
arround,around
wurk,work
misss,miss
didny,didnt
madd,made
barly,barely
statt,stats
favoirte,favorite
shrtage,shortage
buld,build
worky,work
couldent,couldnt
hedghog,hedgehog
seoing,seeing
moore,more
awhole,whole
wouldnt,couldnt
woulsd,would
whatching,watching
remore,remote
lond,long
wobbble,wobble
notiiced,noticed
somethig,something
teck,tech
theru,there
jailbraek,jailbreak
devided,decided
evernyone,everyone
riting,writing
lara,lala
smeone,someone
incease,increase
sson,soon
cetch,catch
htink,think
donwload,download
wowuld,would
reprts,reports
applicaitons,applications
vidoe,video
baloon,balloon
nickk,nick
yhoo,yahoo
wate,wave
aslo,also
eople,people
baught,bought
givaway,giveaway
bowking,bowling
invate,invite
flicky,flickr
thibg,thing
donr,done
waev,wave
rongtone,ringtone
startd,start
caant,cant
godd,good
intereseted,interested
knoww,know
boogle,google
reasd,read
looong,loooong
homwe,home
ssid,said
tottally,totally
feening,feeling
ananlytics,analytics
james,games
ttried,tried
paitents,patients
secound,second
trendig,trending
ownz,owns
liitle,little
conjuction,conjunction
iphoney,iphone
anoying,annoying
blod,blog
finaly,finally
aftet,after
cheick,check
theu,they
interent,internet
liove,love
undewr,under
sooo,soon
jlove,love
doqn,down
frunt,front
tunami,tsunami
loogle,google
availlable,available
fanily,family
chaned,changed
nobel,noble
inviations,invitations
sellnig,selling
developp,develop
sysytem,system
wallppers,wallpapers
coulda,could
stoled,stole
faceook,facebook
increaes,increase
shite,site
desse,desde
updatinq,updating
thera,there
likea,like
switchn,switch
prety,pretty
swinr,swine
channal,channel
caccination,vaccination
spaish,spanish
yuck,suck
eonline,online
messsage,message
fnding,finding
brinn,brin
fodd,food
samos,samoa
apologises,apologies
queastion,question
bren,been
bettar,better
jusz,just
trackera,tracker
werk,work
experince,experience
wafe,wave
hyprocrite,hypocrite
cont,dont
happyy,happy
asume,assume
oarange,orange
thik,think
mororola,motorola
evindence,evidence
wwith,with
avoud,avoid
guiode,guide
victums,victims
reate,create
virsus,virus
prettty,pretty
invis,invit
preapred,prepared
tsnami,tsunami
watever,whatever
xtra,extra
calld,call
knkw,know
spprts,sports
horrable,horrible
mesage,message
sayy,says
barak,barack
teathering,tethering
wity,with
loking,looking
goshh,gosh
werking,working
withing,within
wnen,when
ebst,best
cron,crown
availablr,available
maaps,maps
jusst,just
nighmare,nightmare
twan,than
abiut,about
iinto,into
nornal,normal
chck,check
fiind,find
attemt,attempt
startign,starting
listenting,listening
shxt,shot
regualar,regular
dosnt,doesnt
explaination,explanation
thansk,thanks
seaoson,season
soem,some
morrning,morning
cancle,cancel
beeing,being
doubht,doubt
tierd,tired
cahnge,change
notus,notes
hahha,haha
pple,apple
vaunatu,vanuatu
apis,apps
dreakm,dream
gvae,gave
jailbrokn,jailbroken
soory,sorry
whick,which
googe,google
decited,decided
nedd,need
tosay,today
dcctors,doctors
prqy,pray
afganistan,afghanistan
reslease,release
pilling,filling
siwne,swine
weeeks,weeks
pges,pages
launces,launches
inatead,instead
joing,join
pictue,picture
carr,cart
frined,friend
gtalk,talk
postitive,positive
analyitics,analytics
christmis,christmas
dictor,doctor
killinq,killing
adquisitions,acquisitions
upadating,updating
talkk,talk
sittng,sitting
sittig,sitting
clevland,cleveland
paps,apps
debatinn,debating
alowed,allowed
filp,flip
rockss,rocks
kittle,little
thhank,thank
searchd,search
logo,lego
ahve,have
explian,explain
teamd,teams
bork,work
workig,working
strom,storm
improvments,improvements
tryng,trying
guees,guess
wole,whole
exploder,explorer
deparment,department
sidwiki,sidewiki
adition,addition
hearding,hearing
switter,twitter
wrth,with
wasy,ways
olso,also
seaaon,season
alink,link
wwhen,when
havey,have
tyhphoon,typhoon
enalbe,enable
xclusive,exclusive
atempt,attempt
hayt,halt
migt,might
linne,line
todday,today
remmber,remember
cses,cases
pagers,pages
gooogle,google
gwtting,getting
someoen,someone
photshop,photoshop
funnuest,funniest
unlcoked,unlocked
gettn,gettin
apporoved,approved
parntership,partnership
relased,released
llatest,latest
earyl,early
japenese,japanese
wonna,wanna
sinc,sync
weeekend,weekend
majoirty,majority
responisble,responsible
bing,king
krib,crib
photog,photos
sould,would
lant,cant
vifeo,video
questoin,question
plaese,please
lookind,looking
iportant,important
slwine,swine
favortie,favorite
avaialble,available
gspot,spot
developper,developer
weet,week
manga,mania
namerica,america
explaing,explain
relly,really
diangosed,diagnosed
sreet,street
hgappens,happens
diss,miss
andrioid,android
vaccinatons,vaccinations
levison,levinson
alterenative,alternative
testung,testing
searchingg,searching
sendy,send
recoverying,recovering
goijng,going
somet,some
caought,caught
glist,list
pake,take
walkd,walked
taike,take
layin,playin
lplay,play
definitly,definitely
faebook,facebook
telln,tells
wheny,when
tuped,typed
saidd,said
bumber,number
aboyt,about
uping,using
iberlin,berlin
livv,live
ebery,every
teitter,twitter
sketcuup,sketchup
carier,carrier
zend,send
icant,cant
augmentd,augmented
translete,translate
usimg,using
enybody,anybody
naon,nano
cald,call
givz,give
whatz,what
nneed,need
jaillbroken,jailbroken
adsende,adsense
womnder,wonder
sidewike,sidewiki
projcector,projector
theyre,there
jackon,jackson
gmails,emails
doodler,doodles
studing,studying
jailboken,jailbroken
predicitve,predictive
nintentdo,nintendo
exchnage,exchange
magnitute,magnitude
clasz,class
getying,getting
thati,that
hola,hold
appystore,appstore
enouqh,enough
mihgt,might
latitiude,latitude
gottn,gotten
tweeti,tweet
swtiched,switched
turm,turn
theze,these
vaccinez,vaccine
hospitalised,hospitalized
calcultor,calculator
chaneged,changed
righty,right
instaled,installed
wher,when
jersy,jersey
lonq,long
hella,hello
sould,sold
finda,find
decloared,declared
coolsest,coolest
soore,sore
subsidesu,subsides
addiccted,addicted
foound,found
seriosly,seriously
moviee,movie
sonn,soon
whish,which
pretect,protect
lite,live
newu,news
piint,point
simptoms,symptoms
mountian,mountain
shouldv,should
anothr,another
servived,survived
iwanna,wanna
learing,learning
goigle,google
thunking,thinking
thougth,thought
avery,very
llok,look
soninc,sonic
wining,winning
comp,come
freakn,freaks
twitear,twittear
zish,wish
knnow,know
beacuse,because
anouther,another
notifcation,notification
hipe,hope
boyf,boys
txts,texts
angainst,against
brower,browser
proboably,probably
tought,thought
aqree,agree
tmorrow,tomorrow
gmsil,gmail
knoo,know
getta,gotta
sergej,sergey
fuckk,fuck
traslate,translate
ammount,amount
xing,ping
ilife,life
idropped,dropped
elemantary,elementary
citay,city
whle,whole
condolances,condolences
walfram,wolfram
offereing,offering
trendinq,trending
somethign,something
fukc,fuck
useing,using
postion,position
sportz,sports
rmaps,maps
likt,like
pala,para
compaired,compared
reciver,recover
losser,loser
komes,comes
familiy,family
dowh,down
gracesm,graces
ideia,idea
twitering,twittering
loks,looks
hoep,hope
weired,weird
workn,work
swife,swine
sigend,signed
eother,other
rubert,rupert
derive,drive
wabt,want
addeed,added
applciation,application
cheapz,cheap
earhquake,earthquake
remine,remind
wiull,will
elae,else
vanna,wanna
doslreports,dslreports
gotts,gots
upgraged,upgraded
netwoorking,networking
jaibreak,jailbreak
blackerry,blackberry
thibk,think
battary,battery
queston,question
interract,interact
forcez,forces
infrmed,informed
didint,didnt
accouns,account
indonessia,indonesia
whill,will
diend,died
centered,entered
smaking,making
rjust,just
preping,prepping
xome,come
stady,stay
meda,media
wherr,where
comand,command
tiday,today
neveer,never
lister,listed
affraid,afraid
aquire,acquire
preson,person
patiencly,patiently
vaccnation,vaccination
cing,ping
fock,fuck
bpought,bought
wokee,woke
pind,ping
agreee,agree
wahtever,whatever
yhink,think
studyy,study
driend,friend
fackbook,facebook
avin,havin
cond,cold
fuckinh,fucking
gettitng,getting
jailreak,jailbreak
milion,million
wikth,with
refue,refuse
roasd,road
photog,photo
solor,solar
fresers,freshers
stats,state
sounz,sound
lisitening,listening
adworks,adwords
useflu,useful
intvite,invite
folowing,following
downkoad,download
maxes,makes
reasn,reason
tatsunoku,tatsunoko
stread,spread
buyng,buying
sqaure,square
instill,install
batroom,bathroom
publik,public
lasu,last
sleeep,sleep
octover,october
absolutly,absolutely
googlr,google
sellling,selling
srory,story
withb,with
breat,beat
dryll,drill
facebbok,facebook
playign,playing
feelng,feeling
invote,invite
enen,even
alreayd,already
musica,music
gies,goes
guesss,guess
reportng,reporting
thiss,this
hecc,heck
pupular,popular
normail,normal
thinkg,think
unlockedb,unlocked
cauvght,caught
resuts,results
chwecked,checked
consule,console
wizh,wish
survivd,survived
fong,long
kidz,kids
killled,killed
fromt,from
messeaging,messaging
relased,related
thught,thought
vidjeos,videos
idead,idea
forst,first
gettihg,getting
thay,that
annoucement,announcement
acount,account
appologize,apologize
midle,middle
theral,thera
fuxking,fucking
victems,victims
ijust,just
reomved,removed
ahome,home
checing,checking
oranage,orange
bing,ping
mapes,maps
btetter,better
usinng,using
jphone,iphone
contry,country
whee,when
oline,line
durng,during
hink,think
whar,what
idrop,drop
lottle,little
wrold,world
addictied,addicted
seasme,sesame
fesktop,desktop
sars,wars
hotoshop,photoshop
acessories,accessories
peoplw,people
indstry,industry
conect,connect
wantt,want
favorute,favorite
pisssing,pissing
coreect,correct
abouyt,about
shuld,should
dreded,dreaded
nothinq,nothing
straon,strain
familu,family
qive,give
plyin,playin
sidewikki,sidewiki
falking,talking
happenedd,happened
imges,images
appreciatet,appreciated
blackblerry,blackberry
praay,pray
bord,bored
thjis,this
annouce,announce
spirts,sports
hiphone,iphone
relaized,realized
swinne,swine
sasonal,seasonal
copd,cold
maye,maybe
borad,bored
althought,although
rome,some
autorities,authorities
huse,house
sbould,should
helo,help
kart,part
pgae,page
tiem,time
nextg,next
allmost,almost
isntead,instead
wordpresss,wordpress
feedz,feeds
moviez,movie
crhome,chrome
jake,joke
jaoan,japan
playinq,playin
bettter,better
musti,must
fromi,from
updgrade,upgrade
officilly,officially
fcebook,facebook
mddle,middle
aything,anything
feell,feel
wanne,wanna
schmit,schmidt
egift,gift
simiar,similar
supposd,supposed
messig,messing
realt,real
hella,hell
knmow,know
pplaying,playing
trafific,traffic
hsnd,hand
wittering,twittering
expain,explain
tweetdecl,tweetdeck
swinfe,swine
thinng,thing
fuccing,fucking
schillr,schiller
twittear,twitter
secong,second
sikewiki,sidewiki
miphone,iphone
bacjground,background
alrets,alerts
hhave,have
availible,available
downloded,downloaded
compred,compared
hring,hiring
versiion,version
firgure,figure
wach,wash
aplications,applications
bever,never
sholuld,should
intitation,invitation
yoqa,yoga
workds,works
clcik,click
broght,brought
lisiting,listing
noop,loop
tryying,trying
amother,another
gbike,bike
ihate,hate
becaue,because
compites,competes
ialways,always
businness,business
bama,obama
decktop,desktop
sorta,sort
kindz,kinds
unloced,unlocked
possibilty,possibility
bakc,back
housewifes,housewives
optimzed,optimized
appy,happy
pnly,only
mano,many
jailbeak,jailbreak
launchd,launched
breand,brand
tryina,tryna
mapas,maps
ipphone,iphone
kant,cant
glimpes,glimpse
sswine,swine
adoby,adobe
anyonw,anyone
swaggg,swagg
milo,mild
irock,rock
parrt,part
hopr,hope
addictd,addicted
wantz,want
gettina,getting
updatig,updating
parang,padang
keybaord,keyboard
thnaks,thanks
wellcome,welcome
eastest,easiest
neeeed,needed
tride,tried
vcant,cant
muchh,much
extention,extension
strret,street
gamez,game
logon,logo
intigrate,integrate
waitz,wait
juica,juice
sence,since
workd,work
susected,suspected
thar,that
interestng,interesting
prblems,problems
treament,treatment
adress,address
takn,take
nexto,next
weally,really
invitaton,invitation
recommand,recommend
unno,dunno
wihout,without
addedd,added
bouht,bought
qonna,gonna
hore,hope
hucked,hacked
thare,there
craz,crap
tyeped,typed
googel,google
magnitdue,magnitude
iphones,phones
offically,officially
invitatiion,invitation
toube,tube
unocked,unlocked
bettet,better
accout,account
samoo,samoa
spech,speech
elus,telus
mounths,months
ning,ping
frpom,from
songz,songs
getten,gettin
exposded,exposed
explorring,exploring
sunami,tsunami
intergrate,integrate
gith,with
tsuanmi,tsunami
updataing,updating
bouh,bout
sixk,sick
appoinment,appointment
personalise,personalize
chrone,chrome
updatewd,updated
builidng,building
wwant,want
updatred,updated
pishing,pissing
diwnload,download
addiciton,addiction
clnic,clinic
cracced,cracked
deceided,decided
stomack,stomach
ffice,office
worstt,worst
bougt,bought
tsuami,tsunami
shotz,shot
aiport,airport
muic,music
ckant,cant
dowloaded,downloaded
deciided,decided
everyting,everything
weae,wear
adaptor,adapter
alerady,already
expercience,experience
relese,release
computar,computer
somebidy,somebody
uers,users
anyhone,anyone
havingg,having
needet,needed
platforn,platform
adticle,article
possibel,possible
kard,card
whitch,which
peopel,people
augmentet,augmented
snyc,sync
hoope,hope
coatch,coach
reaosn,reason
tryinq,trying
comr,come
steet,street
seent,sent
hava,have
thatz,thats
whwn,when
mits,hits
goinfg,going
shott,shot
prevntion,prevention
cantt,cant
avaliable,available
heatlh,health
adroid,android
mana,many
dwonload,download
tallking,talking
fuckimg,fucking
analitics,analytics
definetely,definitely
gettign,getting
whth,with
twitteri,twitter
offcially,officially
advoid,avoid
inivite,invite
alunch,launch
comning,coming
bart,part
maxing,making
nect,next
gamers,games
throad,throat
truning,turning
dwnloading,downloading
schhool,school
palying,paying
conjuntion,conjunction
todsay,today
sont,dont
mony,money
veryone,everyone
tweats,tweets
conbination,combination
futre,future
couplw,couple
tweetddeck,tweetdeck
festval,festival
sayimg,saying
actinq,acting
doesent,doesnt
swgg,swag
becasue,because
tratment,treatment
newnewswire,netnewswire
neice,niece
changend,changed
moring,morning
whas,whats
rathen,rather
scren,screen
adwards,adwords
izza,pizza
jbroke,broke
tese,these
anit,aint
preety,pretty
incitation,invitation
serches,searches
playoing,playing
twitterrffic,twitterrific
proft,profit
finshed,finished
uselss,useless
stor,star
magintude,magnitude
firend,friend
beardman,beardyman
mkae,make
realeased,released
diffrence,difference
oder,over
govenrment,government
annivesary,anniversary
wich,wish
wats,whats
veted,voted
briano,brian
swwine,swine
aplle,apple
frend,friend
dropd,drop
lyke,like
altas,atlas
gret,great
espresson,espresso
thaknk,thank
simpletweet,simplytweet
acccess,access
lego,logo
aroung,around
wantr,want
quik,quick
avaidable,available
swtch,switch
foos,food
feelinq,feeling
flook,floor
luanch,launch
ustream,stream
upfates,updates
picu,pics
abotu,about
funally,finally
isoftware,software
trabsfer,transfer
popolar,popular
swiney,swine
thingo,thing
lyfe,life
betwwen,between
diidnt,didnt
